"HAB";"TYPO";"CD_LB";"CD";"LB";"NIVEAU"
"79";"7";"A Habitats marins";"A";"Habitats marins";"1"
"579";"7";"A1 Roche et autres substrats durs intertidaux";"A1";"Roche et autres substrats durs intertidaux";"2"
"1591";"7";"A1.1 Roche intertidale sous fort hydrodynamisme";"A1.1";"Roche intertidale sous fort hydrodynamisme";"3"
"4664";"7";"A1.11 Biocénoses à moules et/ou à balanes";"A1.11";"Biocénoses à moules et/ou à balanes";"4"
"10326";"7";"A1.111 Mytilus edulis et balanes sur roche médiolittorale très exposée";"A1.111";"Mytilus edulis et balanes sur roche médiolittorale très exposée";"5"
"10327";"7";"A1.112 Chthamalus spp. sur roche exposée du médiolittoral supérieur";"A1.112";"Chthamalus spp. sur roche exposée du médiolittoral supérieur";"5"
"17356";"7";"A1.1121 Chthamalus montagui et Chthamalus stellatus sur roche exposée du médiolittoral supérieur";"A1.1121";"Chthamalus montagui et Chthamalus stellatus sur roche exposée du médiolittoral supérieur";"6"
"17357";"7";"A1.1122 Chthamalus spp. et Lichina pygmaea sur roche escarpée et exposée du médiolittoral supérieur";"A1.1122";"Chthamalus spp. et Lichina pygmaea sur roche escarpée et exposée du médiolittoral supérieur";"6"
"10328";"7";"A1.113 Semibalanus balanoides sur roche exposée à modérément exposée ou sur paroi rocheuse verticale abritée médiolittorale";"A1.113";"Semibalanus balanoides sur roche exposée à modérément exposée ou sur paroi rocheuse verticale abritée médiolittorale";"5"
"17358";"7";"A1.1131 Semibalanus balanoides, Patella vulgata et Littorina spp. sur roche exposée à modérément exposée ou sur paroi rocheuse verticale abritée médiolittorale";"A1.1131";"Semibalanus balanoides, Patella vulgata et Littorina spp. sur roche exposée à modérément exposée ou sur paroi rocheuse verticale abritée médiolittorale";"6"
"17359";"7";"A1.1132 Semibalanus balanoides, Fucus vesiculosus et algues rouges sur roche médiolittorale exposée à modérément exposée";"A1.1132";"Semibalanus balanoides, Fucus vesiculosus et algues rouges sur roche médiolittorale exposée à modérément exposée";"6"
"17360";"7";"A1.1133 Semibalanus balanoides et Littorina spp. sur blocs et galets médiolittoraux exposés à modérément exposés";"A1.1133";"Semibalanus balanoides et Littorina spp. sur blocs et galets médiolittoraux exposés à modérément exposés";"6"
"4665";"7";"A1.12 Biocénoses à fucales et/ou à algues rouges résistantes";"A1.12";"Biocénoses à fucales et/ou à algues rouges résistantes";"4"
"10324";"7";"A1.121 Fucus distichus et Fucus spiralis sur roche extrêmement exposée du médiolittoral supérieur";"A1.121";"Fucus distichus et Fucus spiralis sur roche extrêmement exposée du médiolittoral supérieur";"5"
"10325";"7";"A1.122 Corallina officinalis sur roche exposée à modérément exposée du médiolittoral inférieur";"A1.122";"Corallina officinalis sur roche exposée à modérément exposée du médiolittoral inférieur";"5"
"17354";"7";"A1.1221 Corallina officinalis et Mastocarpus stellatus sur roche exposée à modérément exposée du médiolittoral inférieur";"A1.1221";"Corallina officinalis et Mastocarpus stellatus sur roche exposée à modérément exposée du médiolittoral inférieur";"6"
"17355";"7";"A1.1222 Corallina officinalis, Himanthalia elongata et Patella ulyssiponensis sur roche très exposée du médiolittoral inférieur";"A1.1222";"Corallina officinalis, Himanthalia elongata et Patella ulyssiponensis sur roche très exposée du médiolittoral inférieur";"6"
"10336";"7";"A1.123 Himanthalia elongata et algues rouges sur roche exposée du médiolittoral inférieur";"A1.123";"Himanthalia elongata et algues rouges sur roche exposée du médiolittoral inférieur";"5"
"10337";"7";"A1.124 Palmaria palmata sur roche modérément à très exposée du médiolittoral inférieur";"A1.124";"Palmaria palmata sur roche modérément à très exposée du médiolittoral inférieur";"5"
"10338";"7";"A1.125 Mastocarpus stellatus et Chondrus crispus sur roche modérément à très exposée du médiolittoral inférieur";"A1.125";"Mastocarpus stellatus et Chondrus crispus sur roche modérément à très exposée du médiolittoral inférieur";"5"
"10339";"7";"A1.126 Osmundea pinnatifida sur roche modérément exposée du médiolittoral moyen";"A1.126";"Osmundea pinnatifida sur roche modérément exposée du médiolittoral moyen";"5"
"10340";"7";"A1.127 Ceramium sp. et pholades sur tourbe médiolittorale fossilisée";"A1.127";"Ceramium sp. et pholades sur tourbe médiolittorale fossilisée";"5"
"4667";"7";"A1.13 Biocénoses de la roche médiolittorale supérieure de Méditerranée et de la mer Noire";"A1.13";"Biocénoses de la roche médiolittorale supérieure de Méditerranée et de la mer Noire";"4"
"10341";"7";"A1.131 Association à Bangia atropurpurea";"A1.131";"Association à Bangia atropurpurea";"5"
"10342";"7";"A1.132 Association à Pyropia leucosticta (anciennement Porphyra leucosticta)";"A1.132";"Association à Pyropia leucosticta (anciennement Porphyra leucosticta)";"5"
"10343";"7";"A1.133 Association à Nemalion helminthoides et Rissoella verruculosa";"A1.133";"Association à Nemalion helminthoides et Rissoella verruculosa";"5"
"10344";"7";"A1.134 Association à Lithophyllum papillosum et Polysiphonia spp.";"A1.134";"Association à Lithophyllum papillosum et Polysiphonia spp.";"5"
"4668";"7";"A1.14 Biocénoses de la roche médiolittorale inférieure très exposée à l'action des vagues de Méditerranée et de la mer Noire";"A1.14";"Biocénoses de la roche médiolittorale inférieure très exposée à l'action des vagues de Méditerranée et de la mer Noire";"4"
"10345";"7";"A1.141 Association à Lithophyllum byssoides";"A1.141";"Association à Lithophyllum byssoides";"5"
"10349";"7";"A1.145 Faciès à Mytilus galloprovincialis en présence d'eaux modérément polluées";"A1.145";"Faciès à Mytilus galloprovincialis en présence d'eaux modérément polluées";"5"
"4669";"7";"A1.15 Fucales soumises aux courants de marée";"A1.15";"Fucales soumises aux courants de marée";"4"
"10350";"7";"A1.151 Ascophyllum nodosum, éponges et ascidies sur roche du médiolittoral moyen soumise aux courants de marée";"A1.151";"Ascophyllum nodosum, éponges et ascidies sur roche du médiolittoral moyen soumise aux courants de marée";"5"
"10351";"7";"A1.152 Fucus serratus, éponges et ascidies sur roche soumise aux courants de marée du médiolittoral inférieur";"A1.152";"Fucus serratus, éponges et ascidies sur roche soumise aux courants de marée du médiolittoral inférieur";"5"
"10329";"7";"A1.153 Fucus serratus avec éponges, ascidies et algues rouges sur substrat hétérogène du médiolittoral inférieur soumis aux courants de marée";"A1.153";"Fucus serratus avec éponges, ascidies et algues rouges sur substrat hétérogène du médiolittoral inférieur soumis aux courants de marée";"5"
"1592";"7";"A1.2 Roche intertidale sous hydrodynamisme modéré";"A1.2";"Roche intertidale sous hydrodynamisme modéré";"3"
"4672";"7";"A1.21 Balanes et fucales sur rivages modérément exposés";"A1.21";"Balanes et fucales sur rivages modérément exposés";"4"
"10358";"7";"A1.211 Pelvetia canaliculata et balanes sur roche modérément exposée de la frange littorale";"A1.211";"Pelvetia canaliculata et balanes sur roche modérément exposée de la frange littorale";"5"
"10359";"7";"A1.212 Fucus spiralis sur roche du médiolittoral supérieur exposée à modérément exposée en milieu marin";"A1.212";"Fucus spiralis sur roche du médiolittoral supérieur exposée à modérément exposée en milieu marin";"5"
"10360";"7";"A1.213 Mosaïque de Fucus vesiculosus et de balanes sur roche du médiolittoral moyen modérément exposée";"A1.213";"Mosaïque de Fucus vesiculosus et de balanes sur roche du médiolittoral moyen modérément exposée";"5"
"10361";"7";"A1.214 Fucus serratus sur roche du médiolittoral inférieur modérément exposée";"A1.214";"Fucus serratus sur roche du médiolittoral inférieur modérément exposée";"5"
"17361";"7";"A1.2141 Fucus serratus et algues rouges sur roche du médiolittoral inférieur modérément exposée";"A1.2141";"Fucus serratus et algues rouges sur roche du médiolittoral inférieur modérément exposée";"6"
"17362";"7";"A1.2142 Fucus serratus et faune sous blocs du médiolittoral inférieur exposés à modérément exposés";"A1.2142";"Fucus serratus et faune sous blocs du médiolittoral inférieur exposés à modérément exposés";"6"
"17363";"7";"A1.2143 Fucus serratus et pholades sur roche tendre du médiolittoral inférieur";"A1.2143";"Fucus serratus et pholades sur roche tendre du médiolittoral inférieur";"6"
"10362";"7";"A1.215 Rhodothamniella floridula sur roche du médiolittoral inférieur abrasée par le sable";"A1.215";"Rhodothamniella floridula sur roche du médiolittoral inférieur abrasée par le sable";"5"
"4670";"7";"A1.22 Moules et fucales sur rivages modérément exposés";"A1.22";"Moules et fucales sur rivages modérément exposés";"4"
"10352";"7";"A1.221 Mytilus edulis et Fucus vesiculosus sur roche du médiolittoral moyen modérément exposée";"A1.221";"Mytilus edulis et Fucus vesiculosus sur roche du médiolittoral moyen modérément exposée";"5"
"10353";"7";"A1.222 Mytilus edulis, Fucus serratus et algues rouges sur roche du médiolittoral inférieur modérément exposée";"A1.222";"Mytilus edulis, Fucus serratus et algues rouges sur roche du médiolittoral inférieur modérément exposée";"5"
"10354";"7";"A1.223 Mytilus edulis et pholades sur argile consolidée du médiolittoral";"A1.223";"Mytilus edulis et pholades sur argile consolidée du médiolittoral";"5"
"4671";"7";"A1.23 Biocénoses de la roche médiolittorale inférieure exposée à l'action des vagues de Méditerranée et de la mer Noire";"A1.23";"Biocénoses de la roche médiolittorale inférieure exposée à l'action des vagues de Méditerranée et de la mer Noire";"4"
"10355";"7";"A1.231 Association à Ceramium ciliatum et Corallina elongata";"A1.231";"Association à Ceramium ciliatum et Corallina elongata";"5"
"10356";"7";"A1.232 Concrétion de Neogoniolithon brassica-florida";"A1.232";"Concrétion de Neogoniolithon brassica-florida";"5"
"10357";"7";"A1.233 Association à Gelidium spp";"A1.233";"Association à Gelidium spp";"5"
"1593";"7";"A1.3 Roche intertidale sous faible hydrodynamisme";"A1.3";"Roche intertidale sous faible hydrodynamisme";"3"
"4674";"7";"A1.31 Fucales sur rivages marins abrités";"A1.31";"Fucales sur rivages marins abrités";"4"
"10367";"7";"A1.311 Pelvetia canaliculata sur roche abritée de la frange littorale";"A1.311";"Pelvetia canaliculata sur roche abritée de la frange littorale";"5"
"10368";"7";"A1.312 Fucus spiralis sur roche abritée du médiolittoral supérieur";"A1.312";"Fucus spiralis sur roche abritée du médiolittoral supérieur";"5"
"17365";"7";"A1.3121 Fucus spiralis sur roche abritée du médiolittoral supérieur en milieu marin";"A1.3121";"Fucus spiralis sur roche abritée du médiolittoral supérieur en milieu marin";"6"
"17366";"7";"A1.3122 Fucus spiralis sur substrat hétérogène du médiolittoral supérieur en milieu marin";"A1.3122";"Fucus spiralis sur substrat hétérogène du médiolittoral supérieur en milieu marin";"6"
"10369";"7";"A1.313 Fucus vesiculosus sur roche abritée à modérément exposée du médiolittoral moyen";"A1.313";"Fucus vesiculosus sur roche abritée à modérément exposée du médiolittoral moyen";"5"
"17367";"7";"A1.3131 Fucus vesiculosus sur roche abritée à modérément exposée du médiolittoral moyen en milieu marin";"A1.3131";"Fucus vesiculosus sur roche abritée à modérément exposée du médiolittoral moyen en milieu marin";"6"
"17368";"7";"A1.3132 Fucus vesiculosus sur substrat hétérogène du médiolittoral moyen";"A1.3132";"Fucus vesiculosus sur substrat hétérogène du médiolittoral moyen";"6"
"10370";"7";"A1.314 Ascophyllum nodosum sur roche très abritée du médiolittoral moyen";"A1.314";"Ascophyllum nodosum sur roche très abritée du médiolittoral moyen";"5"
"17364";"7";"A1.3141 Ascophyllum nodosum sur roche du médiolittoral moyen en milieu marin";"A1.3141";"Ascophyllum nodosum sur roche du médiolittoral moyen en milieu marin";"6"
"17369";"7";"A1.3142 Ascophyllum nodosum sur substrat hétérogène du médiolittoral moyen en milieu marin";"A1.3142";"Ascophyllum nodosum sur substrat hétérogène du médiolittoral moyen en milieu marin";"6"
"10372";"7";"A1.315 Fucus serratus sur roche abritée du médiolittoral inférieur";"A1.315";"Fucus serratus sur roche abritée du médiolittoral inférieur";"5"
"17370";"7";"A1.3151 Fucus serratus sur roche abritée du médiolittoral inférieur en milieu marin";"A1.3151";"Fucus serratus sur roche abritée du médiolittoral inférieur en milieu marin";"6"
"17371";"7";"A1.3152 Fucus serratus sur substrat hétérogène du médiolittoral inférieur en milieu marin";"A1.3152";"Fucus serratus sur substrat hétérogène du médiolittoral inférieur en milieu marin";"6"
"10373";"7";"A1.316 Association à Fucus virsoides";"A1.316";"Association à Fucus virsoides";"5"
"4677";"7";"A1.32 Fucales en milieu à salinité variable";"A1.32";"Fucales en milieu à salinité variable";"4"
"10374";"7";"A1.321 Pelvetia canaliculata sur roche abritée de la frange littorale en milieu à salinité variable";"A1.321";"Pelvetia canaliculata sur roche abritée de la frange littorale en milieu à salinité variable";"5"
"10375";"7";"A1.322 Fucus spiralis sur roche abritée du médiolittoral supérieur en milieu à salinité variable";"A1.322";"Fucus spiralis sur roche abritée du médiolittoral supérieur en milieu à salinité variable";"5"
"10376";"7";"A1.323 Fucus vesiculosus sur blocs et substrat hétérogène stable du médiolittoral moyen en milieu à salinité variable";"A1.323";"Fucus vesiculosus sur blocs et substrat hétérogène stable du médiolittoral moyen en milieu à salinité variable";"5"
"10377";"7";"A1.324 Ascophyllum nodosum et Fucus vesiculosus sur roche du médiolittoral moyen en milieu à salinité variable";"A1.324";"Ascophyllum nodosum et Fucus vesiculosus sur roche du médiolittoral moyen en milieu à salinité variable";"5"
"10378";"7";"A1.325 Champs de Ascophyllum nodosum ecad. mackaii sur substrat hétérogène extrêmement abrité du médiolittoral moyen";"A1.325";"Champs de Ascophyllum nodosum ecad. mackaii sur substrat hétérogène extrêmement abrité du médiolittoral moyen";"5"
"10379";"7";"A1.326 Fucus serratus et Mytilus edulis de grande taille sur roche du médiolittoral inférieur en milieu à salinité variable";"A1.326";"Fucus serratus et Mytilus edulis de grande taille sur roche du médiolittoral inférieur en milieu à salinité variable";"5"
"10380";"7";"A1.327 Fucus ceranoides sur roche médiolittorale en milieu à salinité réduite";"A1.327";"Fucus ceranoides sur roche médiolittorale en milieu à salinité réduite";"5"
"4678";"7";"A1.33 Tapis d'algues rouges du médiolittoral inférieur, abritées de l'action des vagues";"A1.33";"Tapis d'algues rouges du médiolittoral inférieur, abritées de l'action des vagues";"4"
"4675";"7";"A1.34 Biocénoses de la roche médiolittorale inférieure abritée de l'action des vagues de Méditerranée et de la mer Noire";"A1.34";"Biocénoses de la roche médiolittorale inférieure abritée de l'action des vagues de Méditerranée et de la mer Noire";"4"
"10371";"7";"A1.341 Association à Ulva compressa";"A1.341";"Association à Ulva compressa";"5"
"1594";"7";"A1.4 Habitats rocheux intertidaux particuliers";"A1.4";"Habitats rocheux intertidaux particuliers";"3"
"4676";"7";"A1.41 Biocénoses des cuvettes rocheuses intertidales";"A1.41";"Biocénoses des cuvettes rocheuses intertidales";"4"
"10381";"7";"A1.411 Cuvettes médiolittorales peu profondes dominées par des encroûtements de corallinales";"A1.411";"Cuvettes médiolittorales peu profondes dominées par des encroûtements de corallinales";"5"
"17372";"7";"A1.4111 Encroûtements de corallinales et Corallina officinalis des cuvettes médiolittorales peu profondes";"A1.4111";"Encroûtements de corallinales et Corallina officinalis des cuvettes médiolittorales peu profondes";"6"
"17373";"7";"A1.4112 Encroûtements de corallinales et Paracentrotus lividus des cuvettes médiolittorales peu profondes";"A1.4112";"Encroûtements de corallinales et Paracentrotus lividus des cuvettes médiolittorales peu profondes";"6"
"17374";"7";"A1.4113 Bifurcaria bifurcata des cuvettes médiolittorales peu profondes";"A1.4113";"Bifurcaria bifurcata des cuvettes médiolittorales peu profondes";"6"
"17375";"7";"A1.4114 Cystoseira spp. des cuvettes médiolittorales";"A1.4114";"Cystoseira spp. des cuvettes médiolittorales";"6"
"10382";"7";"A1.412 Fucales et laminaires des cuvettes médiolittorales profondes";"A1.412";"Fucales et laminaires des cuvettes médiolittorales profondes";"5"
"17376";"7";"A1.4121 Sargassum muticum des cuvettes médiolittorales";"A1.4121";"Sargassum muticum des cuvettes médiolittorales";"6"
"10383";"7";"A1.413 Algues des cuvettes médiolittorales à fond meuble";"A1.413";"Algues des cuvettes médiolittorales à fond meuble";"5"
"10384";"7";"A1.414 Hydraires, algues éphémères et Littorina littorea des cuvettes médiolittorales peu profondes à substrat hétérogène";"A1.414";"Hydraires, algues éphémères et Littorina littorea des cuvettes médiolittorales peu profondes à substrat hétérogène";"5"
"4680";"7";"A1.42 Biocénoses des cuvettes supralittorales";"A1.42";"Biocénoses des cuvettes supralittorales";"4"
"10386";"7";"A1.421 Algues vertes (Ulva (anciennement Enteromorpha) spp. et Cladophora spp.) des cuvettes peu profondes de la partie supérieure du rivage";"A1.421";"Algues vertes (Ulva (anciennement Enteromorpha) spp. et Cladophora spp.) des cuvettes peu profondes de la partie supérieure du rivage";"5"
"4679";"7";"A1.44 Biocénoses des grottes et surplombs intertidaux";"A1.44";"Biocénoses des grottes et surplombs intertidaux";"4"
"10401";"7";"A1.441 Chrysophycées et haptophycées sur roche tendre des falaises de la frange littorale supérieure";"A1.441";"Chrysophycées et haptophycées sur roche tendre des falaises de la frange littorale supérieure";"5"
"10402";"7";"A1.442 Pellicules d'algues vertes sur parois et plafond des grottes de l'intertidal moyen";"A1.442";"Pellicules d'algues vertes sur parois et plafond des grottes de l'intertidal moyen";"5"
"10403";"7";"A1.443 Encroûtements de Rhodochorton purpureum et de Pleurocladia lacustris sur parois et plafond des grottes de l'intertidal moyen";"A1.443";"Encroûtements de Rhodochorton purpureum et de Pleurocladia lacustris sur parois et plafond des grottes de l'intertidal moyen";"5"
"10404";"7";"A1.444 Rhodochorton purpureum et Cladophora rupestris sur parois des grottes de l'intertidal moyen";"A1.444";"Rhodochorton purpureum et Cladophora rupestris sur parois des grottes de l'intertidal moyen";"5"
"10405";"7";"A1.445 Wahlenbergiana mucosa (anciennement Verrucaria mucosa) et/ou Hildenbrandia rubra des parois des grottes de l'intertidal moyen";"A1.445";"Wahlenbergiana mucosa (anciennement Verrucaria mucosa) et/ou Hildenbrandia rubra des parois des grottes de l'intertidal moyen";"5"
"10406";"7";"A1.446 Éponges et algues rouges tolérantes à l'ombre sur surplombs rocheux du médiolittoral inférieur et en entrée des grottes";"A1.446";"Éponges et algues rouges tolérantes à l'ombre sur surplombs rocheux du médiolittoral inférieur et en entrée des grottes";"5"
"17377";"7";"A1.4461 Éponges, algues rouges tolérantes à l'ombre et Dendrodoa grossularia des surplombs rocheux et des grottes battues par les vagues du médiolittoral inférieur";"A1.4461";"Éponges, algues rouges tolérantes à l'ombre et Dendrodoa grossularia des surplombs rocheux et des grottes battues par les vagues du médiolittoral inférieur";"6"
"10407";"7";"A1.447 Éponges, bryozoaires et ascidies des importants surplombs rocheux ou des grottes de la partie inférieure du rivage";"A1.447";"Éponges, bryozoaires et ascidies des importants surplombs rocheux ou des grottes de la partie inférieure du rivage";"5"
"10408";"7";"A1.448 Faune encroûtante des parois des grottes intertidales battues par les vagues";"A1.448";"Faune encroûtante des parois des grottes intertidales battues par les vagues";"5"
"10409";"7";"A1.449 Faune clairsemée (balanes et spirorbes) sur roche abrasée par le sable ou par des cailloutis des grottes intertidales";"A1.449";"Faune clairsemée (balanes et spirorbes) sur roche abrasée par le sable ou par des cailloutis des grottes intertidales";"5"
"10410";"7";"A1.44A Parois et sols stériles et/ou érodés (par des blocs) des grottes intertidales";"A1.44A";"Parois et sols stériles et/ou érodés (par des blocs) des grottes intertidales";"5"
"10411";"7";"A1.44B Association à Phymatolithon lenormandii et Hildenbrandia rubra";"A1.44B";"Association à Phymatolithon lenormandii et Hildenbrandia rubra";"5"
"4688";"7";"A1.45 Algues vertes ou rouges éphémères (soumises à l'action de l'eau douce ou du sable) sur substrat fixe";"A1.45";"Algues vertes ou rouges éphémères (soumises à l'action de l'eau douce ou du sable) sur substrat fixe";"4"
"10413";"7";"A1.451 Ulva (anciennement Enteromorpha) spp. soumise à l'action de l'eau douce et/ou sur roche instable du médiolittoral supérieur";"A1.451";"Ulva (anciennement Enteromorpha) spp. soumise à l'action de l'eau douce et/ou sur roche instable du médiolittoral supérieur";"5"
"10391";"7";"A1.452 Porphyra purpurea ou Ulva (anciennement Enteromorpha) spp. sur roche abrasée par le sable du médiolittoral moyen ou inférieur";"A1.452";"Porphyra purpurea ou Ulva (anciennement Enteromorpha) spp. sur roche abrasée par le sable du médiolittoral moyen ou inférieur";"5"
"580";"7";"A2 Sédiment intertidal";"A2";"Sédiment intertidal";"2"
"1595";"7";"A2.1 Sédiments grossiers intertidaux";"A2.1";"Sédiments grossiers intertidaux";"3"
"4689";"7";"A2.11 Rivages de cailloutis mobiles et de graviers";"A2.11";"Rivages de cailloutis mobiles et de graviers";"4"
"10415";"7";"A2.111 Galets et cailloutis mobiles intertidaux nus";"A2.111";"Galets et cailloutis mobiles intertidaux nus";"5"
"10416";"7";"A2.112 Echinogammarus planicrurus dans du gravier ou du sable grossier bien trié du médiolittoral";"A2.112";"Echinogammarus planicrurus dans du gravier ou du sable grossier bien trié du médiolittoral";"5"
"4690";"7";"A2.12 Sédiment grossier estuarien";"A2.12";"Sédiment grossier estuarien";"4"
"4691";"7";"A2.13 Biocénoses méditerranéennes du détritique médiolittoral";"A2.13";"Biocénoses méditerranéennes du détritique médiolittoral";"4"
"10417";"7";"A2.131 Faciès des banquettes de feuilles mortes de Posidonia oceanica et autres phanérogames";"A2.131";"Faciès des banquettes de feuilles mortes de Posidonia oceanica et autres phanérogames";"5"
"1596";"7";"A2.2 Sable et sable vaseux intertidaux";"A2.2";"Sable et sable vaseux intertidaux";"3"
"4692";"7";"A2.21 Laisse de mer";"A2.21";"Laisse de mer";"4"
"10419";"7";"A2.211 Talitridés du haut de l'estran et laisse de mer";"A2.211";"Talitridés du haut de l'estran et laisse de mer";"5"
"10420";"7";"A2.212 Mytilus edulis et Fabricia sabella dans du sédiment hétérogène intertidal";"A2.212";"Mytilus edulis et Fabricia sabella dans du sédiment hétérogène intertidal";"5"
"4693";"7";"A2.22 Estrans de sable mobile, stérile ou dominé par des amphipodes";"A2.22";"Estrans de sable mobile, stérile ou dominé par des amphipodes";"4"
"10421";"7";"A2.221 Sable grossier stérile intertidal";"A2.221";"Sable grossier stérile intertidal";"5"
"10422";"7";"A2.222 Oligochètes dans du sable mobile intertidal";"A2.222";"Oligochètes dans du sable mobile intertidal";"5"
"17379";"7";"A2.2221 Oligochètes dans du sable mobile intertidal en milieu marin";"A2.2221";"Oligochètes dans du sable mobile intertidal en milieu marin";"6"
"17380";"7";"A2.2222 Oligochètes dans du sable mobile intertidal en milieu à salinité variable";"A2.2222";"Oligochètes dans du sable mobile intertidal en milieu à salinité variable";"6"
"10414";"7";"A2.223 Amphipodes et Scolelepis spp. dans du sable fin à moyen intertidal";"A2.223";"Amphipodes et Scolelepis spp. dans du sable fin à moyen intertidal";"5"
"17378";"7";"A2.2231 Scolelepis spp. dans du sable mobile intertidal";"A2.2231";"Scolelepis spp. dans du sable mobile intertidal";"6"
"17381";"7";"A2.2232 Eurydice pulchra dans du sable mobile intertidal";"A2.2232";"Eurydice pulchra dans du sable mobile intertidal";"6"
"17382";"7";"A2.2233 Pontocrates arenarius dans du sable mobile intertidal";"A2.2233";"Pontocrates arenarius dans du sable mobile intertidal";"6"
"4697";"7";"A2.23 Estrans de sable fin dominés par des amphipodes ou des polychètes";"A2.23";"Estrans de sable fin dominés par des amphipodes ou des polychètes";"4"
"10428";"7";"A2.231 Polychètes dans du sable fin intertidal";"A2.231";"Polychètes dans du sable fin intertidal";"5"
"17383";"7";"A2.2311 Polychètes, dont Paraonis fulgens, dans du sable fin intertidal";"A2.2311";"Polychètes, dont Paraonis fulgens, dans du sable fin intertidal";"6"
"17384";"7";"A2.2312 Polychètes et Tellina tenuis dans du sable fin intertidal";"A2.2312";"Polychètes et Tellina tenuis dans du sable fin intertidal";"6"
"17385";"7";"A2.2313 Sable fin intertidal dominé par Nephtys cirrosa";"A2.2313";"Sable fin intertidal dominé par Nephtys cirrosa";"6"
"4698";"7";"A2.24 Estrans de sable vaseux dominés par des polychètes ou des bivalves";"A2.24";"Estrans de sable vaseux dominés par des polychètes ou des bivalves";"4"
"10429";"7";"A2.241 Macoma balthica et Arenicola marina sur les rivages de sable vaseux";"A2.241";"Macoma balthica et Arenicola marina sur les rivages de sable vaseux";"5"
"10430";"7";"A2.242 Cerastoderma edule et polychètes dans du sable vaseux intertidal";"A2.242";"Cerastoderma edule et polychètes dans du sable vaseux intertidal";"5"
"10431";"7";"A2.243 Hediste diversicolor, Macoma balthica et Eteone longa dans du sable vaseux intertidal";"A2.243";"Hediste diversicolor, Macoma balthica et Eteone longa dans du sable vaseux intertidal";"5"
"10423";"7";"A2.244 Bathyporeia pilosa et Corophium arenarium dans du sable vaseux intertidal";"A2.244";"Bathyporeia pilosa et Corophium arenarium dans du sable vaseux intertidal";"5"
"10424";"7";"A2.245 Lanice conchilega dans du sable intertidal";"A2.245";"Lanice conchilega dans du sable intertidal";"5"
"4694";"7";"A2.25 Biocénoses méditerranéennes et pontiques des sables médiolittoraux";"A2.25";"Biocénoses méditerranéennes et pontiques des sables médiolittoraux";"4"
"10425";"7";"A2.251 Faciès à Ophelia bicornis";"A2.251";"Faciès à Ophelia bicornis";"5"
"1597";"7";"A2.3 Vase intertidale";"A2.3";"Vase intertidale";"3"
"4696";"7";"A2.31 Estrans vaseux de la partie moyenne des estuaires dominés par des polychètes ou des bivalves";"A2.31";"Estrans vaseux de la partie moyenne des estuaires dominés par des polychètes ou des bivalves";"4"
"10432";"7";"A2.311 Nephtys hombergii, Macoma balthica et Streblospio shrubsolii dans du sable vaseux intertidal";"A2.311";"Nephtys hombergii, Macoma balthica et Streblospio shrubsolii dans du sable vaseux intertidal";"5"
"10433";"7";"A2.312 Hediste diversicolor et Macoma balthica dans du sable vaseux intertidal";"A2.312";"Hediste diversicolor et Macoma balthica dans du sable vaseux intertidal";"5"
"10434";"7";"A2.313 Hediste diversicolor, Macoma balthica et Scrobicularia plana dans du sable vaseux intertidal";"A2.313";"Hediste diversicolor, Macoma balthica et Scrobicularia plana dans du sable vaseux intertidal";"5"
"4700";"7";"A2.32 Estrans vaseux en amont des estuaires dominés par des polychètes ou des oligochètes";"A2.32";"Estrans vaseux en amont des estuaires dominés par des polychètes ou des oligochètes";"4"
"10435";"7";"A2.321 Nephtys hombergii et Streblospio shrubsolii dans de la vase intertidale";"A2.321";"Nephtys hombergii et Streblospio shrubsolii dans de la vase intertidale";"5"
"10436";"7";"A2.322 Hediste diversicolor dans de la vase intertidale";"A2.322";"Hediste diversicolor dans de la vase intertidale";"5"
"17389";"7";"A2.3221 Hediste diversicolor et Streblospio shrubsolii dans de la vase sableuse intertidale";"A2.3221";"Hediste diversicolor et Streblospio shrubsolii dans de la vase sableuse intertidale";"6"
"17390";"7";"A2.3222 Hediste diversicolor et Corophium volutator dans de la vase intertidale";"A2.3222";"Hediste diversicolor et Corophium volutator dans de la vase intertidale";"6"
"17391";"7";"A2.3223 Hediste diversicolor et oligochètes dans de la vase intertidale";"A2.3223";"Hediste diversicolor et oligochètes dans de la vase intertidale";"6"
"10437";"7";"A2.323 Tubificoides benedii et autres oligochètes dans de la vase intertidale";"A2.323";"Tubificoides benedii et autres oligochètes dans de la vase intertidale";"5"
"10438";"7";"A2.324 Cuvettes des marais salés";"A2.324";"Cuvettes des marais salés";"5"
"10439";"7";"A2.325 Chenaux des marais salés";"A2.325";"Chenaux des marais salés";"5"
"17392";"7";"A2.3251 Faciès d'érosion à Carcinus maenas";"A2.3251";"Faciès d'érosion à Carcinus maenas";"6"
"4701";"7";"A2.33 Rivages marins vaseux";"A2.33";"Rivages marins vaseux";"4"
"1598";"7";"A2.4 Sédiments hétérogènes intertidaux";"A2.4";"Sédiments hétérogènes intertidaux";"3"
"4702";"7";"A2.41 Estrans de vase sablo-graveleuse dominés par Hediste diversicolor";"A2.41";"Estrans de vase sablo-graveleuse dominés par Hediste diversicolor";"4"
"10443";"7";"A2.411 Hediste diversicolor dans du sable vaso-graveleux et de la vase sablo-graveleuse intertidaux";"A2.411";"Hediste diversicolor dans du sable vaso-graveleux et de la vase sablo-graveleuse intertidaux";"5"
"17393";"7";"A2.4111 Hediste diversicolor et Macoma balthica dans de la vase graveleuse intertidale";"A2.4111";"Hediste diversicolor et Macoma balthica dans de la vase graveleuse intertidale";"6"
"17394";"7";"A2.4112 Hediste diversicolor et Scrobicularia plana dans de la vase graveleuse intertidale";"A2.4112";"Hediste diversicolor et Scrobicularia plana dans de la vase graveleuse intertidale";"6"
"17386";"7";"A2.4113 Hediste diversicolor et Streblospio shrubsolii dans de la vase sablo-graveleuse intertidale";"A2.4113";"Hediste diversicolor et Streblospio shrubsolii dans de la vase sablo-graveleuse intertidale";"6"
"17387";"7";"A2.4114 Hediste diversicolor, cirratulidés et Tubificoides spp. dans de la vase sablo-graveleuse intertidale";"A2.4114";"Hediste diversicolor, cirratulidés et Tubificoides spp. dans de la vase sablo-graveleuse intertidale";"6"
"17388";"7";"A2.4115 Hediste diversicolor et Corophium volutator dans de la vase sablo-graveleuse intertidale";"A2.4115";"Hediste diversicolor et Corophium volutator dans de la vase sablo-graveleuse intertidale";"6"
"4699";"7";"A2.42 Estrans de sédiments hétérogènes riches en espèces";"A2.42";"Estrans de sédiments hétérogènes riches en espèces";"4"
"10453";"7";"A2.421 Cirratulidés et Cerastoderma edule dans des sédiments hétérogènes intertidaux";"A2.421";"Cirratulidés et Cerastoderma edule dans des sédiments hétérogènes intertidaux";"5"
"4704";"7";"A2.43 Estrans de sédiments hétérogènes pauvres en espèces";"A2.43";"Estrans de sédiments hétérogènes pauvres en espèces";"4"
"10454";"7";"A2.431 Balanes et Littorina spp. sur substrat hétérogène instable du médiolittoral";"A2.431";"Balanes et Littorina spp. sur substrat hétérogène instable du médiolittoral";"5"
"1599";"7";"A2.5 Marais salés côtiers et roselières salines";"A2.5";"Marais salés côtiers et roselières salines";"3"
"4705";"7";"A2.51 Laisses des marais salés";"A2.51";"Laisses des marais salés";"4"
"10456";"7";"A2.511 Communautés à hautes herbes des marais salés et des laisses atlantiques";"A2.511";"Communautés à hautes herbes des marais salés et des laisses atlantiques";"5"
"10457";"7";"A2.512 Communautés d'espèces annuelles des laisses des marais salés atlantiques";"A2.512";"Communautés d'espèces annuelles des laisses des marais salés atlantiques";"5"
"10458";"7";"A2.513 Laisses des marais salés méditerranéens";"A2.513";"Laisses des marais salés méditerranéens";"5"
"10459";"7";"A2.514 Laisses des marais salés à Elytrigia acuta (anciennement Elymus pycnanthus); avec Suaeda vera ou Limbarda crithmoides (anciennement Inula crithmoides)";"A2.514";"Laisses des marais salés à Elytrigia acuta (anciennement Elymus pycnanthus); avec Suaeda vera ou Limbarda crithmoides (anciennement Inula crithmoides)";"5"
"10460";"7";"A2.515 Laisses des marais salés à Elytrigia repens (anciennement Elymus repens)";"A2.515";"Laisses des marais salés à Elytrigia repens (anciennement Elymus repens)";"5"
"10461";"7";"A2.516 Laisses des marais salés à Suaeda vera";"A2.516";"Laisses des marais salés à Suaeda vera";"5"
"10462";"7";"A2.517 Laisses des marais salés à Suaeda vera et Limonium binervosum";"A2.517";"Laisses des marais salés à Suaeda vera et Limonium binervosum";"5"
"10463";"7";"A2.518 Laisses des marais salés à Spergularia salina (anciennement Spergularia marina) et Puccinellia distans";"A2.518";"Laisses des marais salés à Spergularia salina (anciennement Spergularia marina) et Puccinellia distans";"5"
"10464";"7";"A2.519 Laisses des marais salés à Frankenia laevis et Halimione portulacoides";"A2.519";"Laisses des marais salés à Frankenia laevis et Halimione portulacoides";"5"
"10465";"7";"A2.51A Marais salés à Limbarda crithmoides (anciennement Inula crithmoides)";"A2.51A";"Marais salés à Limbarda crithmoides (anciennement Inula crithmoides)";"5"
"10466";"7";"A2.51B Marais salés éphémères à Sagina maritima dans du sable";"A2.51B";"Marais salés éphémères à Sagina maritima dans du sable";"5"
"4706";"7";"A2.52 Partie supérieure des marais salés";"A2.52";"Partie supérieure des marais salés";"4"
"10467";"7";"A2.521 Communautés des marais saumâtres atlantiques et baltiques";"A2.521";"Communautés des marais saumâtres atlantiques et baltiques";"5"
"17410";"7";"A2.5211 Gazons à sagine de marais salés";"A2.5211";"Gazons à sagine de marais salés";"6"
"10468";"7";"A2.522 Marais salés méditerranéens à Juncus maritimus et Juncus acutus";"A2.522";"Marais salés méditerranéens à Juncus maritimus et Juncus acutus";"5"
"10469";"7";"A2.523 Prés salés ras méditerranéens à Juncus, Carex, Hordeum et Trifolium";"A2.523";"Prés salés ras méditerranéens à Juncus, Carex, Hordeum et Trifolium";"5"
"10470";"7";"A2.524 Peuplements d'Elymus ou Artemisia méditerranéens";"A2.524";"Peuplements d'Elymus ou Artemisia méditerranéens";"5"
"10471";"7";"A2.525 Jonchaies méditerranéennes à Juncus subulatus";"A2.525";"Jonchaies méditerranéennes à Juncus subulatus";"5"
"10472";"7";"A2.526 Fourrés des marais salés méditerranéens";"A2.526";"Fourrés des marais salés méditerranéens";"5"
"17415";"7";"A2.5261 Tapis de Salicorne vivace";"A2.5261";"Tapis de Salicorne vivace";"6"
"17416";"7";"A2.5262 Fourrés à Salicorne frutescentes";"A2.5262";"Fourrés à Salicorne frutescentes";"6"
"17417";"7";"A2.5263 Fourrés à Salicorne sombre";"A2.5263";"Fourrés à Salicorne sombre";"6"
"17418";"7";"A2.5264 Fourrés à Soude frutescente";"A2.5264";"Fourrés à Soude frutescente";"6"
"17419";"7";"A2.5265 Fourrés méditerranéens à Obione faux-pourpier et à Salicorne ligneuse";"A2.5265";"Fourrés méditerranéens à Obione faux-pourpier et à Salicorne ligneuse";"6"
"17420";"7";"A2.5266 Fourrés méditerranéens à Halocnemum";"A2.5266";"Fourrés méditerranéens à Halocnemum";"6"
"10473";"7";"A2.527 Fourrés halophiles atlantiques";"A2.527";"Fourrés halophiles atlantiques";"5"
"17421";"7";"A2.5271 Fourrés argentés";"A2.5271";"Fourrés argentés";"6"
"17422";"7";"A2.5272 Tapis atlantiques à Salicorne vivace";"A2.5272";"Tapis atlantiques à Salicorne vivace";"6"
"17423";"7";"A2.5273 Fourrés atlantiques à Soude ligneuse";"A2.5273";"Fourrés atlantiques à Soude ligneuse";"6"
"17424";"7";"A2.5274 Fourrés atlantiques à Salicorne frutescente";"A2.5274";"Fourrés atlantiques à Salicorne frutescente";"6"
"10474";"7";"A2.528 Fourrés méditerranéens à Limoniastrum";"A2.528";"Fourrés méditerranéens à Limoniastrum";"5"
"4707";"7";"A2.53 Roselières, jonchaies et cariçaies salines et saumâtres de la partie moyenne à supérieure des marais salés";"A2.53";"Roselières, jonchaies et cariçaies salines et saumâtres de la partie moyenne à supérieure des marais salés";"4"
"10477";"7";"A2.531 Communautés atlantiques de la partie supérieure du rivage";"A2.531";"Communautés atlantiques de la partie supérieure du rivage";"5"
"17425";"7";"A2.5311 Prés salés atlantiques à Juncus gerardii";"A2.5311";"Prés salés atlantiques à Juncus gerardii";"6"
"17426";"7";"A2.5312 Prés salés atlantiques à Plantago maritima";"A2.5312";"Prés salés atlantiques à Plantago maritima";"6"
"17427";"7";"A2.5313 Gazons atlantiques à Festuca rubra et Agrostis stolonifera";"A2.5313";"Gazons atlantiques à Festuca rubra et Agrostis stolonifera";"6"
"17428";"7";"A2.5314 Gazons atlantiques à Olympe maritime";"A2.5314";"Gazons atlantiques à Olympe maritime";"6"
"17429";"7";"A2.5315 Cariçaies atlantiques à Carex distans";"A2.5315";"Cariçaies atlantiques à Carex distans";"6"
"17430";"7";"A2.5316 Prés salés atlantiques à Carex extensa";"A2.5316";"Prés salés atlantiques à Carex extensa";"6"
"17431";"7";"A2.5317 Prés atlantiques à Lavande de mer";"A2.5317";"Prés atlantiques à Lavande de mer";"6"
"17432";"7";"A2.5318 Prés salés atlantiques à Blysmus";"A2.5318";"Prés salés atlantiques à Blysmus";"6"
"17433";"7";"A2.5319 Prés salés atlantiques à Eleocharis";"A2.5319";"Prés salés atlantiques à Eleocharis";"6"
"17434";"7";"A2.531A Jonchaies atlantiques à Juncus maritimus";"A2.531A";"Jonchaies atlantiques à Juncus maritimus";"6"
"17435";"7";"A2.531B Prés salés atlantiques à Armoise maritime";"A2.531B";"Prés salés atlantiques à Armoise maritime";"6"
"17436";"7";"A2.531C Tapis atlantiques à Argentina anserina (anciennement Potentilla anserina)";"A2.531C";"Tapis atlantiques à Argentina anserina (anciennement Potentilla anserina)";"6"
"17437";"7";"A2.531D Communautés atlantiques à Frankénie";"A2.531D";"Communautés atlantiques à Frankénie";"6"
"17438";"7";"A2.531E Formations du schorre supérieur atlantique à Aster maritime";"A2.531E";"Formations du schorre supérieur atlantique à Aster maritime";"6"
"17439";"7";"A2.531F Gazons atlantiques à Trèfle fraise";"A2.531F";"Gazons atlantiques à Trèfle fraise";"6"
"17440";"7";"A2.531G Prés salés atlantiques à Laîche noire";"A2.531G";"Prés salés atlantiques à Laîche noire";"6"
"10478";"7";"A2.532 Prés méditerranéens halo-psammophiles";"A2.532";"Prés méditerranéens halo-psammophiles";"5"
"10481";"7";"A2.535 Marais salés de la partie moyenne à supérieure à Juncus maritimus";"A2.535";"Marais salés de la partie moyenne à supérieure à Juncus maritimus";"5"
"10482";"7";"A2.536 Marais salés de la partie moyenne à supérieure à Juncus maritimus avec Triglochin maritimum";"A2.536";"Marais salés de la partie moyenne à supérieure à Juncus maritimus avec Triglochin maritimum";"5"
"10483";"7";"A2.537 Marais salés de la partie moyenne à supérieure à Eleocharis uniglumis";"A2.537";"Marais salés de la partie moyenne à supérieure à Eleocharis uniglumis";"5"
"10484";"7";"A2.538 Marais salés de la partie moyenne à supérieure à Blysmus rufus";"A2.538";"Marais salés de la partie moyenne à supérieure à Blysmus rufus";"5"
"10485";"7";"A2.539 Marais salés de la partie moyenne à supérieure à Artemisia maritima avec Festuca rubra, ou avec Artemisia maritima et Halimione avec un couvert clairsemé.";"A2.539";"Marais salés de la partie moyenne à supérieure à Artemisia maritima avec Festuca rubra, ou avec Artemisia maritima et Halimione avec un couvert clairsemé.";"5"
"10486";"7";"A2.53A Marais salés de la partie moyenne à supérieure à Festuca rubra";"A2.53A";"Marais salés de la partie moyenne à supérieure à Festuca rubra";"5"
"10487";"7";"A2.53B Marais salés de la partie moyenne à supérieure à Festuca rubra avec Agrostis stolonifera, Juncus gerardi, Puccinellia maritima, Lysimachia maritima (anciennement Glaux maritima), Triglochin maritimum, Armeria maritima et Plantago maritima";"A2.53B";"Marais salés de la partie moyenne à supérieure à Festuca rubra avec Agrostis stolonifera, Juncus gerardi, Puccinellia maritima, Lysimachia maritima (anciennement Glaux maritima), Triglochin maritimum, Armeria maritima et Plantago maritima";"5"
"10488";"7";"A2.53C Roselières marines salines de Phragmites australis";"A2.53C";"Roselières marines salines de Phragmites australis";"5"
"4708";"7";"A2.54 Partie inférieure à moyenne des marais salés";"A2.54";"Partie inférieure à moyenne des marais salés";"4"
"10444";"7";"A2.541 Pelouses des marais salés atlantiques";"A2.541";"Pelouses des marais salés atlantiques";"5"
"10445";"7";"A2.542 Communautés de la partie inférieure des rivages atlantiques";"A2.542";"Communautés de la partie inférieure des rivages atlantiques";"5"
"17395";"7";"A2.5421 Marais salés à Obione faux-pourpier et Puccinelle";"A2.5421";"Marais salés à Obione faux-pourpier et Puccinelle";"6"
"17396";"7";"A2.5422 Marais salés à Aster maritime et Puccinelle";"A2.5422";"Marais salés à Aster maritime et Puccinelle";"6"
"17397";"7";"A2.5423 Marais salés à Salicornes et Puccinelle";"A2.5423";"Marais salés à Salicornes et Puccinelle";"6"
"17398";"7";"A2.5424 Massifs atlantiques à Arroche à fruits pédonculés";"A2.5424";"Massifs atlantiques à Arroche à fruits pédonculés";"6"
"17401";"7";"A2.5427 Prés de marais salés à Glaux et Puccinelle";"A2.5427";"Prés de marais salés à Glaux et Puccinelle";"6"
"17402";"7";"A2.5428 Marais salés à Plantago et Puccinelle";"A2.5428";"Marais salés à Plantago et Puccinelle";"6"
"17403";"7";"A2.5429 Marais salés à Limonium et Puccinelle";"A2.5429";"Marais salés à Limonium et Puccinelle";"6"
"10446";"7";"A2.543 Gazons des marais salés côtiers méditerranéens";"A2.543";"Gazons des marais salés côtiers méditerranéens";"5"
"10448";"7";"A2.545 Partie inférieure à moyenne des marais salés à Halimione portulacoides";"A2.545";"Partie inférieure à moyenne des marais salés à Halimione portulacoides";"5"
"10449";"7";"A2.546 Partie inférieure à moyenne des marais salés à Puccinellia maritima";"A2.546";"Partie inférieure à moyenne des marais salés à Puccinellia maritima";"5"
"10450";"7";"A2.547 Marais salés à Puccinellia maritima avec Limonium vulgare et Armeria maritima ; avec Lysimachia maritima (anciennement Glaux maritima) sont co-dominantes dans une végétation pauvre en espèces ; avec Plantago maritima et/ou Armeria maritima";"A2.547";"Marais salés à Puccinellia maritima avec Limonium vulgare et Armeria maritima ; avec Lysimachia maritima (anciennement Glaux maritima) sont co-dominantes dans une végétation pauvre en espèces ; avec Plantago maritima et/ou Armeria maritima";"5"
"10451";"7";"A2.548 Partie inférieure à moyenne des marais salés à Salicornia, Suaeda et Puccinellia maritima annuelles";"A2.548";"Partie inférieure à moyenne des marais salés à Salicornia, Suaeda et Puccinellia maritima annuelles";"5"
"4703";"7";"A2.55 Marais salés pionniers";"A2.55";"Marais salés pionniers";"4"
"10452";"7";"A2.551 Marais salés pionniers à Salicornia, Suaeda et Salsola";"A2.551";"Marais salés pionniers à Salicornia, Suaeda et Salsola";"5"
"17404";"7";"A2.5511 Biocénose des laisses à dessiccation lente sous les salicornes";"A2.5511";"Biocénose des laisses à dessiccation lente sous les salicornes";"6"
"17405";"7";"A2.5512 Marais salés pionniers à Suaeda maritima";"A2.5512";"Marais salés pionniers à Suaeda maritima";"6"
"17406";"7";"A2.5513 Marais salés pionniers à Salicornia spp.";"A2.5513";"Marais salés pionniers à Salicornia spp.";"6"
"17409";"7";"A2.5516 Gazons de Salicornia emericii de la partie inférieure des rivages méditerranéens";"A2.5516";"Gazons de Salicornia emericii de la partie inférieure des rivages méditerranéens";"6"
"10491";"7";"A2.552 Communautés halo-nitrophiles pionnières du littoral méditerranéen";"A2.552";"Communautés halo-nitrophiles pionnières du littoral méditerranéen";"5"
"10492";"7";"A2.553 Communautés atlantiques à Sagina maritima";"A2.553";"Communautés atlantiques à Sagina maritima";"5"
"10493";"7";"A2.554 Gazons de Spartina à feuilles planes";"A2.554";"Gazons de Spartina à feuilles planes";"5"
"17447";"7";"A2.5541 Marais salés pionniers à Spartina anglica";"A2.5541";"Marais salés pionniers à Spartina anglica";"6"
"17448";"7";"A2.5542 Spartina alterniflora avec Spartina anglica, Puccinellia maritima et Tripolium pannonicum (anciennement Aster tripolium)";"A2.5542";"Spartina alterniflora avec Spartina anglica, Puccinellia maritima et Tripolium pannonicum (anciennement Aster tripolium)";"6"
"17449";"7";"A2.5543 Marais salés pionniers à Spartina maritima";"A2.5543";"Marais salés pionniers à Spartina maritima";"6"
"10495";"7";"A2.556 Marais salés pionniers à Tripolium pannonicum (anciennement Aster tripolium)";"A2.556";"Marais salés pionniers à Tripolium pannonicum (anciennement Aster tripolium)";"5"
"10496";"7";"A2.557 Marais salés pionniers à Tripolium pannonicum f. discoides (anciennement Aster tripolium var. discoides)";"A2.557";"Marais salés pionniers à Tripolium pannonicum f. discoides (anciennement Aster tripolium var. discoides)";"5"
"10497";"7";"A2.558 Marais salés pionniers à Sarcocornia perennis subsp. perennis (anciennement Arthrocnemum perenne) parfois avec Halimione, Puccinellia et Suaeda";"A2.558";"Marais salés pionniers à Sarcocornia perennis subsp. perennis (anciennement Arthrocnemum perenne) parfois avec Halimione, Puccinellia et Suaeda";"5"
"1600";"7";"A2.6 Sédiments intertidaux dominés par des Angiospermes aquatiques";"A2.6";"Sédiments intertidaux dominés par des Angiospermes aquatiques";"3"
"4709";"7";"A2.61 Herbiers de phanérogames marines sur sédiments intertidaux";"A2.61";"Herbiers de phanérogames marines sur sédiments intertidaux";"4"
"10498";"7";"A2.611 Herbiers de Zostera noltei (anciennement Zostera noltii) ou Zostera marina var. angustifolia (anciennement Zostera angustifolia) sur les rivages atlantiques du continent";"A2.611";"Herbiers de Zostera noltei (anciennement Zostera noltii) ou Zostera marina var. angustifolia (anciennement Zostera angustifolia) sur les rivages atlantiques du continent";"5"
"17450";"7";"A2.6111 Herbiers de Zostera noltei (anciennement Zostera noltii) des sables vaseux intertidaux";"A2.6111";"Herbiers de Zostera noltei (anciennement Zostera noltii) des sables vaseux intertidaux";"6"
"10501";"7";"A2.614 Fonds sédimentaires du bas de l'estran à Ruppia maritima";"A2.614";"Fonds sédimentaires du bas de l'estran à Ruppia maritima";"5"
"4710";"7";"A2.62 Herbiers de Cyperaceae marines";"A2.62";"Herbiers de Cyperaceae marines";"4"
"10502";"7";"A2.621 Herbiers d'Eleocharis";"A2.621";"Herbiers d'Eleocharis";"5"
"17451";"7";"A2.6211 Herbiers de Eleocharis parvula";"A2.6211";"Herbiers de Eleocharis parvula";"6"
"1601";"7";"A2.7 Récifs biogènes intertidaux";"A2.7";"Récifs biogènes intertidaux";"3"
"4711";"7";"A2.71 Récifs intertidaux de Sabellaria";"A2.71";"Récifs intertidaux de Sabellaria";"4"
"10503";"7";"A2.711 Récifs de Sabellaria alveolata sur roche médiolittorale abrasée par le sable";"A2.711";"Récifs de Sabellaria alveolata sur roche médiolittorale abrasée par le sable";"5"
"4712";"7";"A2.72 Moulières intertidales sur sédiment";"A2.72";"Moulières intertidales sur sédiment";"4"
"10490";"7";"A2.721 Moulières à Mytilus edulis sur sédiments intertidaux";"A2.721";"Moulières à Mytilus edulis sur sédiments intertidaux";"5"
"17455";"7";"A2.7211 Moulières à Mytilus edulis sur substrat hétérogène intertidal";"A2.7211";"Moulières à Mytilus edulis sur substrat hétérogène intertidal";"6"
"17456";"7";"A2.7212 Moulières à Mytilus edulis sur sable intertidal";"A2.7212";"Moulières à Mytilus edulis sur sable intertidal";"6"
"17457";"7";"A2.7213 Moulières à Mytilus edulis sur vase intertidale";"A2.7213";"Moulières à Mytilus edulis sur vase intertidale";"6"
"1602";"7";"A2.8 Habitats sédimentaires particuliers intertidaux";"A2.8";"Habitats sédimentaires particuliers intertidaux";"3"
"4714";"7";"A2.81 Structures émettrices de méthane des sédiments intertidaux";"A2.81";"Structures émettrices de méthane des sédiments intertidaux";"4"
"4715";"7";"A2.82 Algues rouges ou vertes éphémères (soumises à l'action de l'eau douce ou du sable) sur substrat mobile";"A2.82";"Algues rouges ou vertes éphémères (soumises à l'action de l'eau douce ou du sable) sur substrat mobile";"4"
"10504";"7";"A2.821 Algues rouges ou vertes éphémères sur substrat hétérogène médiolittoral perturbé et/ou en milieu à salinité variable";"A2.821";"Algues rouges ou vertes éphémères sur substrat hétérogène médiolittoral perturbé et/ou en milieu à salinité variable";"5"
"581";"7";"A3 Roche et autres substrats durs infralittoraux";"A3";"Roche et autres substrats durs infralittoraux";"2"
"1603";"7";"A3.1 Roche infralittorale de l'Atlantique et de la Méditerranée sous fort hydrodynamisme";"A3.1";"Roche infralittorale de l'Atlantique et de la Méditerranée sous fort hydrodynamisme";"3"
"4721";"7";"A3.11 Laminaires avec tapis faunistique et/ou algues rouges foliacées";"A3.11";"Laminaires avec tapis faunistique et/ou algues rouges foliacées";"4"
"10519";"7";"A3.111 Alaria esculenta sur roche en place exposée de la frange infralittorale inférieure";"A3.111";"Alaria esculenta sur roche en place exposée de la frange infralittorale inférieure";"5"
"17453";"7";"A3.1111 Alaria esculenta, Mytilus edulis et encroûtements de corallinales sur roche en place très exposée de la frange infralittorale inférieure";"A3.1111";"Alaria esculenta, Mytilus edulis et encroûtements de corallinales sur roche en place très exposée de la frange infralittorale inférieure";"6"
"17454";"7";"A3.1112 Alaria esculenta et Laminaria digitata sur roche en place exposée de la frange infralittorale inférieure";"A3.1112";"Alaria esculenta et Laminaria digitata sur roche en place exposée de la frange infralittorale inférieure";"6"
"10521";"7";"A3.112 Forêt de Alaria esculenta avec anémones denses et éponges encroûtantes sur roche en place infralittorale extrêmement exposée";"A3.112";"Forêt de Alaria esculenta avec anémones denses et éponges encroûtantes sur roche en place infralittorale extrêmement exposée";"5"
"10522";"7";"A3.113 Forêt de Laminaria hyperborea avec tapis faunistique (éponges et polyclinidés) et algues rouges foliacées sur roche infralittorale très exposée";"A3.113";"Forêt de Laminaria hyperborea avec tapis faunistique (éponges et polyclinidés) et algues rouges foliacées sur roche infralittorale très exposée";"5"
"10523";"7";"A3.114 Laminaria hyperborea clairsemée et Paracentrotus lividus dense sur calcaire infralittoral exposé";"A3.114";"Laminaria hyperborea clairsemée et Paracentrotus lividus dense sur calcaire infralittoral exposé";"5"
"10524";"7";"A3.115 Laminaria hyperborea avec algues rouges foliacées denses sur roche infralittorale exposée";"A3.115";"Laminaria hyperborea avec algues rouges foliacées denses sur roche infralittorale exposée";"5"
"17458";"7";"A3.1151 Forêt de Laminaria hyperborea avec algues rouges foliacées denses sur roche exposée de l'infralittoral supérieur";"A3.1151";"Forêt de Laminaria hyperborea avec algues rouges foliacées denses sur roche exposée de l'infralittoral supérieur";"6"
"17459";"7";"A3.1152 Zone clairsemée de Laminaria hyperborea et algues rouges foliacées sur roche exposée de l'infralittoral inférieur";"A3.1152";"Zone clairsemée de Laminaria hyperborea et algues rouges foliacées sur roche exposée de l'infralittoral inférieur";"6"
"17460";"7";"A3.1153 Forêt mixte de Laminaria hyperborea et Laminaria ochroleuca sur roche infralittorale exposée";"A3.1153";"Forêt mixte de Laminaria hyperborea et Laminaria ochroleuca sur roche infralittorale exposée";"6"
"10520";"7";"A3.116 Algues rouges foliacées sur roche exposée de l'infralittoral inférieur";"A3.116";"Algues rouges foliacées sur roche exposée de l'infralittoral inférieur";"5"
"17461";"7";"A3.1161 Algues rouges foliacées avec Dictyota dichotoma dense et/ou Dictyopteris polypodioides (anciennement Dictyopteris membranacea) sur roche exposée de l'infralittoral inférieur";"A3.1161";"Algues rouges foliacées avec Dictyota dichotoma dense et/ou Dictyopteris polypodioides (anciennement Dictyopteris membranacea) sur roche exposée de l'infralittoral inférieur";"6"
"10527";"7";"A3.117 Laminaria hyperborea et algues rouges sur paroi rocheuse verticale exposée";"A3.117";"Laminaria hyperborea et algues rouges sur paroi rocheuse verticale exposée";"5"
"10528";"7";"A3.118 Tapis de Corallinaceae articulées sur roche en place et blocs infralittoraux exposés à abrités";"A3.118";"Tapis de Corallinaceae articulées sur roche en place et blocs infralittoraux exposés à abrités";"5"
"4722";"7";"A3.12 Biocénoses à laminaires et algues perturbées ou affectées par les sédiments";"A3.12";"Biocénoses à laminaires et algues perturbées ou affectées par les sédiments";"4"
"10529";"7";"A3.121 Saccorhiza polyschides et autres laminaires opportunistes sur roche perturbée de l'infralittoral supérieur";"A3.121";"Saccorhiza polyschides et autres laminaires opportunistes sur roche perturbée de l'infralittoral supérieur";"5"
"10530";"7";"A3.122 Saccharina latissima (anciennement Laminaria saccharina) et/ou Saccorhiza polyschides sur roche exposée infralittorale";"A3.122";"Saccharina latissima (anciennement Laminaria saccharina) et/ou Saccorhiza polyschides sur roche exposée infralittorale";"5"
"10531";"7";"A3.123 Saccharina latissima (anciennement Laminaria saccharina), Chorda filum et algues rouges denses sur des blocs et des galets infralittoraux instables et peu profonds";"A3.123";"Saccharina latissima (anciennement Laminaria saccharina), Chorda filum et algues rouges denses sur des blocs et des galets infralittoraux instables et peu profonds";"5"
"10532";"7";"A3.124 Desmarestia spp. dense et algues rouges filamenteuses sur galets et cailloutis et sur roche en place exposés infralittoraux";"A3.124";"Desmarestia spp. dense et algues rouges filamenteuses sur galets et cailloutis et sur roche en place exposés infralittoraux";"5"
"10525";"7";"A3.125 Laminaires mixtes et algues rouges foliacées opportunistes résistant à l'abrasion sur roche infralittorale couverte ou abrasée par le sable";"A3.125";"Laminaires mixtes et algues rouges foliacées opportunistes résistant à l'abrasion sur roche infralittorale couverte ou abrasée par le sable";"5"
"10526";"7";"A3.126 Halidrys siliquosa et laminaires mixtes sur roche et sédiments grossiers infralittoraux soumis aux courants de marée";"A3.126";"Halidrys siliquosa et laminaires mixtes sur roche et sédiments grossiers infralittoraux soumis aux courants de marée";"5"
"10761";"7";"A3.127 Polyides rotundus, Ahnfeltia plicata et Chondrus crispus sur roche infralittorale couverte de sable";"A3.127";"Polyides rotundus, Ahnfeltia plicata et Chondrus crispus sur roche infralittorale couverte de sable";"5"
"4767";"7";"A3.13 Biocénoses méditerranéennes et pontiques des algues infralittorales très exposée à l'action des vagues";"A3.13";"Biocénoses méditerranéennes et pontiques des algues infralittorales très exposée à l'action des vagues";"4"
"10763";"7";"A3.131 Faciès de surpâturage à algues calcaires encroûtantes et oursins";"A3.131";"Faciès de surpâturage à algues calcaires encroûtantes et oursins";"5"
"10772";"7";"A3.132 Association à Cystoseira amentacea (var. amentacea, var. stricta)";"A3.132";"Association à Cystoseira amentacea (var. amentacea, var. stricta)";"5"
"10773";"7";"A3.133 Faciès à Vermetus spp.";"A3.133";"Faciès à Vermetus spp.";"5"
"10774";"7";"A3.134 Faciès méditerranéen et pontique à Mytilus galloprovincialis";"A3.134";"Faciès méditerranéen et pontique à Mytilus galloprovincialis";"5"
"10775";"7";"A3.135 Association à Corallina elongata et Herposiphonia secunda";"A3.135";"Association à Corallina elongata et Herposiphonia secunda";"5"
"10776";"7";"A3.136 Association méditerranéenne et pontique à Corallina officinalis";"A3.136";"Association méditerranéenne et pontique à Corallina officinalis";"5"
"10777";"7";"A3.137 Association à Schottera nicaeensis";"A3.137";"Association à Schottera nicaeensis";"5"
"4771";"7";"A3.14 Biocénoses d'algues encroûtantes";"A3.14";"Biocénoses d'algues encroûtantes";"4"
"4772";"7";"A3.15 Biocénoses d'algues à frondes (autres que des laminaires)";"A3.15";"Biocénoses d'algues à frondes (autres que des laminaires)";"4"
"10780";"7";"A3.151 Cystoseira spp. sur roche en place et blocs infralittoraux exposés";"A3.151";"Cystoseira spp. sur roche en place et blocs infralittoraux exposés";"5"
"1619";"7";"A3.2 Roche infralittorale de l'Atlantique et de la Méditerranée sous hydrodynamisme modéré";"A3.2";"Roche infralittorale de l'Atlantique et de la Méditerranée sous hydrodynamisme modéré";"3"
"4774";"7";"A3.21 Laminaires et algues rouges sur roche infralittorale sous hydrodynamisme modéré";"A3.21";"Laminaires et algues rouges sur roche infralittorale sous hydrodynamisme modéré";"4"
"10786";"7";"A3.211 Laminaria digitata sur roche modérément exposée de l'infralittoral inférieur";"A3.211";"Laminaria digitata sur roche modérément exposée de l'infralittoral inférieur";"5"
"17527";"7";"A3.2111 Laminaria digitata sur roche en place modérément exposée de la frange infralittorale inférieure";"A3.2111";"Laminaria digitata sur roche en place modérément exposée de la frange infralittorale inférieure";"6"
"17530";"7";"A3.2112 Laminaria digitata et faune vivant sous les blocs de la frange infralittorale inférieure";"A3.2112";"Laminaria digitata et faune vivant sous les blocs de la frange infralittorale inférieure";"6"
"17533";"7";"A3.2113 Laminaria digitata et pholades sur roche tendre de la frange infralittorale inférieure";"A3.2113";"Laminaria digitata et pholades sur roche tendre de la frange infralittorale inférieure";"6"
"10714";"7";"A3.212 Laminaria hyperborea sur roche infralittorale soumise aux courants de marée";"A3.212";"Laminaria hyperborea sur roche infralittorale soumise aux courants de marée";"5"
"17506";"7";"A3.2121 Forêt de Laminaria hyperborea, algues rouges foliacées et faune diversifiée sur roche en place de l'infralittoral supérieur soumise aux courants de marée";"A3.2121";"Forêt de Laminaria hyperborea, algues rouges foliacées et faune diversifiée sur roche en place de l'infralittoral supérieur soumise aux courants de marée";"6"
"17508";"7";"A3.2122 Zone clairsemée de Laminaria hyperborea avec des hydraires, des bryozoaires et des éponges sur roche de l'infralittoral inférieur soumise aux courants de marée";"A3.2122";"Zone clairsemée de Laminaria hyperborea avec des hydraires, des bryozoaires et des éponges sur roche de l'infralittoral inférieur soumise aux courants de marée";"6"
"10720";"7";"A3.213 Laminaria hyperborea sur substrat hétérogène infralittoral soumis aux courants de marée";"A3.213";"Laminaria hyperborea sur substrat hétérogène infralittoral soumis aux courants de marée";"5"
"17510";"7";"A3.2131 Forêt de Laminaria hyperborea et algues rouges foliacées sur substrat hétérogène de l'infralittoral supérieur soumis aux courants de marée";"A3.2131";"Forêt de Laminaria hyperborea et algues rouges foliacées sur substrat hétérogène de l'infralittoral supérieur soumis aux courants de marée";"6"
"17511";"7";"A3.2132 Zone clairsemée de Laminaria hyperborea et algues rouges foliacées sur substrat hétérogène de l'infralittoral inférieur soumis aux courants de marée";"A3.2132";"Zone clairsemée de Laminaria hyperborea et algues rouges foliacées sur substrat hétérogène de l'infralittoral inférieur soumis aux courants de marée";"6"
"10725";"7";"A3.214 Laminaria hyperborea et algues rouges foliacées sur roche infralittorale modérément exposée";"A3.214";"Laminaria hyperborea et algues rouges foliacées sur roche infralittorale modérément exposée";"5"
"17515";"7";"A3.2141 Forêt de Laminaria hyperborea et algues rouges foliacées sur roche de l'infralittoral supérieur modérément exposée";"A3.2141";"Forêt de Laminaria hyperborea et algues rouges foliacées sur roche de l'infralittoral supérieur modérément exposée";"6"
"17516";"7";"A3.2142 Zone clairsemée de Laminaria hyperborea et algues rouges foliacées sur roche de l'infralittoral inférieur modérément exposée";"A3.2142";"Zone clairsemée de Laminaria hyperborea et algues rouges foliacées sur roche de l'infralittoral inférieur modérément exposée";"6"
"17517";"7";"A3.2143 Forêt de Laminaria hyperborea broutée et encroûtements de corallinales sur roche de l'infralittoral supérieur";"A3.2143";"Forêt de Laminaria hyperborea broutée et encroûtements de corallinales sur roche de l'infralittoral supérieur";"6"
"17521";"7";"A3.2144 Zone clairsemée de Laminaria hyperborea broutée et encroûtements de corallinales sur roche de l'infralittoral inférieur";"A3.2144";"Zone clairsemée de Laminaria hyperborea broutée et encroûtements de corallinales sur roche de l'infralittoral inférieur";"6"
"17523";"7";"A3.2145 Sabellaria spinulosa avec laminaires et algues rouges sur roche infralittorale soumise à l'action du sable";"A3.2145";"Sabellaria spinulosa avec laminaires et algues rouges sur roche infralittorale soumise à l'action du sable";"6"
"10755";"7";"A3.215 Algues rouges foliacées denses sur roche infralittorale envasée modérément exposée";"A3.215";"Algues rouges foliacées denses sur roche infralittorale envasée modérément exposée";"5"
"10756";"7";"A3.216 Laminaria hyperborea sur paroi rocheuse verticale modérément exposée";"A3.216";"Laminaria hyperborea sur paroi rocheuse verticale modérément exposée";"5"
"10764";"7";"A3.217 Hiatella arctica et algues sur paroi verticale de calcaire ou de craie";"A3.217";"Hiatella arctica et algues sur paroi verticale de calcaire ou de craie";"5"
"4768";"7";"A3.22 Biocénoses à laminaires et algues en milieu abrité soumis aux courants de marée";"A3.22";"Biocénoses à laminaires et algues en milieu abrité soumis aux courants de marée";"4"
"10783";"7";"A3.221 Laminaria digitata, ascidies et bryozoaires sur roche de la frange infralittorale inférieure soumise aux courants de marée";"A3.221";"Laminaria digitata, ascidies et bryozoaires sur roche de la frange infralittorale inférieure soumise aux courants de marée";"5"
"10787";"7";"A3.222 Laminaires mixtes avec des algues rouges foliacées, des éponges et des ascidies sur roche abritée infralittorale soumise aux courants de marée";"A3.222";"Laminaires mixtes avec des algues rouges foliacées, des éponges et des ascidies sur roche abritée infralittorale soumise aux courants de marée";"5"
"10790";"7";"A3.223 Laminaires mixtes et algues rouges sur blocs, galets et gravier infralittoraux soumis à de très forts courants de marées";"A3.223";"Laminaires mixtes et algues rouges sur blocs, galets et gravier infralittoraux soumis à de très forts courants de marées";"5"
"10791";"7";"A3.224 Saccharina latissima (anciennement Laminaria saccharina) avec algues rouges foliacées et ascidies sur roche infralittorale abritée soumise aux courants de marée";"A3.224";"Saccharina latissima (anciennement Laminaria saccharina) avec algues rouges foliacées et ascidies sur roche infralittorale abritée soumise aux courants de marée";"5"
"10792";"7";"A3.225 Algues rouges filamenteuses, éponges et Balanus crenatus sur roche infralittorale soumise aux courants de marée en milieu à salinité variable";"A3.225";"Algues rouges filamenteuses, éponges et Balanus crenatus sur roche infralittorale soumise aux courants de marée en milieu à salinité variable";"5"
"10793";"7";"A3.226 Roche infralittorale modérément exposée à Halopteris filicina et corallinacées encroûtantes";"A3.226";"Roche infralittorale modérément exposée à Halopteris filicina et corallinacées encroûtantes";"5"
"4775";"7";"A3.23 Biocénoses méditerranéennes et pontiques des algues infralittorales modérément exposées à l'action des vagues";"A3.23";"Biocénoses méditerranéennes et pontiques des algues infralittorales modérément exposées à l'action des vagues";"4"
"10794";"7";"A3.231 Association à Codium vermilara et Rhodymenia ardissonei";"A3.231";"Association à Codium vermilara et Rhodymenia ardissonei";"5"
"10795";"7";"A3.232 Association à Dasycladus vermicularis";"A3.232";"Association à Dasycladus vermicularis";"5"
"10796";"7";"A3.233 Association à Alsidium helminthochorton";"A3.233";"Association à Alsidium helminthochorton";"5"
"10798";"7";"A3.235 Association à Gelidium spinosum v. hystrix";"A3.235";"Association à Gelidium spinosum v. hystrix";"5"
"10695";"7";"A3.236 Association à Lobophora variegata";"A3.236";"Association à Lobophora variegata";"5"
"10696";"7";"A3.237 Association méditerranéenne et pontique à Ceramium virgatum (anciennement Ceramium rubrum)";"A3.237";"Association méditerranéenne et pontique à Ceramium virgatum (anciennement Ceramium rubrum)";"5"
"10697";"7";"A3.238 Faciès à Cladocora caespitosa";"A3.238";"Faciès à Cladocora caespitosa";"5"
"10698";"7";"A3.239 Association à Cystoseira brachycarpa";"A3.239";"Association à Cystoseira brachycarpa";"5"
"10699";"7";"A3.23A Association méditerranéenne et pontique à Cystoseira crinita";"A3.23A";"Association méditerranéenne et pontique à Cystoseira crinita";"5"
"10700";"7";"A3.23B Association à Cystoseira crinitophylla";"A3.23B";"Association à Cystoseira crinitophylla";"5"
"10701";"7";"A3.23C Association à Cystoseira sauvageauana";"A3.23C";"Association à Cystoseira sauvageauana";"5"
"10702";"7";"A3.23D Association à Cystoseira spinosa";"A3.23D";"Association à Cystoseira spinosa";"5"
"10703";"7";"A3.23E Association à Sargassum vulgare";"A3.23E";"Association à Sargassum vulgare";"5"
"10704";"7";"A3.23F Association à Dictyopteris polypodioides";"A3.23F";"Association à Dictyopteris polypodioides";"5"
"10705";"7";"A3.23G Association à Colpomenia sinuosa";"A3.23G";"Association à Colpomenia sinuosa";"5"
"10706";"7";"A3.23H Association à Rhodymenia ardissonei et Rhodophyllis divaricata";"A3.23H";"Association à Rhodymenia ardissonei et Rhodophyllis divaricata";"5"
"10707";"7";"A3.23I Faciès à Astroides calycularis";"A3.23I";"Faciès à Astroides calycularis";"5"
"10708";"7";"A3.23J Association à Flabellia petiolata et Peyssonnelia squamaria";"A3.23J";"Association à Flabellia petiolata et Peyssonnelia squamaria";"5"
"10709";"7";"A3.23K Association à Halymenia floresii et Halarachnion ligulatum";"A3.23K";"Association à Halymenia floresii et Halarachnion ligulatum";"5"
"10710";"7";"A3.23L Association à Peyssonnelia rubra et Peyssonnelia spp.";"A3.23L";"Association à Peyssonnelia rubra et Peyssonnelia spp.";"5"
"4756";"7";"A3.24 Biocénoses faunistiques sur roche infralittorale sous hydrodynamisme modéré";"A3.24";"Biocénoses faunistiques sur roche infralittorale sous hydrodynamisme modéré";"4"
"1618";"7";"A3.3 Roche infralittorale de l'Atlantique et de la Méditerranée sous faible hydrodynamisme";"A3.3";"Roche infralittorale de l'Atlantique et de la Méditerranée sous faible hydrodynamisme";"3"
"4769";"7";"A3.31 Laminaires envasées sur roche infralittorale sous faible hydrodynamisme en milieu marin";"A3.31";"Laminaires envasées sur roche infralittorale sous faible hydrodynamisme en milieu marin";"4"
"10784";"7";"A3.311 Forêt mixte de Laminaria hyperborea et Laminaria ochroleuca sur roche infralittorale modérément exposée ou abritée";"A3.311";"Forêt mixte de Laminaria hyperborea et Laminaria ochroleuca sur roche infralittorale modérément exposée ou abritée";"5"
"10788";"7";"A3.312 Population mixte de Laminaria hyperborea et Saccharina latissima (anciennement Laminaria saccharina) sur roche infralittorale abritée";"A3.312";"Population mixte de Laminaria hyperborea et Saccharina latissima (anciennement Laminaria saccharina) sur roche infralittorale abritée";"5"
"17528";"7";"A3.3121 Forêt mixte de Laminaria hyperborea et Saccharina latissima (anciennement Laminaria saccharina) sur roche abritée de l'infralittoral supérieur";"A3.3121";"Forêt mixte de Laminaria hyperborea et Saccharina latissima (anciennement Laminaria saccharina) sur roche abritée de l'infralittoral supérieur";"6"
"17531";"7";"A3.3122 Zone clairsemée mixte de Laminaria hyperborea et Saccharina latissima (anciennement Laminaria saccharina) sur roche abritée de l'infralittoral inférieur";"A3.3122";"Zone clairsemée mixte de Laminaria hyperborea et Saccharina latissima (anciennement Laminaria saccharina) sur roche abritée de l'infralittoral inférieur";"6"
"17504";"7";"A3.3123 Population mixte broutée de Laminaria hyperborea et Saccharina latissima (anciennement Laminaria saccharina) sur roche infralittorale abritée";"A3.3123";"Population mixte broutée de Laminaria hyperborea et Saccharina latissima (anciennement Laminaria saccharina) sur roche infralittorale abritée";"6"
"10715";"7";"A3.313 Saccharina latissima (anciennement Laminaria saccharina) sur roche infralittorale très abritée";"A3.313";"Saccharina latissima (anciennement Laminaria saccharina) sur roche infralittorale très abritée";"5"
"17507";"7";"A3.3131 Saccharina latissima (anciennement Laminaria saccharina) et Laminaria digitata sur roche abritée de la frange infralittorale inférieure";"A3.3131";"Saccharina latissima (anciennement Laminaria saccharina) et Laminaria digitata sur roche abritée de la frange infralittorale inférieure";"6"
"17509";"7";"A3.3132 Forêt de Saccharina latissima (anciennement Laminaria saccharina) sur roche très abritée de l'infralittoral supérieur";"A3.3132";"Forêt de Saccharina latissima (anciennement Laminaria saccharina) sur roche très abritée de l'infralittoral supérieur";"6"
"17512";"7";"A3.3133 Zone clairsemée de Saccharina latissima (anciennement Laminaria saccharina) sur roche très abritée de l'infralittoral supérieur";"A3.3133";"Zone clairsemée de Saccharina latissima (anciennement Laminaria saccharina) sur roche très abritée de l'infralittoral supérieur";"6"
"17513";"7";"A3.3134 Saccharina latissima (anciennement Laminaria saccharina) broutée, avec Echinus, ophiures et croûtes de corallinales, sur roche infralittorale abritée";"A3.3134";"Saccharina latissima (anciennement Laminaria saccharina) broutée, avec Echinus, ophiures et croûtes de corallinales, sur roche infralittorale abritée";"6"
"10726";"7";"A3.314 Laminaria hyperborea envasée, à frondes en forme de cape, sur roche infralittorale très abritée";"A3.314";"Laminaria hyperborea envasée, à frondes en forme de cape, sur roche infralittorale très abritée";"5"
"10728";"7";"A3.315 Sargassum muticum sur substrat hétérogène infralittoral peu profond soumis à de faibles courants de marée";"A3.315";"Sargassum muticum sur substrat hétérogène infralittoral peu profond soumis à de faibles courants de marée";"5"
"4758";"7";"A3.32 Laminaires sur roche infralittorale sous faible hydrodynamisme en milieu à salinité variable";"A3.32";"Laminaires sur roche infralittorale sous faible hydrodynamisme en milieu à salinité variable";"4"
"10732";"7";"A3.321 Codium spp. avec algues rouges et Saccharina latissima (anciennement Laminaria saccharina) clairsemée sur roche infralittorale très envasée, très abritée et peu profonde";"A3.321";"Codium spp. avec algues rouges et Saccharina latissima (anciennement Laminaria saccharina) clairsemée sur roche infralittorale très envasée, très abritée et peu profonde";"5"
"10736";"7";"A3.322 Saccharina latissima (anciennement Laminaria saccharina) et Psammechinus miliaris sur roche infralittorale broutée, en milieu à salinité variable";"A3.322";"Saccharina latissima (anciennement Laminaria saccharina) et Psammechinus miliaris sur roche infralittorale broutée, en milieu à salinité variable";"5"
"10737";"7";"A3.323 Saccharina latissima (anciennement Laminaria saccharina) avec Phyllophora spp. et algues vertes filamenteuses sur roche infralittorale en milieu à salinité variable ou réduite";"A3.323";"Saccharina latissima (anciennement Laminaria saccharina) avec Phyllophora spp. et algues vertes filamenteuses sur roche infralittorale en milieu à salinité variable ou réduite";"5"
"4759";"7";"A3.33 Fucales, algues vertes ou rouges submergées sur roche infralittorale de la Méditerranée en milieu marin";"A3.33";"Fucales, algues vertes ou rouges submergées sur roche infralittorale de la Méditerranée en milieu marin";"4"
"10738";"7";"A3.331 Association à Stypocaulon scoparium (= Halopteris scoparia)";"A3.331";"Association à Stypocaulon scoparium (= Halopteris scoparia)";"5"
"10740";"7";"A3.333 Association à Cystoseira compressa";"A3.333";"Association à Cystoseira compressa";"5"
"10742";"7";"A3.335 Faciès à grands Hydrozoaires";"A3.335";"Faciès à grands Hydrozoaires";"5"
"10743";"7";"A3.336 Association à Pterothamnion crispum et Compsothamnion thuyoides";"A3.336";"Association à Pterothamnion crispum et Compsothamnion thuyoides";"5"
"4763";"7";"A3.34 Fucales, algues vertes ou algues rouges submergées sur roche infralittorale en milieu à faible salinité";"A3.34";"Fucales, algues vertes ou algues rouges submergées sur roche infralittorale en milieu à faible salinité";"4"
"10751";"7";"A3.341 Population mixte de fucales, Chorda filum et algues vertes sur roche infralittorale en milieu à salinité réduite";"A3.341";"Population mixte de fucales, Chorda filum et algues vertes sur roche infralittorale en milieu à salinité réduite";"5"
"10752";"7";"A3.342 Ascophyllum nodosum, éponges et ascidies épiphytiques sur roche infralittorale en milieu à salinité variable";"A3.342";"Ascophyllum nodosum, éponges et ascidies épiphytiques sur roche infralittorale en milieu à salinité variable";"5"
"10757";"7";"A3.343 Polyides rotundus et/ou Furcellaria lumbricalis sur roche infralittorale en milieu à salinité réduite";"A3.343";"Polyides rotundus et/ou Furcellaria lumbricalis sur roche infralittorale en milieu à salinité réduite";"5"
"10758";"7";"A3.344 Fucus ceranoides et Ulva (anciennement Enteromorpha) spp. sur roche infralittorale en milieu à faible salinité";"A3.344";"Fucus ceranoides et Ulva (anciennement Enteromorpha) spp. sur roche infralittorale en milieu à faible salinité";"5"
"10759";"7";"A3.345 Codium elisabethae, Halopteris filicina et corallinacées encroûtantes sur roche infralittorale abritée";"A3.345";"Codium elisabethae, Halopteris filicina et corallinacées encroûtantes sur roche infralittorale abritée";"5"
"4765";"7";"A3.35 Biocénoses animales sur roche infralittorale sous faible hydrodynamisme";"A3.35";"Biocénoses animales sur roche infralittorale sous faible hydrodynamisme";"4"
"4766";"7";"A3.36 Biocénoses animales sur roche infralittorale en milieu à salinité variable ou réduite";"A3.36";"Biocénoses animales sur roche infralittorale en milieu à salinité variable ou réduite";"4"
"10716";"7";"A3.361 Moulières à Mytilus edulis sur roche infralittorale en milieu à salinité réduite";"A3.361";"Moulières à Mytilus edulis sur roche infralittorale en milieu à salinité réduite";"5"
"10717";"7";"A3.362 Cordylophora caspia et Einhornia crustulenta (anciennement Electra crustulenta) sur roche infralittorale en milieu à salinité réduite";"A3.362";"Cordylophora caspia et Einhornia crustulenta (anciennement Electra crustulenta) sur roche infralittorale en milieu à salinité réduite";"5"
"10718";"7";"A3.363 Hartlaubella gelatinosa et Conopeum reticulum sur substrat hétérogène infralittoral en milieu à faible salinité";"A3.363";"Hartlaubella gelatinosa et Conopeum reticulum sur substrat hétérogène infralittoral en milieu à faible salinité";"5"
"1616";"7";"A3.7 Habitats particuliers rocheux infralittoraux";"A3.7";"Habitats particuliers rocheux infralittoraux";"3"
"4757";"7";"A3.71 Faune recouvrante et encroûtante robuste dans des ravins creusés par les vagues ainsi que dans des grottes";"A3.71";"Faune recouvrante et encroûtante robuste dans des ravins creusés par les vagues ainsi que dans des grottes";"4"
"10722";"7";"A3.711 Algues foliacées et encroûtements de corallinales à l'entrée de ravins creusés par les vagues";"A3.711";"Algues foliacées et encroûtements de corallinales à l'entrée de ravins creusés par les vagues";"5"
"10723";"7";"A3.712 Anémones, dont Corynactis viridis, éponges encroûtantes et ascidies coloniales sur paroi rocheuse verticale infralittorale très exposée ou battue par les vagues";"A3.712";"Anémones, dont Corynactis viridis, éponges encroûtantes et ascidies coloniales sur paroi rocheuse verticale infralittorale très exposée ou battue par les vagues";"5"
"10727";"7";"A3.713 Éponges encroûtantes et ascidies coloniales, avec Dendrodoa grossularia ou balanes, sur roche infralittorale battue par les vagues";"A3.713";"Éponges encroûtantes et ascidies coloniales, avec Dendrodoa grossularia ou balanes, sur roche infralittorale battue par les vagues";"5"
"10729";"7";"A3.714 Dendrodoa grossularia et Clathrina coriacea sur paroi rocheuse infralittorale verticale battue par les vagues";"A3.714";"Dendrodoa grossularia et Clathrina coriacea sur paroi rocheuse infralittorale verticale battue par les vagues";"5"
"10733";"7";"A3.715 Éponges encroûtantes sur parois de grottes ou de ravins infralittoraux extrêmement battus par les vagues";"A3.715";"Éponges encroûtantes sur parois de grottes ou de ravins infralittoraux extrêmement battus par les vagues";"5"
"10734";"7";"A3.716 Encroûtements de corallinales dans des ravins creusés par les vagues et sur roche infralittorale abrasée par le sable";"A3.716";"Encroûtements de corallinales dans des ravins creusés par les vagues et sur roche infralittorale abrasée par le sable";"5"
"17518";"7";"A3.7161 Balanus crenatus et/ou Spirobranchus triqueter (anciennement Pomatoceros triqueter) avec polychètes spirorbidés et encroûtements de corallinales sur paroi rocheuse verticale infralittorale fortement abrasée par le sable";"A3.7161";"Balanus crenatus et/ou Spirobranchus triqueter (anciennement Pomatoceros triqueter) avec polychètes spirorbidés et encroûtements de corallinales sur paroi rocheuse verticale infralittorale fortement abrasée par le sable";"6"
"17519";"7";"A3.7162 Encroûtements de corallinales et crustacés sur blocs ou galets mobiles dans des ravins creusés par les vagues";"A3.7162";"Encroûtements de corallinales et crustacés sur blocs ou galets mobiles dans des ravins creusés par les vagues";"6"
"4760";"7";"A3.72 Biocénoses d'algues de type « salissure » infralittorales";"A3.72";"Biocénoses d'algues de type « salissure » infralittorales";"4"
"583";"7";"A4 Roche et autres substrats durs circalittoraux";"A4";"Roche et autres substrats durs circalittoraux";"2"
"1617";"7";"A4.1 Roche circalittorale de l'Atlantique et de la Méditerranée sous fort hydrodynamisme";"A4.1";"Roche circalittorale de l'Atlantique et de la Méditerranée sous fort hydrodynamisme";"3"
"4764";"7";"A4.11 Biocénoses animales sur roche circalittorale fortement soumise aux courants de marée";"A4.11";"Biocénoses animales sur roche circalittorale fortement soumise aux courants de marée";"4"
"10753";"7";"A4.111 Balanus crenatus et Tubularia indivisa sur roche circalittorale extrêmement soumise aux courants de marée";"A4.111";"Balanus crenatus et Tubularia indivisa sur roche circalittorale extrêmement soumise aux courants de marée";"5"
"10754";"7";"A4.112 Tubularia indivisa sur roche circalittorale soumise aux courants de marée";"A4.112";"Tubularia indivisa sur roche circalittorale soumise aux courants de marée";"5"
"17525";"7";"A4.1121 Tubularia indivisa et tapis d'éponges sur roche en place circalittorale soumise aux courants de marée en eau turbide";"A4.1121";"Tubularia indivisa et tapis d'éponges sur roche en place circalittorale soumise aux courants de marée en eau turbide";"6"
"17526";"7";"A4.1122 Alcyonium digitatum, avec population dense de Tubularia indivisa et anémones, sur roche circalittorale fortement soumise aux courants de marée";"A4.1122";"Alcyonium digitatum, avec population dense de Tubularia indivisa et anémones, sur roche circalittorale fortement soumise aux courants de marée";"6"
"4770";"7";"A4.12 Biocénoses à éponges sur roche du circalittoral profond";"A4.12";"Biocénoses à éponges sur roche du circalittoral profond";"4"
"10785";"7";"A4.121 Phakellia ventilabrum et éponges axinellidées sur roche du circalittoral profond exposée aux vagues";"A4.121";"Phakellia ventilabrum et éponges axinellidées sur roche du circalittoral profond exposée aux vagues";"5"
"4773";"7";"A4.13 Tapis de biocénoses animales mixtes sur roche circalittorale";"A4.13";"Tapis de biocénoses animales mixtes sur roche circalittorale";"4"
"10789";"7";"A4.131 Tapis de bryozoaires et d'éponges dressées sur roche circalittorale soumise aux courants de marée";"A4.131";"Tapis de bryozoaires et d'éponges dressées sur roche circalittorale soumise aux courants de marée";"5"
"17529";"7";"A4.1311 Eunicella verrucosa et Pentapora fascialis sur roche circalittorale exposée aux vagues";"A4.1311";"Eunicella verrucosa et Pentapora fascialis sur roche circalittorale exposée aux vagues";"6"
"17532";"7";"A4.1312 Tapis mixte de bryozoaires et d'éponges dressées, avec Dysidea fragilis et Actinothoe sphyrodeta, sur roche circalittorale soumise aux courants de marée et exposée aux vagues";"A4.1312";"Tapis mixte de bryozoaires et d'éponges dressées, avec Dysidea fragilis et Actinothoe sphyrodeta, sur roche circalittorale soumise aux courants de marée et exposée aux vagues";"6"
"17505";"7";"A4.1313 Tapis mixte de bryozoaires et éponges dressées avec Sagartia elegans sur roche circalittorale soumise aux courants de marée";"A4.1313";"Tapis mixte de bryozoaires et éponges dressées avec Sagartia elegans sur roche circalittorale soumise aux courants de marée";"6"
"10719";"7";"A4.132 Corynactis viridis et tapis mixte de crisiidés, Bugula, Scrupocellaria et Cellaria sur roche circalittorale exposée modérément soumise aux courants de marée";"A4.132";"Corynactis viridis et tapis mixte de crisiidés, Bugula, Scrupocellaria et Cellaria sur roche circalittorale exposée modérément soumise aux courants de marée";"5"
"10721";"7";"A4.133 Tapis mixte d'hydraires et grandes ascidies avec Swiftia pallida et Caryophyllia smithii sur roche circalittorale faiblement soumise aux courants de marée";"A4.133";"Tapis mixte d'hydraires et grandes ascidies avec Swiftia pallida et Caryophyllia smithii sur roche circalittorale faiblement soumise aux courants de marée";"5"
"10724";"7";"A4.134 Flustra foliacea et ascidies coloniales sur roche circalittorale soumise aux courants de marée et modérément exposée aux vagues";"A4.134";"Flustra foliacea et ascidies coloniales sur roche circalittorale soumise aux courants de marée et modérément exposée aux vagues";"5"
"17524";"7";"A4.1341 Polyclinum aurantium et Flustra foliacea sur roche circalittorale abrasée par le sable, soumise aux courants de marée et modérément exposée aux vagues";"A4.1341";"Polyclinum aurantium et Flustra foliacea sur roche circalittorale abrasée par le sable, soumise aux courants de marée et modérément exposée aux vagues";"6"
"17514";"7";"A4.1342 Flustra foliacea, petites ascidies solitaires et coloniales sur roche ou blocs circalittoraux soumis aux courants de marée";"A4.1342";"Flustra foliacea, petites ascidies solitaires et coloniales sur roche ou blocs circalittoraux soumis aux courants de marée";"6"
"17520";"7";"A4.1343 Flustra foliacea et ascidies coloniales sur substrat hétérogène circalittoral exposé et soumis aux courants de marée";"A4.1343";"Flustra foliacea et ascidies coloniales sur substrat hétérogène circalittoral exposé et soumis aux courants de marée";"6"
"10730";"7";"A4.135 Éponges clairsemées, Nemertesia spp. et Alcyonidium diaphanum sur substrat hétérogène circalittoral";"A4.135";"Éponges clairsemées, Nemertesia spp. et Alcyonidium diaphanum sur substrat hétérogène circalittoral";"5"
"10731";"7";"A4.136 Suberites spp. avec tapis mixte de crisiidés et Bugula spp. sur roche circalittorale très envasée peu profonde et modérément exposée aux vagues";"A4.136";"Suberites spp. avec tapis mixte de crisiidés et Bugula spp. sur roche circalittorale très envasée peu profonde et modérément exposée aux vagues";"5"
"10750";"7";"A4.137 Flustra foliacea et Haliclona (Haliclona) oculata avec riche tapis faunistique sur substrat hétérogène circalittoral soumis aux courants de marée";"A4.137";"Flustra foliacea et Haliclona (Haliclona) oculata avec riche tapis faunistique sur substrat hétérogène circalittoral soumis aux courants de marée";"5"
"10735";"7";"A4.138 Molgula manhattensis avec tapis d'hydraires et de bryozoaires sur roche circalittorale soumise aux courants de marée et modérément exposée aux vagues";"A4.138";"Molgula manhattensis avec tapis d'hydraires et de bryozoaires sur roche circalittorale soumise aux courants de marée et modérément exposée aux vagues";"5"
"10638";"7";"A4.139 Éponges et anémones sur parois verticales de roche circalittorale";"A4.139";"Éponges et anémones sur parois verticales de roche circalittorale";"5"
"1610";"7";"A4.2 Roche circalittorale de l'Atlantique et de la Méditerranée sous hydrodynamisme modéré";"A4.2";"Roche circalittorale de l'Atlantique et de la Méditerranée sous hydrodynamisme modéré";"3"
"4742";"7";"A4.21 Biocénoses à échinodermes et espèces encroûtantes sur roche circalittorale";"A4.21";"Biocénoses à échinodermes et espèces encroûtantes sur roche circalittorale";"4"
"10652";"7";"A4.211 Caryophyllia smithii et Swiftia pallida sur roche circalittorale";"A4.211";"Caryophyllia smithii et Swiftia pallida sur roche circalittorale";"5"
"17497";"7";"A4.2111 Caryophyllia smithii, Swiftia pallida et Alcyonium glomeratum sur roche circalittorale abritée";"A4.2111";"Caryophyllia smithii, Swiftia pallida et Alcyonium glomeratum sur roche circalittorale abritée";"6"
"17498";"7";"A4.2112 Caryophyllia smithii, Swiftia pallida et grandes ascidies solitaires sur roche circalittorale exposée ou modérément exposée";"A4.2112";"Caryophyllia smithii, Swiftia pallida et grandes ascidies solitaires sur roche circalittorale exposée ou modérément exposée";"6"
"10671";"7";"A4.212 Biocénoses à Caryophyllia smithii, éponges et espèces encroûtantes, sur roche circalittorale exposée aux vagues";"A4.212";"Biocénoses à Caryophyllia smithii, éponges et espèces encroûtantes, sur roche circalittorale exposée aux vagues";"5"
"17503";"7";"A4.2121 Ophiures sur encroûtements de corallines, Parasmittina trispinosa et Caryophyllia smithii sur roche circalittorale exposée aux vagues";"A4.2121";"Ophiures sur encroûtements de corallines, Parasmittina trispinosa et Caryophyllia smithii sur roche circalittorale exposée aux vagues";"6"
"17462";"7";"A4.2122 Biocénoses à Caryophyllia smithii et éponges avec Pentapora fascialis, Porella compressa et espèces encroûtantes sur roche circalittorale exposée aux vagues";"A4.2122";"Biocénoses à Caryophyllia smithii et éponges avec Pentapora fascialis, Porella compressa et espèces encroûtantes sur roche circalittorale exposée aux vagues";"6"
"10550";"7";"A4.213 Urticina felina et faune supportant le sable sur roche circalittorale couverte ou abrasée par le sable";"A4.213";"Urticina felina et faune supportant le sable sur roche circalittorale couverte ou abrasée par le sable";"5"
"10551";"7";"A4.214 Faune et flore encroûtantes sur roche circalittorale exposée à modérément exposée aux vagues";"A4.214";"Faune et flore encroûtantes sur roche circalittorale exposée à modérément exposée aux vagues";"5"
"17468";"7";"A4.2141 Flustra foliacea sur roche circalittorale envasée légèrement abrasée";"A4.2141";"Flustra foliacea sur roche circalittorale envasée légèrement abrasée";"6"
"17470";"7";"A4.2142 Alcyonium digitatum, Spirobranchus triqueter (anciennement Pomatoceros triqueter), algues et bryozoaires encroûtants sur roche circalittorale exposée aux vagues";"A4.2142";"Alcyonium digitatum, Spirobranchus triqueter (anciennement Pomatoceros triqueter), algues et bryozoaires encroûtants sur roche circalittorale exposée aux vagues";"6"
"17471";"7";"A4.2143 Alcyonium digitatum avec Securiflustra securifrons sur roche circalittorale soumise aux courants de marée et modérément exposée aux vagues";"A4.2143";"Alcyonium digitatum avec Securiflustra securifrons sur roche circalittorale soumise aux courants de marée et modérément exposée aux vagues";"6"
"17474";"7";"A4.2144 Ophiures sur faune et flore encroûtantes de la roche circalittorale exposée à modérément exposée aux vagues";"A4.2144";"Ophiures sur faune et flore encroûtantes de la roche circalittorale exposée à modérément exposée aux vagues";"6"
"17475";"7";"A4.2145 Faune et flore encroûtantes avec Spirobranchus triqueter (anciennement Pomatoceros triqueter) et population clairsemée de Alcyonium digitatum sur roche circalittorale exposée à modérément exposée aux vagues";"A4.2145";"Faune et flore encroûtantes avec Spirobranchus triqueter (anciennement Pomatoceros triqueter) et population clairsemée de Alcyonium digitatum sur roche circalittorale exposée à modérément exposée aux vagues";"6"
"17478";"7";"A4.2146 Caryophyllia smithii avec faune et flore encroûtantes sur roche circalittorale modérément exposée aux vagues";"A4.2146";"Caryophyllia smithii avec faune et flore encroûtantes sur roche circalittorale modérément exposée aux vagues";"6"
"10600";"7";"A4.215 Biocénoses à Alcyonium digitatum et faune encroûtante sur paroi verticale de roche circalittorale";"A4.215";"Biocénoses à Alcyonium digitatum et faune encroûtante sur paroi verticale de roche circalittorale";"5"
"4733";"7";"A4.22 Récifs de Sabellaria sur roche circalittorale";"A4.22";"Récifs de Sabellaria sur roche circalittorale";"4"
"10608";"7";"A4.221 Encroûtement à Sabellaria spinulosa sur roche circalittorale";"A4.221";"Encroûtement à Sabellaria spinulosa sur roche circalittorale";"5"
"17493";"7";"A4.2211 Sabellaria spinulosa avec tapis de bryozoaires et de balanes sur roche circalittorale envasée en eau turbide";"A4.2211";"Sabellaria spinulosa avec tapis de bryozoaires et de balanes sur roche circalittorale envasée en eau turbide";"6"
"17495";"7";"A4.2212 Sabellaria spinulosa, Didemnidés et petites ascidies sur roche circalittorale soumise aux courants de marée et modérément exposée aux vagues";"A4.2212";"Sabellaria spinulosa, Didemnidés et petites ascidies sur roche circalittorale soumise aux courants de marée et modérément exposée aux vagues";"6"
"4738";"7";"A4.23 Biocénoses sur roche tendre circalittorale";"A4.23";"Biocénoses sur roche tendre circalittorale";"4"
"10612";"7";"A4.231 Pholades avec faune associée clairsemée sur de la craie très tendre ou de l'argile subtidale";"A4.231";"Pholades avec faune associée clairsemée sur de la craie très tendre ou de l'argile subtidale";"5"
"10622";"7";"A4.232 Tubes de Polydora sp. sur roche tendre subtidale modérément exposée";"A4.232";"Tubes de Polydora sp. sur roche tendre subtidale modérément exposée";"5"
"10623";"7";"A4.233 Paroi rocheuse calcaire verticale subtidale creusée par Hiatella";"A4.233";"Paroi rocheuse calcaire verticale subtidale creusée par Hiatella";"5"
"4743";"7";"A4.24 Moulières sur roche circalittorale";"A4.24";"Moulières sur roche circalittorale";"4"
"10639";"7";"A4.241 Moulières à Mytilus edulis avec hydraires et ascidies sur roche circalittorale soumise aux courants de marée et exposée à modérément exposée aux vagues";"A4.241";"Moulières à Mytilus edulis avec hydraires et ascidies sur roche circalittorale soumise aux courants de marée et exposée à modérément exposée aux vagues";"5"
"10653";"7";"A4.242 Moulières à Musculus discors sur roche circalittorale modérément exposée";"A4.242";"Moulières à Musculus discors sur roche circalittorale modérément exposée";"5"
"4748";"7";"A4.25 Biocénoses faunistiques circalittorales en milieu à salinité variable";"A4.25";"Biocénoses faunistiques circalittorales en milieu à salinité variable";"4"
"10655";"7";"A4.251 Tapis d'éponges et hydraires sur roche circalittorale abritée soumise aux courants de marée en eau turbide";"A4.251";"Tapis d'éponges et hydraires sur roche circalittorale abritée soumise aux courants de marée en eau turbide";"5"
"17499";"7";"A4.2511 Tapis d'éponges, hydraires et ascidies sur roche circalittorale abritée soumise aux courants de marée en eau turbide";"A4.2511";"Tapis d'éponges, hydraires et ascidies sur roche circalittorale abritée soumise aux courants de marée en eau turbide";"6"
"17500";"7";"A4.2512 Tapis d'éponges et hydraires sur roche circalittorale abritée soumise aux courants de marée en eau turbide à salinité variable";"A4.2512";"Tapis d'éponges et hydraires sur roche circalittorale abritée soumise aux courants de marée en eau turbide à salinité variable";"6"
"10672";"7";"A4.252 Halichondria bowerbanki, Eudendrium arbuscula et Eucratea loricata sur substrat hétérogène circalittoral soumis aux courants de marée en milieu à salinité réduite";"A4.252";"Halichondria bowerbanki, Eudendrium arbuscula et Eucratea loricata sur substrat hétérogène circalittoral soumis aux courants de marée en milieu à salinité réduite";"5"
"4753";"7";"A4.26 Biocénoses coralligènes méditerranéennes modérément exposées à l'hydrodynamisme";"A4.26";"Biocénoses coralligènes méditerranéennes modérément exposées à l'hydrodynamisme";"4"
"10673";"7";"A4.261 Association à Cystoseira zosteroides";"A4.261";"Association à Cystoseira zosteroides";"5"
"10674";"7";"A4.262 Association à Cystoseira usneoides";"A4.262";"Association à Cystoseira usneoides";"5"
"10677";"7";"A4.265 Association à Sargassum spp.";"A4.265";"Association à Sargassum spp.";"5"
"10678";"7";"A4.266 Association à Mesophyllum lichenoides";"A4.266";"Association à Mesophyllum lichenoides";"5"
"10679";"7";"A4.267 Bioconcrétion algale à Lithophyllum stictaeforme (anciennement Lithophyllum frondosum) et Halimeda tuna";"A4.267";"Bioconcrétion algale à Lithophyllum stictaeforme (anciennement Lithophyllum frondosum) et Halimeda tuna";"5"
"10689";"7";"A4.269 Faciès à Eunicella cavolini";"A4.269";"Faciès à Eunicella cavolini";"5"
"10690";"7";"A4.26A Faciès à Eunicella singularis";"A4.26A";"Faciès à Eunicella singularis";"5"
"10691";"7";"A4.26B Faciès à Paramuricea clavata";"A4.26B";"Faciès à Paramuricea clavata";"5"
"10692";"7";"A4.26C Faciès à Parazoanthus axinellae";"A4.26C";"Faciès à Parazoanthus axinellae";"5"
"10693";"7";"A4.26D Plateformes coralligènes";"A4.26D";"Plateformes coralligènes";"5"
"4754";"7";"A4.27 Biocénoses faunistiques sur roche du circalittoral profond sous hydrodynamisme modéré";"A4.27";"Biocénoses faunistiques sur roche du circalittoral profond sous hydrodynamisme modéré";"4"
"1612";"7";"A4.3 Roche circalittorale de l'Atlantique et de la Méditerranée sous faible hydrodynamisme";"A4.3";"Roche circalittorale de l'Atlantique et de la Méditerranée sous faible hydrodynamisme";"3"
"4755";"7";"A4.31 Biocénoses à brachiopodes et ascidies sur roche circalittorale";"A4.31";"Biocénoses à brachiopodes et ascidies sur roche circalittorale";"4"
"10536";"7";"A4.311 Ascidies solitaires, dont Ascidia mentula et Ciona intestinalis, sur roche circalittorale abritée";"A4.311";"Ascidies solitaires, dont Ascidia mentula et Ciona intestinalis, sur roche circalittorale abritée";"5"
"17467";"7";"A4.3111 Ascidies solitaires, dont Ascidia mentula et Ciona intestinalis, avec Antedon spp. sur roche circalittorale abritée";"A4.3111";"Ascidies solitaires, dont Ascidia mentula et Ciona intestinalis, avec Antedon spp. sur roche circalittorale abritée";"6"
"17469";"7";"A4.3112 Population dense d'ophiures avec population clairsemée de Ascidia mentula et Ciona intestinalis sur substrat hétérogène abrité circalittoral";"A4.3112";"Population dense d'ophiures avec population clairsemée de Ascidia mentula et Ciona intestinalis sur substrat hétérogène abrité circalittoral";"6"
"10562";"7";"A4.312 Grandes ascidies solitaires et éponges dressées sur roche circalittorale abritée";"A4.312";"Grandes ascidies solitaires et éponges dressées sur roche circalittorale abritée";"5"
"10572";"7";"A4.313 Antedon spp., ascidies solitaires et fins hydraires sur roche abritée circalittorale";"A4.313";"Antedon spp., ascidies solitaires et fins hydraires sur roche abritée circalittorale";"5"
"10581";"7";"A4.314 Novocrania anomala et Protanthea simplex sur roche abritée circalittorale";"A4.314";"Novocrania anomala et Protanthea simplex sur roche abritée circalittorale";"5"
"17479";"7";"A4.3141 Novocrania anomala et Protanthea simplex sur roche circalittorale très abritée";"A4.3141";"Novocrania anomala et Protanthea simplex sur roche circalittorale très abritée";"6"
"17480";"7";"A4.3142 Novocrania anomala, Dendrodoa grossularia et Sarcodictyon roseum sur roche circalittorale en milieu à salinité variable";"A4.3142";"Novocrania anomala, Dendrodoa grossularia et Sarcodictyon roseum sur roche circalittorale en milieu à salinité variable";"6"
"4734";"7";"A4.32 Biocénoses coralligènes méditerranéennes abritées de l'action hydrodynamique";"A4.32";"Biocénoses coralligènes méditerranéennes abritées de l'action hydrodynamique";"4"
"10601";"7";"A4.321 Association à Rodriguezella strafforellii";"A4.321";"Association à Rodriguezella strafforellii";"5"
"4735";"7";"A4.33 Biocénoses faunistiques sur roche du circalittoral profond sous faible hydrodynamisme";"A4.33";"Biocénoses faunistiques sur roche du circalittoral profond sous faible hydrodynamisme";"4"
"1608";"7";"A4.7 Habitats rocheux circalittoraux particuliers";"A4.7";"Habitats rocheux circalittoraux particuliers";"3"
"4736";"7";"A4.71 Biocénoses circalittorales de grottes et de surplombs";"A4.71";"Biocénoses circalittorales de grottes et de surplombs";"4"
"10613";"7";"A4.711 Éponges, scléractiniaires et anthozoaires sur roche circalittorale ombragée ou en surplomb";"A4.711";"Éponges, scléractiniaires et anthozoaires sur roche circalittorale ombragée ou en surplomb";"5"
"10614";"7";"A4.712 Grottes et surplombs à Parazoanthus axinellae";"A4.712";"Grottes et surplombs à Parazoanthus axinellae";"5"
"10615";"7";"A4.713 Grottes et surplombs à Corallium rubrum";"A4.713";"Grottes et surplombs à Corallium rubrum";"5"
"10616";"7";"A4.714 Grottes et surplombs à Leptopsammia pruvoti";"A4.714";"Grottes et surplombs à Leptopsammia pruvoti";"5"
"10617";"7";"A4.715 Grottes et conduits à obscurité totale (incluant les grottes sans lumière ni eau en mouvement aux étages supérieurs)";"A4.715";"Grottes et conduits à obscurité totale (incluant les grottes sans lumière ni eau en mouvement aux étages supérieurs)";"5"
"4739";"7";"A4.72 Biocénoses faunistiques circalittorales de type « salissure »";"A4.72";"Biocénoses faunistiques circalittorales de type « salissure »";"4"
"10624";"7";"A4.721 Alcyonium digitatum et Metridium senile sur des épaves d'acier modérément exposées aux vagues dans le circalittoral";"A4.721";"Alcyonium digitatum et Metridium senile sur des épaves d'acier modérément exposées aux vagues dans le circalittoral";"5"
"10625";"7";"A4.722 Ascidiella aspersa sur substrats artificiels circalittoraux";"A4.722";"Ascidiella aspersa sur substrats artificiels circalittoraux";"5"
"582";"7";"A5 Sédiment subtidal";"A5";"Sédiment subtidal";"2"
"1609";"7";"A5.1 Sédiment grossier subtidal";"A5.1";"Sédiment grossier subtidal";"3"
"4745";"7";"A5.12 Sédiment grossier en milieu à salinité variable (estuaires)";"A5.12";"Sédiment grossier en milieu à salinité variable (estuaires)";"4"
"4746";"7";"A5.13 Sédiment grossier infralittoral";"A5.13";"Sédiment grossier infralittoral";"4"
"10645";"7";"A5.131 Faune clairsemée sur galets et cailloutis mobiles subtidaux";"A5.131";"Faune clairsemée sur galets et cailloutis mobiles subtidaux";"5"
"10656";"7";"A5.132 Halcampa chrysanthellum et Edwardsia timida sur gravier propre subtidal";"A5.132";"Halcampa chrysanthellum et Edwardsia timida sur gravier propre subtidal";"5"
"10657";"7";"A5.133 Moerella spp. et bivalves vénéridés dans du sable graveleux infralittoral";"A5.133";"Moerella spp. et bivalves vénéridés dans du sable graveleux infralittoral";"5"
"10665";"7";"A5.134 Hesionura elongata, Microphthalmus similis et autres polychètes interstitiels dans du sable grossier mobile infralittoral";"A5.134";"Hesionura elongata, Microphthalmus similis et autres polychètes interstitiels dans du sable grossier mobile infralittoral";"5"
"10666";"7";"A5.135 Glycera lapidum dans du gravier et du sable mobiles infralittoraux à biocénose appauvrie";"A5.135";"Glycera lapidum dans du gravier et du sable mobiles infralittoraux à biocénose appauvrie";"5"
"10680";"7";"A5.136 Cumacées et Chaetozone setosa dans du sable graveleux infralittoral";"A5.136";"Cumacées et Chaetozone setosa dans du sable graveleux infralittoral";"5"
"10681";"7";"A5.137 Bancs de Lanice conchilega et autres polychètes dans du sable graveleux infralittoral soumis aux courants de marée";"A5.137";"Bancs de Lanice conchilega et autres polychètes dans du sable graveleux infralittoral soumis aux courants de marée";"5"
"10682";"7";"A5.138 Association à rhodolithes sur sables grossiers et fins graviers brassés par les vagues";"A5.138";"Association à rhodolithes sur sables grossiers et fins graviers brassés par les vagues";"5"
"10683";"7";"A5.139 Faciès à Gouania willdenowi";"A5.139";"Faciès à Gouania willdenowi";"5"
"4724";"7";"A5.14 Sédiment grossier circalittoral";"A5.14";"Sédiment grossier circalittoral";"4"
"10546";"7";"A5.141 Spirobranchus triqueter (anciennement Pomatoceros triqueter), balanes et bryozoaires encroûtants sur galets et cailloutis instables circalittoraux";"A5.141";"Spirobranchus triqueter (anciennement Pomatoceros triqueter), balanes et bryozoaires encroûtants sur galets et cailloutis instables circalittoraux";"5"
"10552";"7";"A5.142 Mediomastus fragilis, Lumbrineris spp. et bivalves vénéridés dans du sable grossier ou du gravier circalittoral";"A5.142";"Mediomastus fragilis, Lumbrineris spp. et bivalves vénéridés dans du sable grossier ou du gravier circalittoral";"5"
"10555";"7";"A5.143 Protodorvillea kefersteini et autres polychètes dans du sable graveleux hétérogène circalittoral à biocénose appauvrie";"A5.143";"Protodorvillea kefersteini et autres polychètes dans du sable graveleux hétérogène circalittoral à biocénose appauvrie";"5"
"10556";"7";"A5.144 Neopentadactyla mixta dans du gravier ou du sable grossier coquillier circalittoral";"A5.144";"Neopentadactyla mixta dans du gravier ou du sable grossier coquillier circalittoral";"5"
"10557";"7";"A5.145 Branchiostoma lanceolatum dans du sédiment grossier sablo-graveleux circalittoral";"A5.145";"Branchiostoma lanceolatum dans du sédiment grossier sablo-graveleux circalittoral";"5"
"10558";"7";"A5.146 Coquilles Saint-Jacques sur gravier et sable coquillier érodé";"A5.146";"Coquilles Saint-Jacques sur gravier et sable coquillier érodé";"5"
"4726";"7";"A5.15 Sédiment grossier circalittoral profond";"A5.15";"Sédiment grossier circalittoral profond";"4"
"10563";"7";"A5.151 Glycera lapidum, Thyasira spp. et Amythasides macroglossus dans du sable graveleux circalittoral profond";"A5.151";"Glycera lapidum, Thyasira spp. et Amythasides macroglossus dans du sable graveleux circalittoral profond";"5"
"10564";"7";"A5.152 Hesionura elongata et Protodorvillea kefersteini dans du sable grossier circalittoral profond";"A5.152";"Hesionura elongata et Protodorvillea kefersteini dans du sable grossier circalittoral profond";"5"
"1604";"7";"A5.2 Sable subtidal";"A5.2";"Sable subtidal";"3"
"4727";"7";"A5.21 Sable subtidal en milieu à salinité faible ou réduite";"A5.21";"Sable subtidal en milieu à salinité faible ou réduite";"4"
"4728";"7";"A5.22 Sable subtidal soumis à des variations de salinité (estuaires)";"A5.22";"Sable subtidal soumis à des variations de salinité (estuaires)";"4"
"10577";"7";"A5.221 Sable mobile infralittoral soumis à des variations de salinité (estuaires)";"A5.221";"Sable mobile infralittoral soumis à des variations de salinité (estuaires)";"5"
"10578";"7";"A5.222 Nephtys cirrosa et Macoma balthica dans du sable mobile infralittoral en milieu à salinité variable";"A5.222";"Nephtys cirrosa et Macoma balthica dans du sable mobile infralittoral en milieu à salinité variable";"5"
"10582";"7";"A5.223 Neomysis integer et Gammarus spp. dans du sable mobile infralittoral en milieu à salinité faible et variable";"A5.223";"Neomysis integer et Gammarus spp. dans du sable mobile infralittoral en milieu à salinité faible et variable";"5"
"4730";"7";"A5.23 Sable fin infralittoral";"A5.23";"Sable fin infralittoral";"4"
"10584";"7";"A5.231 Sable propre mobile infralittoral à faune clairsemée";"A5.231";"Sable propre mobile infralittoral à faune clairsemée";"5"
"10594";"7";"A5.232 Sertularia cupressina et Hydrallmania falcata sur sable subtidal avec galets ou cailloutis soumis aux courants de marée";"A5.232";"Sertularia cupressina et Hydrallmania falcata sur sable subtidal avec galets ou cailloutis soumis aux courants de marée";"5"
"10595";"7";"A5.233 Nephtys cirrosa et Bathyporeia spp. dans du sable infralittoral";"A5.233";"Nephtys cirrosa et Bathyporeia spp. dans du sable infralittoral";"5"
"10596";"7";"A5.234 Amphipodes et polychètes tubicoles semi-permanents dans du sable subtidal";"A5.234";"Amphipodes et polychètes tubicoles semi-permanents dans du sable subtidal";"5"
"10603";"7";"A5.235 Biocénoses méditerranéennes des sables fins dans les eaux très peu profondes";"A5.235";"Biocénoses méditerranéennes des sables fins dans les eaux très peu profondes";"5"
"17481";"7";"A5.2351 Faciès à Lentidium mediterraneum";"A5.2351";"Faciès à Lentidium mediterraneum";"6"
"10604";"7";"A5.236 Biocénoses méditerranéennes des sables fins bien calibrés";"A5.236";"Biocénoses méditerranéennes des sables fins bien calibrés";"5"
"4737";"7";"A5.24 Sable vaseux infralittoral";"A5.24";"Sable vaseux infralittoral";"4"
"10609";"7";"A5.241 Echinocardium cordatum et Ensis spp. dans du sable fin légèrement vaseux subtidal de la partie inférieure du rivage et à faible profondeur";"A5.241";"Echinocardium cordatum et Ensis spp. dans du sable fin légèrement vaseux subtidal de la partie inférieure du rivage et à faible profondeur";"5"
"10619";"7";"A5.242 Tellina fabula, Magelona mirabilis, bivalves vénéridés et amphipodes dans du sable fin envasé compact infralittoral";"A5.242";"Tellina fabula, Magelona mirabilis, bivalves vénéridés et amphipodes dans du sable fin envasé compact infralittoral";"5"
"10632";"7";"A5.244 Spisula subtruncata et Nephtys hombergii dans du sable envasé peu profond";"A5.244";"Spisula subtruncata et Nephtys hombergii dans du sable envasé peu profond";"5"
"10633";"7";"A5.245 Turritella dans du sable envasé";"A5.245";"Turritella dans du sable envasé";"5"
"10634";"7";"A5.246 Bancs de Ervilia castanea dans du sable infralittoral";"A5.246";"Bancs de Ervilia castanea dans du sable infralittoral";"5"
"4741";"7";"A5.25 Sable fin circalittoral";"A5.25";"Sable fin circalittoral";"4"
"10637";"7";"A5.251 Echinocyamus pusillus, Ophelia borealis et Abra prismatica dans du sable fin circalittoral";"A5.251";"Echinocyamus pusillus, Ophelia borealis et Abra prismatica dans du sable fin circalittoral";"5"
"10646";"7";"A5.252 Abra prismatica, Bathyporeia elegans et polychètes dans du sable fin circalittoral";"A5.252";"Abra prismatica, Bathyporeia elegans et polychètes dans du sable fin circalittoral";"5"
"10647";"7";"A5.253 Polychètes Spiophanes kroyeri, Pectinaria auricoma, Myriochele sp., Aricidea wassi et Amphipodes Harpinia antennaria dans du sable moyen à très fin, à une profondeur de 100 à 120 m";"A5.253";"Polychètes Spiophanes kroyeri, Pectinaria auricoma, Myriochele sp., Aricidea wassi et Amphipodes Harpinia antennaria dans du sable moyen à très fin, à une profondeur de 100 à 120 m";"5"
"4747";"7";"A5.26 Sable envasé circalittoral";"A5.26";"Sable envasé circalittoral";"4"
"10648";"7";"A5.261 Abra alba et Nucula nitidosa dans du sable envasé ou des sédiments légèrement hétérogènes circalittoraux";"A5.261";"Abra alba et Nucula nitidosa dans du sable envasé ou des sédiments légèrement hétérogènes circalittoraux";"5"
"10649";"7";"A5.262 Acrocnida brachiata, Astropecten irregularis et autres échinodermes dans du sable envasé circalittoral";"A5.262";"Acrocnida brachiata, Astropecten irregularis et autres échinodermes dans du sable envasé circalittoral";"5"
"4749";"7";"A5.27 Sable circalittoral profond";"A5.27";"Sable circalittoral profond";"4"
"10659";"7";"A5.271 Polychètes Maldanidés et Eudorellopsis deformis dans du sable ou du sable envasé circalittoral profond";"A5.271";"Polychètes Maldanidés et Eudorellopsis deformis dans du sable ou du sable envasé circalittoral profond";"5"
"10660";"7";"A5.272 Owenia fusiformis et Amphiura filiformis dans du sable ou du sable envasé circalittoral profond";"A5.272";"Owenia fusiformis et Amphiura filiformis dans du sable ou du sable envasé circalittoral profond";"5"
"4750";"7";"A5.28 Biocénoses méditerranéennes des sables vaseux superficiels de mode calme";"A5.28";"Biocénoses méditerranéennes des sables vaseux superficiels de mode calme";"4"
"10662";"7";"A5.281 Faciès à Pestarella tyrrhena (anciennement Callianassa tyrrhena) et Bornia sebetia";"A5.281";"Faciès à Pestarella tyrrhena (anciennement Callianassa tyrrhena) et Bornia sebetia";"5"
"10663";"7";"A5.282 Faciès avec résurgence d'eau douce à Cerastoderma glaucum et Cyathura carinata";"A5.282";"Faciès avec résurgence d'eau douce à Cerastoderma glaucum et Cyathura carinata";"5"
"10664";"7";"A5.283 Faciès à Loripes lucinalis (anciennement Loripes lacteus), Tapes spp.";"A5.283";"Faciès à Loripes lucinalis (anciennement Loripes lacteus), Tapes spp.";"5"
"10667";"7";"A5.284 Association à Caulerpa prolifera sur sables vaseux superficiels de mode calme";"A5.284";"Association à Caulerpa prolifera sur sables vaseux superficiels de mode calme";"5"
"1611";"7";"A5.3 Vase subtidale";"A5.3";"Vase subtidale";"3"
"4751";"7";"A5.31 Vase subtidale en milieu à salinité faible ou réduite";"A5.31";"Vase subtidale en milieu à salinité faible ou réduite";"4"
"4752";"7";"A5.32 Vase subtidale en milieu à salinité variable (estuaires)";"A5.32";"Vase subtidale en milieu à salinité variable (estuaires)";"4"
"10684";"7";"A5.322 Aphelochaeta marioni et Tubificoides spp. dans de la vase infralittorale en milieu à salinité variable";"A5.322";"Aphelochaeta marioni et Tubificoides spp. dans de la vase infralittorale en milieu à salinité variable";"5"
"10685";"7";"A5.323 Nephtys hombergii et Tubificoides spp. dans de la vase meuble infralittorale en milieu à salinité variable";"A5.323";"Nephtys hombergii et Tubificoides spp. dans de la vase meuble infralittorale en milieu à salinité variable";"5"
"10686";"7";"A5.324 Vase mobile fluide infralittorale";"A5.324";"Vase mobile fluide infralittorale";"5"
"10687";"7";"A5.325 Capitella capitata et Tubificoides spp. dans des sédiments envasés infralittoraux en milieu à salinité réduite";"A5.325";"Capitella capitata et Tubificoides spp. dans des sédiments envasés infralittoraux en milieu à salinité réduite";"5"
"10533";"7";"A5.326 Oligochètes dans des sédiments envasés infralittoraux en milieu à salinité variable ou réduite";"A5.326";"Oligochètes dans des sédiments envasés infralittoraux en milieu à salinité variable ou réduite";"5"
"10534";"7";"A5.327 Limnodrilus hoffmeisteri, Tubifex tubifex et Gammarus spp. dans des sédiments envasés infralittoraux en milieu à faible salinité";"A5.327";"Limnodrilus hoffmeisteri, Tubifex tubifex et Gammarus spp. dans des sédiments envasés infralittoraux en milieu à faible salinité";"5"
"4723";"7";"A5.33 Vase sableuse infralittorale";"A5.33";"Vase sableuse infralittorale";"4"
"10547";"7";"A5.331 Nephtys hombergii et Macoma balthica dans de la vase sableuse infralittorale";"A5.331";"Nephtys hombergii et Macoma balthica dans de la vase sableuse infralittorale";"5"
"10548";"7";"A5.332 Sagartiogeton undatus et Ascidiella aspersa sur vase sableuse infralittorale";"A5.332";"Sagartiogeton undatus et Ascidiella aspersa sur vase sableuse infralittorale";"5"
"10549";"7";"A5.333 Kurtiella bidentata et Abra spp. dans de la vase sableuse infralittorale";"A5.333";"Kurtiella bidentata et Abra spp. dans de la vase sableuse infralittorale";"5"
"10553";"7";"A5.334 Melinna palmata, Magelona spp. et Thyasira spp. dans de la vase sableuse infralittorale";"A5.334";"Melinna palmata, Magelona spp. et Thyasira spp. dans de la vase sableuse infralittorale";"5"
"10554";"7";"A5.335 Ampelisca spp., Photis longicaudata, et autres amphipodes et polychètes tubicoles dans de la vase sableuse infralittorale";"A5.335";"Ampelisca spp., Photis longicaudata, et autres amphipodes et polychètes tubicoles dans de la vase sableuse infralittorale";"5"
"10559";"7";"A5.336 Capitella capitata dans des sédiments vaseux enrichis subtidaux";"A5.336";"Capitella capitata dans des sédiments vaseux enrichis subtidaux";"5"
"4725";"7";"A5.34 Vase fine infralittorale";"A5.34";"Vase fine infralittorale";"4"
"10610";"7";"A5.341 Cerastoderma edule et Abra nitida dans de la vase infralittorale";"A5.341";"Cerastoderma edule et Abra nitida dans de la vase infralittorale";"5"
"10567";"7";"A5.343 Philine aperta et Virgularia mirabilis dans de la vase meuble stable infralittorale";"A5.343";"Philine aperta et Virgularia mirabilis dans de la vase meuble stable infralittorale";"5"
"10568";"7";"A5.344 Agrégats de Ocnus planci sur sédiment vaseux abrité subtidal";"A5.344";"Agrégats de Ocnus planci sur sédiment vaseux abrité subtidal";"5"
"10570";"7";"A5.346 Oligochètes dans de la vase mobile";"A5.346";"Oligochètes dans de la vase mobile";"5"
"4732";"7";"A5.35 Vase sableuse circalittorale";"A5.35";"Vase sableuse circalittorale";"4"
"10597";"7";"A5.351 Amphiura filiformis, Kurtiella bidentata et Abra nitida dans de la vase sableuse circalittorale";"A5.351";"Amphiura filiformis, Kurtiella bidentata et Abra nitida dans de la vase sableuse circalittorale";"5"
"10598";"7";"A5.352 Thyasira spp. et Ennucula tenuis dans de la vase sableuse circalittorale";"A5.352";"Thyasira spp. et Ennucula tenuis dans de la vase sableuse circalittorale";"5"
"10599";"7";"A5.353 Amphiura filiformis et Ennucula tenuis dans du sable vaseux circalittoral et du large";"A5.353";"Amphiura filiformis et Ennucula tenuis dans du sable vaseux circalittoral et du large";"5"
"10621";"7";"A5.354 Virgularia mirabilis, Ophiura spp et Pecten maximus sur vase sableuse ou coquillière circalittorale";"A5.354";"Virgularia mirabilis, Ophiura spp et Pecten maximus sur vase sableuse ou coquillière circalittorale";"5"
"17496";"7";"A5.3541 Virgularia mirabilis, Ophiura spp., Pecten maximus, hydraires et ascidies sur vase circalittorale sableuse ou coquillière mêlée de coquilles ou de cailloux";"A5.3541";"Virgularia mirabilis, Ophiura spp., Pecten maximus, hydraires et ascidies sur vase circalittorale sableuse ou coquillière mêlée de coquilles ou de cailloux";"6"
"10579";"7";"A5.355 Lagis koreni et Phaxas pellucidus dans de la vase sableuse circalittorale";"A5.355";"Lagis koreni et Phaxas pellucidus dans de la vase sableuse circalittorale";"5"
"4729";"7";"A5.36 Vase fine circalittorale";"A5.36";"Vase fine circalittorale";"4"
"10606";"7";"A5.361 Pennatules et mégafaune fouisseuse dans de la vase fine circalittorale";"A5.361";"Pennatules et mégafaune fouisseuse dans de la vase fine circalittorale";"5"
"17492";"7";"A5.3611 Pennatules, dont Funiculina quadrangularis et mégafaune fouisseuse dans de la vase fine non perturbée circalittorale";"A5.3611";"Pennatules, dont Funiculina quadrangularis et mégafaune fouisseuse dans de la vase fine non perturbée circalittorale";"6"
"10607";"7";"A5.362 Mégafaune fouisseuse et Maxmuelleria lankesteri dans de la vase circalittorale";"A5.362";"Mégafaune fouisseuse et Maxmuelleria lankesteri dans de la vase circalittorale";"5"
"10585";"7";"A5.363 Brissopsis lyrifera et Amphiura chiajei dans de la vase circalittorale";"A5.363";"Brissopsis lyrifera et Amphiura chiajei dans de la vase circalittorale";"5"
"10586";"7";"A5.364 Sédiments silteux à plus de 140 m de profondeur à polychètes Lumbrineris fragilis, Levinsenia gracilis, et amphipodes Eriopisa elongata.";"A5.364";"Sédiments silteux à plus de 140 m de profondeur à polychètes Lumbrineris fragilis, Levinsenia gracilis, et amphipodes Eriopisa elongata.";"5"
"10588";"7";"A5.366 Macoma calcarea dans de la vase argileuse meuble en eau profonde";"A5.366";"Macoma calcarea dans de la vase argileuse meuble en eau profonde";"5"
"4731";"7";"A5.37 Vase circalittorale profonde";"A5.37";"Vase circalittorale profonde";"4"
"10996";"7";"A5.371 Tapis de Ampharete falcata et Parvicardium pinnulatum (anciennement Parvicardium ovale) sur sédiments vaseux en bordure de mers profondes stratifiées";"A5.371";"Tapis de Ampharete falcata et Parvicardium pinnulatum (anciennement Parvicardium ovale) sur sédiments vaseux en bordure de mers profondes stratifiées";"5"
"10997";"7";"A5.372 Foraminifères et Thyasira spp. dans de la vase meuble circalittorale profonde";"A5.372";"Foraminifères et Thyasira spp. dans de la vase meuble circalittorale profonde";"5"
"11004";"7";"A5.373 Styela gelatinosa, Pseudamussium peslutrae et ascidies solitaires sur sédiment vaseux abrité circalittoral profond";"A5.373";"Styela gelatinosa, Pseudamussium peslutrae et ascidies solitaires sur sédiment vaseux abrité circalittoral profond";"5"
"11005";"7";"A5.374 Capitella capitata et Thyasira spp. dans de la vase ou de la vase sableuse enrichie en substances organiques du circalittoral du large";"A5.374";"Capitella capitata et Thyasira spp. dans de la vase ou de la vase sableuse enrichie en substances organiques du circalittoral du large";"5"
"17599";"7";"A5.3741 Capitella capitata, Thyasira spp. et Ophryotrocha dubia dans de la vase ou de la vase sableuse enrichie en substances organiques du circalittoral du large";"A5.3741";"Capitella capitata, Thyasira spp. et Ophryotrocha dubia dans de la vase ou de la vase sableuse enrichie en substances organiques du circalittoral du large";"6"
"11006";"7";"A5.375 Levinsenia gracilis et Heteromastus filiformis dans de la vase ou de la vase sableuse du circalittoral du large";"A5.375";"Levinsenia gracilis et Heteromastus filiformis dans de la vase ou de la vase sableuse du circalittoral du large";"5"
"11024";"7";"A5.376 Paramphinome jeffreysii, Thyasira spp. et Amphiura filiformis dans de la vase sableuse circalittorale du large";"A5.376";"Paramphinome jeffreysii, Thyasira spp. et Amphiura filiformis dans de la vase sableuse circalittorale du large";"5"
"11025";"7";"A5.377 Myrtea spinifera et Polychètes dans de la vase sableuse circalittorale du large";"A5.377";"Myrtea spinifera et Polychètes dans de la vase sableuse circalittorale du large";"5"
"5021";"7";"A5.38 Biocénoses méditerranéennes des fonds détritiques envasés";"A5.38";"Biocénoses méditerranéennes des fonds détritiques envasés";"4"
"11031";"7";"A5.381 Faciès à Ophiothrix quinquemaculata";"A5.381";"Faciès à Ophiothrix quinquemaculata";"5"
"5022";"7";"A5.39 Biocénoses méditerranéennes des vases terrigènes côtières";"A5.39";"Biocénoses méditerranéennes des vases terrigènes côtières";"4"
"11039";"7";"A5.391 Faciès des vases molles à Turritella communis";"A5.391";"Faciès des vases molles à Turritella communis";"5"
"11040";"7";"A5.392 Faciès des vases gluantes à Virgularia mirabilis et Pennatula phosphorea";"A5.392";"Faciès des vases gluantes à Virgularia mirabilis et Pennatula phosphorea";"5"
"11041";"7";"A5.393 Faciès des vases gluantes à Alcyonium palmatum et Parastichopus regalis (anciennement Stichopus regalis)";"A5.393";"Faciès des vases gluantes à Alcyonium palmatum et Parastichopus regalis (anciennement Stichopus regalis)";"5"
"1684";"7";"A5.4 Sédiments hétérogènes subtidaux";"A5.4";"Sédiments hétérogènes subtidaux";"3"
"5024";"7";"A5.41 Sédiment hétérogène subtidal en milieu à salinité faible ou réduite";"A5.41";"Sédiment hétérogène subtidal en milieu à salinité faible ou réduite";"4"
"5025";"7";"A5.42 Sédiment hétérogène subtidal en milieu à salinité variable (estuaires)";"A5.42";"Sédiment hétérogène subtidal en milieu à salinité variable (estuaires)";"4"
"11044";"7";"A5.421 Aphelochaeta spp. et Polydora spp. dans du sédiment hétérogène infralittoral en milieu à salinité variable";"A5.421";"Aphelochaeta spp. et Polydora spp. dans du sédiment hétérogène infralittoral en milieu à salinité variable";"5"
"11052";"7";"A5.422 Crepidula fornicata et Mediomastus fragilis dans du sédiment hétérogène infralittoral en milieu à salinité variable";"A5.422";"Crepidula fornicata et Mediomastus fragilis dans du sédiment hétérogène infralittoral en milieu à salinité variable";"5"
"5029";"7";"A5.43 Sédiments hétérogènes infralittoraux";"A5.43";"Sédiments hétérogènes infralittoraux";"4"
"11053";"7";"A5.431 Crepidula fornicata, ascidies et anémones sur sédiment grossier hétérogène infralittoral";"A5.431";"Crepidula fornicata, ascidies et anémones sur sédiment grossier hétérogène infralittoral";"5"
"11066";"7";"A5.432 Sabella pavonina, éponges et anémones sur sédiment hétérogène infralittoral";"A5.432";"Sabella pavonina, éponges et anémones sur sédiment hétérogène infralittoral";"5"
"11067";"7";"A5.433 Venerupis corrugata (anciennement Venerupis senegalensis), Amphipholis squamata et Apseudopsis latreillii (anciennement Apseudes latreillii) dans du sédiment hétérogène infralittoral";"A5.433";"Venerupis corrugata (anciennement Venerupis senegalensis), Amphipholis squamata et Apseudopsis latreillii (anciennement Apseudes latreillii) dans du sédiment hétérogène infralittoral";"5"
"11068";"7";"A5.434 Bancs de Limaria hians dans du sédiment hétérogène envasé subtidal soumis aux courants de marée";"A5.434";"Bancs de Limaria hians dans du sédiment hétérogène envasé subtidal soumis aux courants de marée";"5"
"10911";"7";"A5.435 Bancs de Ostrea edulis sur sédiment hétérogène envasé subtidal en eau peu profonde";"A5.435";"Bancs de Ostrea edulis sur sédiment hétérogène envasé subtidal en eau peu profonde";"5"
"4959";"7";"A5.44 Sédiments hétérogènes circalittoraux";"A5.44";"Sédiments hétérogènes circalittoraux";"4"
"10912";"7";"A5.441 Cerianthus lloydii et autres anémones fouisseuses dans du sédiment hétérogène envasé circalittoral";"A5.441";"Cerianthus lloydii et autres anémones fouisseuses dans du sédiment hétérogène envasé circalittoral";"5"
"17560";"7";"A5.4411 Cerianthus lloydii, Nemertesia spp. et autres hydraires dans du sédiment hétérogène envasé circalittoral";"A5.4411";"Cerianthus lloydii, Nemertesia spp. et autres hydraires dans du sédiment hétérogène envasé circalittoral";"6"
"10917";"7";"A5.442 Modiolus modiolus clairsemée, Cerianthus lloydii abondante et holothurides fouisseurs sur cailloux et sédiments hétérogènes abrités circalittoraux";"A5.442";"Modiolus modiolus clairsemée, Cerianthus lloydii abondante et holothurides fouisseurs sur cailloux et sédiments hétérogènes abrités circalittoraux";"5"
"10918";"7";"A5.443 Kurtiella bidentata et Thyasira spp. dans du sédiment hétérogène envasé circalittoral";"A5.443";"Kurtiella bidentata et Thyasira spp. dans du sédiment hétérogène envasé circalittoral";"5"
"10919";"7";"A5.444 Flustra foliacea et Hydrallmania falcata sur du sédiment hétérogène circalittoral soumis aux courants de marée";"A5.444";"Flustra foliacea et Hydrallmania falcata sur du sédiment hétérogène circalittoral soumis aux courants de marée";"5"
"10923";"7";"A5.445 Bancs d'ophiures Ophiothrix fragilis et/ou Ophiocomina nigra sur sédiment hétérogène subtidal";"A5.445";"Bancs d'ophiures Ophiothrix fragilis et/ou Ophiocomina nigra sur sédiment hétérogène subtidal";"5"
"10924";"7";"A5.446 Alcyonidium diaphanum sur sédiment hétérogène sableux";"A5.446";"Alcyonidium diaphanum sur sédiment hétérogène sableux";"5"
"4974";"7";"A5.45 Sédiments hétérogènes du circalittoral du large";"A5.45";"Sédiments hétérogènes du circalittoral du large";"4"
"10933";"7";"A5.451 Biocénose à Venus riche en polychètes dans des sédiments hétérogènes du circalittoral du large";"A5.451";"Biocénose à Venus riche en polychètes dans des sédiments hétérogènes du circalittoral du large";"5"
"4978";"7";"A5.46 Biocénoses méditerranéennes du détritique côtier";"A5.46";"Biocénoses méditerranéennes du détritique côtier";"4"
"10934";"7";"A5.461 Faciès à Ophiura ophiura (anciennement Ophiura texturata)";"A5.461";"Faciès à Ophiura ophiura (anciennement Ophiura texturata)";"5"
"10936";"7";"A5.463 Faciès à grands Bryozoaires";"A5.463";"Faciès à grands Bryozoaires";"5"
"4979";"7";"A5.47 Biocénoses méditerranéennes des fonds détritiques du large";"A5.47";"Biocénoses méditerranéennes des fonds détritiques du large";"4"
"10937";"7";"A5.471 Faciès à Neolampas rostellata";"A5.471";"Faciès à Neolampas rostellata";"5"
"10938";"7";"A5.472 Faciès à Leptometra phalangium";"A5.472";"Faciès à Leptometra phalangium";"5"
"1674";"7";"A5.5 Sédiment subtidal dominé par des macrophytes";"A5.5";"Sédiment subtidal dominé par des macrophytes";"3"
"4980";"7";"A5.51 Bancs de maërl";"A5.51";"Bancs de maërl";"4"
"10948";"7";"A5.511 Bancs de maërl à Phymatolithon calcareum dans du gravier ou du sable grossier propre infralittoral";"A5.511";"Bancs de maërl à Phymatolithon calcareum dans du gravier ou du sable grossier propre infralittoral";"5"
"17574";"7";"A5.5111 Bancs de maërl à Phymatolithon calcareum avec algues rouges dans du gravier ou du sable grossier propre infralittoral en eau peu profonde";"A5.5111";"Bancs de maërl à Phymatolithon calcareum avec algues rouges dans du gravier ou du sable grossier propre infralittoral en eau peu profonde";"6"
"17575";"7";"A5.5112 Bancs de maërl à Phymatolithon calcareum avec Neopentadactyla mixta et autres échinodermes dans du gravier ou du sable grossier propre infralittoral en eau plus profonde";"A5.5112";"Bancs de maërl à Phymatolithon calcareum avec Neopentadactyla mixta et autres échinodermes dans du gravier ou du sable grossier propre infralittoral en eau plus profonde";"6"
"10956";"7";"A5.512 Bancs de maërl à Lithothamnion glaciale dans du gravier infralittoral soumis aux courants de marée en milieu à salinité variable";"A5.512";"Bancs de maërl à Lithothamnion glaciale dans du gravier infralittoral soumis aux courants de marée en milieu à salinité variable";"5"
"10957";"7";"A5.513 Bancs de maërl à Lithothamnion corallioides sur gravier vaseux infralittoral";"A5.513";"Bancs de maërl à Lithothamnion corallioides sur gravier vaseux infralittoral";"5"
"10958";"7";"A5.514 Bancs de maërl à Lithophyllum fasciculatum sur vase infralittorale";"A5.514";"Bancs de maërl à Lithophyllum fasciculatum sur vase infralittorale";"5"
"10963";"7";"A5.515 Association à rhodolites sur sables grossiers et fins graviers sous influence des courants de fond";"A5.515";"Association à rhodolites sur sables grossiers et fins graviers sous influence des courants de fond";"5"
"10964";"7";"A5.516 Association à rhodolithes sur détritique côtier";"A5.516";"Association à rhodolithes sur détritique côtier";"5"
"5004";"7";"A5.52 Biocénoses à laminaires et algues sur sédiment subtidal";"A5.52";"Biocénoses à laminaires et algues sur sédiment subtidal";"4"
"10965";"7";"A5.521 Saccharina latissima (anciennement Laminaria saccharina) et algues rouges sur sédiments infralittoraux";"A5.521";"Saccharina latissima (anciennement Laminaria saccharina) et algues rouges sur sédiments infralittoraux";"5"
"17591";"7";"A5.5211 Algues rouges et laminaires sur galets et cailloutis mobiles infralittoraux soumis aux courants de marée";"A5.5211";"Algues rouges et laminaires sur galets et cailloutis mobiles infralittoraux soumis aux courants de marée";"6"
"17592";"7";"A5.5212 Saccharina latissima (anciennement Laminaria saccharina) et algues rouges robustes sur gravier et cailloutis infralittoraux";"A5.5212";"Saccharina latissima (anciennement Laminaria saccharina) et algues rouges robustes sur gravier et cailloutis infralittoraux";"6"
"17593";"7";"A5.5213 Saccharina latissima (anciennement Laminaria saccharina) et algues rouges filamenteuses sur sable infralittoral";"A5.5213";"Saccharina latissima (anciennement Laminaria saccharina) et algues rouges filamenteuses sur sable infralittoral";"6"
"17594";"7";"A5.5214 Saccharina latissima (anciennement Laminaria saccharina) avec algues rouges et brunes sur sédiment hétérogène vaseux de l'infralittoral inférieur";"A5.5214";"Saccharina latissima (anciennement Laminaria saccharina) avec algues rouges et brunes sur sédiment hétérogène vaseux de l'infralittoral inférieur";"6"
"10985";"7";"A5.522 Saccharina latissima (anciennement Laminaria saccharina) et Chorda filum sur sédiment vaseux abrité de l'infralittoral supérieur";"A5.522";"Saccharina latissima (anciennement Laminaria saccharina) et Chorda filum sur sédiment vaseux abrité de l'infralittoral supérieur";"5"
"10986";"7";"A5.523 Saccharina latissima (anciennement Laminaria saccharina) avec Psammechinus miliaris et/ou Modiolus modiolus sur sédiment infralittoral en milieu à salinité variable";"A5.523";"Saccharina latissima (anciennement Laminaria saccharina) avec Psammechinus miliaris et/ou Modiolus modiolus sur sédiment infralittoral en milieu à salinité variable";"5"
"10987";"7";"A5.524 Saccharina latissima (anciennement Laminaria saccharina), Gracilaria gracilis et algues brunes sur sédiment infralittoral en milieu marin";"A5.524";"Saccharina latissima (anciennement Laminaria saccharina), Gracilaria gracilis et algues brunes sur sédiment infralittoral en milieu marin";"5"
"10998";"7";"A5.525 Saccharina latissima (anciennement Laminaria saccharina) et Gracilaria gracilis avec éponges et ascidies sur sédiment infralittoral en milieu à salinité variable";"A5.525";"Saccharina latissima (anciennement Laminaria saccharina) et Gracilaria gracilis avec éponges et ascidies sur sédiment infralittoral en milieu à salinité variable";"5"
"10999";"7";"A5.526 Tapis de Trailliella sur gravier vaseux infralittoral";"A5.526";"Tapis de Trailliella sur gravier vaseux infralittoral";"5"
"11000";"7";"A5.527 Tapis flottants de Phyllophora crispa sur sédiment vaseux infralittoral";"A5.527";"Tapis flottants de Phyllophora crispa sur sédiment vaseux infralittoral";"5"
"11001";"7";"A5.528 Algues vertes filamenteuses sur roche ou sédiment hétérogène infralittoral en milieu à faible salinité";"A5.528";"Algues vertes filamenteuses sur roche ou sédiment hétérogène infralittoral en milieu à faible salinité";"5"
"11007";"7";"A5.529 Faciès à Ficopomatus enigmaticus";"A5.529";"Faciès à Ficopomatus enigmaticus";"5"
"11008";"7";"A5.52A Association à Gracilaria spp.";"A5.52A";"Association à Gracilaria spp.";"5"
"11009";"7";"A5.52B Association à Chaetomorpha linum et Valonia aegagropila";"A5.52B";"Association à Chaetomorpha linum et Valonia aegagropila";"5"
"11010";"7";"A5.52C Association à Halopithys incurva";"A5.52C";"Association à Halopithys incurva";"5"
"11011";"7";"A5.52D Association à Ulva laetevirens et Ulva linza (anciennement Enteromorpha linza)";"A5.52D";"Association à Ulva laetevirens et Ulva linza (anciennement Enteromorpha linza)";"5"
"11012";"7";"A5.52E Association à Cystoseira barbata";"A5.52E";"Association à Cystoseira barbata";"5"
"11013";"7";"A5.52F Association à Lamprothamnium papulosum";"A5.52F";"Association à Lamprothamnium papulosum";"5"
"11014";"7";"A5.52G Association à Cladophora echinus et Rytiphloea tinctoria";"A5.52G";"Association à Cladophora echinus et Rytiphloea tinctoria";"5"
"11015";"7";"A5.52H Association à Peyssonnelia rosa-marina";"A5.52H";"Association à Peyssonnelia rosa-marina";"5"
"11016";"7";"A5.52I Association à Arthrocladia villosa";"A5.52I";"Association à Arthrocladia villosa";"5"
"11017";"7";"A5.52J Association à Osmundaria volubilis";"A5.52J";"Association à Osmundaria volubilis";"5"
"11018";"7";"A5.52K Association à Kallymenia patens";"A5.52K";"Association à Kallymenia patens";"5"
"11019";"7";"A5.52L Association à Laminaria rodriguezii";"A5.52L";"Association à Laminaria rodriguezii";"5"
"5023";"7";"A5.53 Herbiers de Phanérogames marines subtidales";"A5.53";"Herbiers de Phanérogames marines subtidales";"4"
"11034";"7";"A5.531 Herbiers de Cymodocea";"A5.531";"Herbiers de Cymodocea";"5"
"17603";"7";"A5.5313 Herbiers de Cymodocea de Méditerranée";"A5.5313";"Herbiers de Cymodocea de Méditerranée";"6"
"20855";"7";"A5.53131 Association à Cymodocea nodosa sur sables fins bien calibrés";"A5.53131";"Association à Cymodocea nodosa sur sables fins bien calibrés";"7"
"20856";"7";"A5.53132 Association à Cymodocea nodosa sur sables vaseux superficiels de mode calme";"A5.53132";"Association à Cymodocea nodosa sur sables vaseux superficiels de mode calme";"7"
"11045";"7";"A5.533 Herbiers de Zostera dans des sédiments infralittoraux en milieu marin";"A5.533";"Herbiers de Zostera dans des sédiments infralittoraux en milieu marin";"5"
"17609";"7";"A5.5331 Herbiers de Zostera marina/Z. marina var. angustifolia (anciennement Zostera angustifolia) sur sable propre ou vaseux de la partie inférieure des rivages ou de l'infralittoral";"A5.5331";"Herbiers de Zostera marina/Z. marina var. angustifolia (anciennement Zostera angustifolia) sur sable propre ou vaseux de la partie inférieure des rivages ou de l'infralittoral";"6"
"17615";"7";"A5.5332 Herbiers de Zostera noltei (anciennement Zostera noltii) méditerranéens et pontiques";"A5.5332";"Herbiers de Zostera noltei (anciennement Zostera noltii) méditerranéens et pontiques";"6"
"20859";"7";"A5.53321 Association à Zostera noltei (anciennement Zostera noltii) en milieu euryhalin et eurytherme";"A5.53321";"Association à Zostera noltei (anciennement Zostera noltii) en milieu euryhalin et eurytherme";"7"
"20860";"7";"A5.53322 Association à Zostera noltei (anciennement Zostera noltii) sur sables vaseux superficiels de mode calme";"A5.53322";"Association à Zostera noltei (anciennement Zostera noltii) sur sables vaseux superficiels de mode calme";"7"
"17616";"7";"A5.5333 Association à Zostera marina en milieu euryhalin et eurytherme";"A5.5333";"Association à Zostera marina en milieu euryhalin et eurytherme";"6"
"11054";"7";"A5.534 Biocénoses à Ruppia et Zannichellia";"A5.534";"Biocénoses à Ruppia et Zannichellia";"5"
"17618";"7";"A5.5341 Biocénoses à Ruppia et Zannichellia sur les côtes médio-européennes";"A5.5341";"Biocénoses à Ruppia et Zannichellia sur les côtes médio-européennes";"6"
"17619";"7";"A5.5342 Biocénoses mésogéennes à Ruppia";"A5.5342";"Biocénoses mésogéennes à Ruppia";"6"
"17620";"7";"A5.5343 Ruppia maritima dans du sable vaseux infralittoral en milieu à salinité réduite";"A5.5343";"Ruppia maritima dans du sable vaseux infralittoral en milieu à salinité réduite";"6"
"11069";"7";"A5.535 Herbiers de Posidonia";"A5.535";"Herbiers de Posidonia";"5"
"17623";"7";"A5.5351 Ecomorphose de l'herbier tigré de Posidonia oceanica";"A5.5351";"Ecomorphose de l'herbier tigré de Posidonia oceanica";"6"
"17624";"7";"A5.5352 Ecomorphose du récif barrière de l'herbier de Posidonia oceanica";"A5.5352";"Ecomorphose du récif barrière de l'herbier de Posidonia oceanica";"6"
"17625";"7";"A5.5353 Faciès de mattes mortes de Posidonia oceanica sans épiflore importante";"A5.5353";"Faciès de mattes mortes de Posidonia oceanica sans épiflore importante";"6"
"17626";"7";"A5.5354 Association à Caulerpa prolifera sur l'herbier de Posidonia";"A5.5354";"Association à Caulerpa prolifera sur l'herbier de Posidonia";"6"
"5038";"7";"A5.54 Biocénoses d'angiospermes en milieu à salinité réduite";"A5.54";"Biocénoses d'angiospermes en milieu à salinité réduite";"4"
"11070";"7";"A5.541 Végétation d'eaux saumâtres dominée par Phragmites australis";"A5.541";"Végétation d'eaux saumâtres dominée par Phragmites australis";"5"
"11071";"7";"A5.542 Association à Stuckenia pectinata (anciennement Potamogeton pectinatus)";"A5.542";"Association à Stuckenia pectinata (anciennement Potamogeton pectinatus)";"5"
"10907";"7";"A5.543 Végétation d'eaux saumâtres dominée par Ranunculus peltatus subsp. Baudotii (anciennement Ranunculus baudotii)";"A5.543";"Végétation d'eaux saumâtres dominée par Ranunculus peltatus subsp. Baudotii (anciennement Ranunculus baudotii)";"5"
"10908";"7";"A5.544 Végétation d'eaux saumâtres dominée par Scirpus lacustris ou Scirpus tabernaemontani";"A5.544";"Végétation d'eaux saumâtres dominée par Scirpus lacustris ou Scirpus tabernaemontani";"5"
"10909";"7";"A5.545 Herbiers de Zostera dans des sédiments infralittoraux en milieu à salinité réduite";"A5.545";"Herbiers de Zostera dans des sédiments infralittoraux en milieu à salinité réduite";"5"
"1662";"7";"A5.6 Récifs biogènes subtidaux";"A5.6";"Récifs biogènes subtidaux";"3"
"4947";"7";"A5.61 Récifs de vers polychètes sur sédiment subtidal";"A5.61";"Récifs de vers polychètes sur sédiment subtidal";"4"
"11002";"7";"A5.611 Sabellaria spinulosa sur sédiment hétérogène stable du circalittoral";"A5.611";"Sabellaria spinulosa sur sédiment hétérogène stable du circalittoral";"5"
"11003";"7";"A5.612 Sabellaria alveolata sur sédiment hétérogène subtidal en milieu à salinité variable";"A5.612";"Sabellaria alveolata sur sédiment hétérogène subtidal en milieu à salinité variable";"5"
"11020";"7";"A5.613 Récifs de Serpula vermicularis sur sable vaseux circalittoral très abrité";"A5.613";"Récifs de Serpula vermicularis sur sable vaseux circalittoral très abrité";"5"
"5020";"7";"A5.62 Moulières sur sédiment subtidal";"A5.62";"Moulières sur sédiment subtidal";"4"
"11021";"7";"A5.621 Moulières à Modiolus modiolus avec hydraires et algues rouges sur substrat hétérogène du circalittoral soumis aux courants de marée";"A5.621";"Moulières à Modiolus modiolus avec hydraires et algues rouges sur substrat hétérogène du circalittoral soumis aux courants de marée";"5"
"11036";"7";"A5.622 Moulières à Modiolus modiolus sur sédiment hétérogène du circalittoral en milieu ouvert";"A5.622";"Moulières à Modiolus modiolus sur sédiment hétérogène du circalittoral en milieu ouvert";"5"
"11037";"7";"A5.623 Moulières à Modiolus modiolus avec fins hydraires et grandes ascidies solitaires sur substrat hétérogène très abrité du circalittoral";"A5.623";"Moulières à Modiolus modiolus avec fins hydraires et grandes ascidies solitaires sur substrat hétérogène très abrité du circalittoral";"5"
"11038";"7";"A5.624 Moulières à Modiolus modiolus avec Mimachlamys varia, éponges, hydraires et bryozoaires sur substrat hétérogène du circalittoral très abrité et soumis à de faibles courants de marée";"A5.624";"Moulières à Modiolus modiolus avec Mimachlamys varia, éponges, hydraires et bryozoaires sur substrat hétérogène du circalittoral très abrité et soumis à de faibles courants de marée";"5"
"11046";"7";"A5.625 Moulières à Mytilus edulis sur sédiment subtidal";"A5.625";"Moulières à Mytilus edulis sur sédiment subtidal";"5"
"11047";"7";"A5.626 Bancs de Hiatella arctica sur argile silteuse avec cailloutis et coquilles";"A5.626";"Bancs de Hiatella arctica sur argile silteuse avec cailloutis et coquilles";"5"
"5026";"7";"A5.63 Récifs coralliens circalittoraux";"A5.63";"Récifs coralliens circalittoraux";"4"
"11055";"7";"A5.631 Récifs de Lophelia pertusa circalittoraux";"A5.631";"Récifs de Lophelia pertusa circalittoraux";"5"
"1686";"7";"A5.7 Habitats sédimentaires particuliers subtidaux";"A5.7";"Habitats sédimentaires particuliers subtidaux";"3"
"5032";"7";"A5.72 Habitats subtidaux anoxiques ou enrichis en matières organiques";"A5.72";"Habitats subtidaux anoxiques ou enrichis en matières organiques";"4"
"11065";"7";"A5.721 Vases subtidales anoxiques périodiquement ou en permanence";"A5.721";"Vases subtidales anoxiques périodiquement ou en permanence";"5"
"17559";"7";"A5.7211 Beggiatoa spp. sur vase anoxique subtidale";"A5.7211";"Beggiatoa spp. sur vase anoxique subtidale";"6"
"591";"7";"A6 Habitats profonds";"A6";"Habitats profonds";"2"
"1663";"7";"A6.1 Roche et substrats durs artificiels profonds";"A6.1";"Roche et substrats durs artificiels profonds";"3"
"4948";"7";"A6.11 Roche en place profonde";"A6.11";"Roche en place profonde";"4"
"4949";"7";"A6.12 Substrats durs artificiels profonds";"A6.12";"Substrats durs artificiels profonds";"4"
"4951";"7";"A6.14 Blocs profonds";"A6.14";"Blocs profonds";"4"
"1664";"7";"A6.2 Substrats hétérogènes profonds";"A6.2";"Substrats hétérogènes profonds";"3"
"4952";"7";"A6.21 Dépôts résiduels profonds";"A6.21";"Dépôts résiduels profonds";"4"
"4953";"7";"A6.22 Graviers biogènes profonds (coquilles, débris de coraux)";"A6.22";"Graviers biogènes profonds (coquilles, débris de coraux)";"4"
"4954";"7";"A6.23 Croûtes carbonatées profondes";"A6.23";"Croûtes carbonatées profondes";"4"
"4955";"7";"A6.24 Biocénoses des matériaux allochtones";"A6.24";"Biocénoses des matériaux allochtones";"4"
"10910";"7";"A6.241 Biocénoses des débris de macrophytes";"A6.241";"Biocénoses des débris de macrophytes";"5"
"1665";"7";"A6.3 Sable profond";"A6.3";"Sable profond";"3"
"4956";"7";"A6.31 Biocénoses des sables détritiques bathyaux à Gryphus vitreus";"A6.31";"Biocénoses des sables détritiques bathyaux à Gryphus vitreus";"4"
"1666";"7";"A6.4 Sable vaseux profond";"A6.4";"Sable vaseux profond";"3"
"1667";"7";"A6.5 Vase profonde";"A6.5";"Vase profonde";"3"
"4960";"7";"A6.51 Biocénoses des vases bathyales méditerranéennes";"A6.51";"Biocénoses des vases bathyales méditerranéennes";"4"
"10913";"7";"A6.511 Faciès des vases sableuses à Thenea muricata";"A6.511";"Faciès des vases sableuses à Thenea muricata";"5"
"10914";"7";"A6.512 Faciès des vases fluides à Brissopsis lyrifera";"A6.512";"Faciès des vases fluides à Brissopsis lyrifera";"5"
"10915";"7";"A6.513 Faciès de vase molle à Funiculina quadrangularis et Aporrhais serresianus";"A6.513";"Faciès de vase molle à Funiculina quadrangularis et Aporrhais serresianus";"5"
"10916";"7";"A6.514 Faciès de la vase compacte à Isidella elongata";"A6.514";"Faciès de la vase compacte à Isidella elongata";"5"
"4961";"7";"A6.52 Biocénose de la vase abyssale";"A6.52";"Biocénose de la vase abyssale";"4"
"1669";"7";"A6.6 Biohermes profonds";"A6.6";"Biohermes profonds";"3"
"4962";"7";"A6.61 Biocénoses des coraux profonds";"A6.61";"Biocénoses des coraux profonds";"4"
"10920";"7";"A6.611 Récifs profonds à Lophelia pertusa";"A6.611";"Récifs profonds à Lophelia pertusa";"5"
"4967";"7";"A6.62 Agrégats d'éponges profonds";"A6.62";"Agrégats d'éponges profonds";"4"
"10921";"7";"A6.621 Faciès à Pheronema carpenteri (anciennement Pheronema grayi)";"A6.621";"Faciès à Pheronema carpenteri (anciennement Pheronema grayi)";"5"
"593";"7";"A7 Habitats pélagiques";"A7";"Habitats pélagiques";"2"
"1677";"7";"A7.1 Neuston";"A7.1";"Neuston";"3"
"81";"7";"B Habitats côtiers";"B";"Habitats côtiers";"1"
"590";"7";"B1 Dunes côtières et rivages sableux";"B1";"Dunes côtières et rivages sableux";"2"
"1656";"7";"B1.1 Laisses de mer des plages sableuses";"B1.1";"Laisses de mer des plages sableuses";"3"
"4927";"7";"B1.12 Communautés annuelles des plages sableuses médio-européennes";"B1.12";"Communautés annuelles des plages sableuses médio-européennes";"4"
"4928";"7";"B1.13 Communautés des laisses de mer des plages sableuses téthyennes";"B1.13";"Communautés des laisses de mer des plages sableuses téthyennes";"4"
"10899";"7";"B1.131 Communautés annuelles des plages sableuses de la région téthyenne occidentale";"B1.131";"Communautés annuelles des plages sableuses de la région téthyenne occidentale";"5"
"1658";"7";"B1.2 Plages sableuses au-dessus de la laisse de mer";"B1.2";"Plages sableuses au-dessus de la laisse de mer";"3"
"4942";"7";"B1.21 Plages sableuses au-dessus de la laisse de mer, sans végétation";"B1.21";"Plages sableuses au-dessus de la laisse de mer, sans végétation";"4"
"4943";"7";"B1.22 Biocénoses des sables supralittoraux";"B1.22";"Biocénoses des sables supralittoraux";"4"
"10904";"7";"B1.221 Faciès des dépressions à humidité résiduelle";"B1.221";"Faciès des dépressions à humidité résiduelle";"5"
"10905";"7";"B1.222 Faciès des laisses à dessiccation rapide";"B1.222";"Faciès des laisses à dessiccation rapide";"5"
"10906";"7";"B1.223 Faciès des troncs d'arbres échoués";"B1.223";"Faciès des troncs d'arbres échoués";"5"
"10800";"7";"B1.224 Faciès des phanérogames échouées (partie supérieure)";"B1.224";"Faciès des phanérogames échouées (partie supérieure)";"5"
"4783";"7";"B1.24 Cordons de plages de sable littoraux nus ou à végétation basse";"B1.24";"Cordons de plages de sable littoraux nus ou à végétation basse";"4"
"4784";"7";"B1.25 Cordons de plages de sable littoraux dominés par des arbustes ou des arbres";"B1.25";"Cordons de plages de sable littoraux dominés par des arbustes ou des arbres";"4"
"1624";"7";"B1.3 Dunes côtières mobiles";"B1.3";"Dunes côtières mobiles";"3"
"4786";"7";"B1.31 Dunes mobiles embryonnaires";"B1.31";"Dunes mobiles embryonnaires";"4"
"10820";"7";"B1.311 Dunes embryonnaires atlantiques";"B1.311";"Dunes embryonnaires atlantiques";"5"
"10821";"7";"B1.312 Dunes embryonnaires du domaine Téthyen occidental";"B1.312";"Dunes embryonnaires du domaine Téthyen occidental";"5"
"10824";"7";"B1.314 Grandes dunes mobiles sans végétation ou à végétation basse";"B1.314";"Grandes dunes mobiles sans végétation ou à végétation basse";"5"
"4797";"7";"B1.32 Dunes blanches";"B1.32";"Dunes blanches";"4"
"10825";"7";"B1.321 Dunes blanches atlantiques";"B1.321";"Dunes blanches atlantiques";"5"
"17534";"7";"B1.3211 Dunes côtières : dunes blanches (au sens strict)";"B1.3211";"Dunes côtières : dunes blanches (au sens strict)";"6"
"10826";"7";"B1.322 Dunes blanches du Téthyen occidental";"B1.322";"Dunes blanches du Téthyen occidental";"5"
"1627";"7";"B1.4 Pelouses des dunes côtières fixées (dunes grises)";"B1.4";"Pelouses des dunes côtières fixées (dunes grises)";"3"
"4808";"7";"B1.41 Dunes grises fixées septentrionales";"B1.41";"Dunes grises fixées septentrionales";"4"
"10832";"7";"B1.411 Communautés dunaires à Koélérie blanchâtre";"B1.411";"Communautés dunaires à Koélérie blanchâtre";"5"
"10840";"7";"B1.412 Communautés dunaires à Corynéphore";"B1.412";"Communautés dunaires à Corynéphore";"5"
"4814";"7";"B1.42 Dunes grises fixées gasconnes";"B1.42";"Dunes grises fixées gasconnes";"4"
"4815";"7";"B1.43 Dunes grises fixées méditerranéo-atlantiques";"B1.43";"Dunes grises fixées méditerranéo-atlantiques";"4"
"4820";"7";"B1.45 Pelouses des dunes atlantiques du Mesobromion";"B1.45";"Pelouses des dunes atlantiques du Mesobromion";"4"
"4821";"7";"B1.46 Ourlets thermophiles dunaires atlantiques";"B1.46";"Ourlets thermophiles dunaires atlantiques";"4"
"4822";"7";"B1.47 Communautés de fines herbacées annuelles dunaires";"B1.47";"Communautés de fines herbacées annuelles dunaires";"4"
"4823";"7";"B1.48 Communautés de thérophytes des sables dunaires profonds du domaine Téthyen";"B1.48";"Communautés de thérophytes des sables dunaires profonds du domaine Téthyen";"4"
"4824";"7";"B1.49 Pelouses xériques des dunes méditerranéennes";"B1.49";"Pelouses xériques des dunes méditerranéennes";"4"
"1631";"7";"B1.5 Landes des dunes côtières";"B1.5";"Landes des dunes côtières";"3"
"4833";"7";"B1.52 Dunes brunes à Calluna vulgaris";"B1.52";"Dunes brunes à Calluna vulgaris";"4"
"10850";"7";"B1.522 Landes des dunes côtières françaises à Bruyère";"B1.522";"Landes des dunes côtières françaises à Bruyère";"5"
"10852";"7";"B1.524 Landes des dunes côtières françaises à Bruyère cendrée";"B1.524";"Landes des dunes côtières françaises à Bruyère cendrée";"5"
"10853";"7";"B1.525 Landes des dunes côtières françaises à Bruyère ciliée";"B1.525";"Landes des dunes côtières françaises à Bruyère ciliée";"5"
"1635";"7";"B1.6 Fruticées des dunes côtières";"B1.6";"Fruticées des dunes côtières";"3"
"4839";"7";"B1.61 Fourrés des dunes côtières";"B1.61";"Fourrés des dunes côtières";"4"
"10857";"7";"B1.611 Fourrés dunaires à Hippophae rhamnoides";"B1.611";"Fourrés dunaires à Hippophae rhamnoides";"5"
"10858";"7";"B1.612 Fourrés dunaires mixtes de la zone némorale occidentale";"B1.612";"Fourrés dunaires mixtes de la zone némorale occidentale";"5"
"4846";"7";"B1.62 Tapis de Salix arenaria";"B1.62";"Tapis de Salix arenaria";"4"
"4847";"7";"B1.63 Fourrés dunaires à Juniperus";"B1.63";"Fourrés dunaires à Juniperus";"4"
"10859";"7";"B1.631 Fourrés dunaires à Genévrier oxycèdre à gros fruits";"B1.631";"Fourrés dunaires à Genévrier oxycèdre à gros fruits";"5"
"10860";"7";"B1.632 Fourrés à Genévrier de Phénicie";"B1.632";"Fourrés à Genévrier de Phénicie";"5"
"4852";"7";"B1.64 Fourrés et fruticées dunaires sclérophylles";"B1.64";"Fourrés et fruticées dunaires sclérophylles";"4"
"4853";"7";"B1.65 Fourrés des dunes côtières à Rosa";"B1.65";"Fourrés des dunes côtières à Rosa";"4"
"1639";"7";"B1.7 Dunes côtières boisées";"B1.7";"Dunes côtières boisées";"3"
"4855";"7";"B1.72 Dunes côtières brunes couvertes de forêts caducifoliées (Fagus, Betula, Quercus)";"B1.72";"Dunes côtières brunes couvertes de forêts caducifoliées (Fagus, Betula, Quercus)";"4"
"4857";"7";"B1.74 Dunes côtières brunes couvertes naturellement ou quasi naturellement de pins thermophiles";"B1.74";"Dunes côtières brunes couvertes naturellement ou quasi naturellement de pins thermophiles";"4"
"1643";"7";"B1.8 Pannes dunaires mouilleuses et humides";"B1.8";"Pannes dunaires mouilleuses et humides";"3"
"4877";"7";"B1.81 Mares des pannes dunaires";"B1.81";"Mares des pannes dunaires";"4"
"4878";"7";"B1.82 Gazons pionniers des pannes dunaires";"B1.82";"Gazons pionniers des pannes dunaires";"4"
"4879";"7";"B1.83 Bas-marais des pannes dunaires";"B1.83";"Bas-marais des pannes dunaires";"4"
"4880";"7";"B1.84 Prairies et landes des pannes dunaires";"B1.84";"Prairies et landes des pannes dunaires";"4"
"4881";"7";"B1.85 Roselières, cariçaies et cannaies des pannes dunaires";"B1.85";"Roselières, cariçaies et cannaies des pannes dunaires";"4"
"4882";"7";"B1.86 Dunes côtières : pannes dunaires humides dominées par des arbustes ou des arbres";"B1.86";"Dunes côtières : pannes dunaires humides dominées par des arbustes ou des arbres";"4"
"589";"7";"B2 Galets côtiers";"B2";"Galets côtiers";"2"
"1650";"7";"B2.1 Laisses de mer des plages de galets";"B2.1";"Laisses de mer des plages de galets";"3"
"4918";"7";"B2.12 Laisses de mer des plages de galets atlantiques et baltiques";"B2.12";"Laisses de mer des plages de galets atlantiques et baltiques";"4"
"4919";"7";"B2.13 Communautés des plages de graviers de la région méditerranéenne";"B2.13";"Communautés des plages de graviers de la région méditerranéenne";"4"
"4920";"7";"B2.14 Biocénoses des laisses de mer à dessiccation lente";"B2.14";"Biocénoses des laisses de mer à dessiccation lente";"4"
"1654";"7";"B2.2 Plages de galets mobiles sans végétation au-dessus du niveau des laisses de mer";"B2.2";"Plages de galets mobiles sans végétation au-dessus du niveau des laisses de mer";"3"
"1657";"7";"B2.3 Partie supérieure des plages de galets avec végétation ouverte";"B2.3";"Partie supérieure des plages de galets avec végétation ouverte";"3"
"4930";"7";"B2.32 Communautés de la Manche à Crambe maritima";"B2.32";"Communautés de la Manche à Crambe maritima";"4"
"4931";"7";"B2.33 Communautés atlantiques à Crambe maritima";"B2.33";"Communautés atlantiques à Crambe maritima";"4"
"1659";"7";"B2.4 Plages de galets fixées à végétation herbacée";"B2.4";"Plages de galets fixées à végétation herbacée";"3"
"4945";"7";"B2.41 Prairies des bancs de graviers eurosibériens";"B2.41";"Prairies des bancs de graviers eurosibériens";"4"
"1660";"7";"B2.5 Plages de galets et de graviers à arbustes";"B2.5";"Plages de galets et de graviers à arbustes";"3"
"4946";"7";"B2.51 Landes des bancs de graviers eurosibériens";"B2.51";"Landes des bancs de graviers eurosibériens";"4"
"1661";"7";"B2.6 Boisements des plages de galets et de graviers";"B2.6";"Boisements des plages de galets et de graviers";"3"
"585";"7";"B3 Falaises, corniches et rivages rocheux, incluant le supralittoral";"B3";"Falaises, corniches et rivages rocheux, incluant le supralittoral";"2"
"1622";"7";"B3.1 Roche supralittorale (zone à lichens ou à embruns)";"B3.1";"Roche supralittorale (zone à lichens ou à embruns)";"3"
"4787";"7";"B3.11 Lichens ou petites algues vertes sur roche du supralittoral et de la frange littorale";"B3.11";"Lichens ou petites algues vertes sur roche du supralittoral et de la frange littorale";"4"
"10827";"7";"B3.111 Lichens jaunes et gris sur roche supralittorale";"B3.111";"Lichens jaunes et gris sur roche supralittorale";"5"
"10833";"7";"B3.112 Prasiola stipitata sur roche du supralittoral et de la frange littorale enrichie en nitrates";"B3.112";"Prasiola stipitata sur roche du supralittoral et de la frange littorale enrichie en nitrates";"5"
"10842";"7";"B3.113 Hydropunctaria maura (anciennement Verrucaria maura) de la frange littorale";"B3.113";"Hydropunctaria maura (anciennement Verrucaria maura) de la frange littorale";"5"
"17540";"7";"B3.1131 Hydropunctaria maura (anciennement Verrucaria maura) et balanes clairsemées sur roche exposée de la frange littorale";"B3.1131";"Hydropunctaria maura (anciennement Verrucaria maura) et balanes clairsemées sur roche exposée de la frange littorale";"6"
"17545";"7";"B3.1132 Hydropunctaria maura (anciennement Verrucaria maura) sur roche très exposée à très abritée de la frange littorale supérieure";"B3.1132";"Hydropunctaria maura (anciennement Verrucaria maura) sur roche très exposée à très abritée de la frange littorale supérieure";"6"
"10861";"7";"B3.114 Blidingia spp. sur paroi verticale calcaire de la frange littorale";"B3.114";"Blidingia spp. sur paroi verticale calcaire de la frange littorale";"5"
"10865";"7";"B3.115 Ulothrix flacca et Urospora spp. sur paroi verticale de roche tendre de la frange littorale soumise à l'action de l'eau douce";"B3.115";"Ulothrix flacca et Urospora spp. sur paroi verticale de roche tendre de la frange littorale soumise à l'action de l'eau douce";"5"
"10866";"7";"B3.116 Association à Entophysalis deusta et Verrucaria amphibia";"B3.116";"Association à Entophysalis deusta et Verrucaria amphibia";"5"
"4858";"7";"B3.12 Formations rocheuses et îlots au-dessus du niveau de la marée haute dans la zone à embruns";"B3.12";"Formations rocheuses et îlots au-dessus du niveau de la marée haute dans la zone à embruns";"4"
"1644";"7";"B3.2 Falaises, corniches, rivages et îlots rocheux sans végétation";"B3.2";"Falaises, corniches, rivages et îlots rocheux sans végétation";"3"
"4885";"7";"B3.23 Falaises littorales et rivages rocheux atlantiques tempérés";"B3.23";"Falaises littorales et rivages rocheux atlantiques tempérés";"4"
"4910";"7";"B3.26 Falaises marines et littoraux rocheux méditerranéo-pontiques";"B3.26";"Falaises marines et littoraux rocheux méditerranéo-pontiques";"4"
"4911";"7";"B3.27 Empilements rocheux et îlots au-dessus de la zone à embruns";"B3.27";"Empilements rocheux et îlots au-dessus de la zone à embruns";"4"
"1651";"7";"B3.3 Falaises, corniches et rivages rocheux à Angiospermes";"B3.3";"Falaises, corniches et rivages rocheux à Angiospermes";"3"
"4921";"7";"B3.31 Communautés des falaises littorales atlantiques";"B3.31";"Communautés des falaises littorales atlantiques";"4"
"4923";"7";"B3.33 Communautés des falaises littorales du domaine Téthyen";"B3.33";"Communautés des falaises littorales du domaine Téthyen";"4"
"10897";"7";"B3.331 Communautés des falaises littorales du domaine Téthyen occidental";"B3.331";"Communautés des falaises littorales du domaine Téthyen occidental";"5"
"4779";"7";"B3.36 Communautés des falaises des lagunes littorales";"B3.36";"Communautés des falaises des lagunes littorales";"4"
"1623";"7";"B3.4 Falaises littorales à substrat meuble, souvent avec un couvert végétal";"B3.4";"Falaises littorales à substrat meuble, souvent avec un couvert végétal";"3"
"80";"7";"C Eaux de surface continentales";"C";"Eaux de surface continentales";"1"
"586";"7";"C1 Eaux dormantes de surface";"C1";"Eaux dormantes de surface";"2"
"1625";"7";"C1.1 Lacs, étangs et mares oligotrophes permanents";"C1.1";"Lacs, étangs et mares oligotrophes permanents";"3"
"4788";"7";"C1.11 Communautés benthiques des plans d'eau oligotrophes";"C1.11";"Communautés benthiques des plans d'eau oligotrophes";"4"
"4789";"7";"C1.12 Végétations immergées enracinées des plans d'eau oligotrophes";"C1.12";"Végétations immergées enracinées des plans d'eau oligotrophes";"4"
"4790";"7";"C1.13 Végétations flottantes enracinées des plans d'eau oligotrophes";"C1.13";"Végétations flottantes enracinées des plans d'eau oligotrophes";"4"
"10822";"7";"C1.131 Communautés des eaux oligotrophes à Potamots";"C1.131";"Communautés des eaux oligotrophes à Potamots";"5"
"4791";"7";"C1.14 Tapis immergés de Charophytes des plans d'eau oligotrophes";"C1.14";"Tapis immergés de Charophytes des plans d'eau oligotrophes";"4"
"10828";"7";"C1.141 Tapis de Chara";"C1.141";"Tapis de Chara";"5"
"10829";"7";"C1.142 Tapis de Nitella";"C1.142";"Tapis de Nitella";"5"
"4798";"7";"C1.15 Communautés des plans d'eau oligotrophes à Sphaignes et Utricularia";"C1.15";"Communautés des plans d'eau oligotrophes à Sphaignes et Utricularia";"4"
"4799";"7";"C1.16 Communautés planctoniques des eaux oligotrophes";"C1.16";"Communautés planctoniques des eaux oligotrophes";"4"
"1626";"7";"C1.2 Lacs, étangs et mares mésotrophes permanents";"C1.2";"Lacs, étangs et mares mésotrophes permanents";"3"
"4801";"7";"C1.21 Communautés benthiques des plans d'eau mésotrophes";"C1.21";"Communautés benthiques des plans d'eau mésotrophes";"4"
"4809";"7";"C1.22 Végétations flottant librement des plans d'eau mésotrophes";"C1.22";"Végétations flottant librement des plans d'eau mésotrophes";"4"
"10834";"7";"C1.221 Couvertures de lentilles d'eau";"C1.221";"Couvertures de lentilles d'eau";"5"
"10835";"7";"C1.222 Radeaux flottants d'Hydrocharis morsus-ranae";"C1.222";"Radeaux flottants d'Hydrocharis morsus-ranae";"5"
"10836";"7";"C1.223 Radeaux flottants de Stratiotes aloides";"C1.223";"Radeaux flottants de Stratiotes aloides";"5"
"10837";"7";"C1.224 Colonies flottantes d'Utricularia australis et d'Utricularia vulgaris";"C1.224";"Colonies flottantes d'Utricularia australis et d'Utricularia vulgaris";"5"
"10838";"7";"C1.225 Tapis flottants de Salvinia natans";"C1.225";"Tapis flottants de Salvinia natans";"5"
"10839";"7";"C1.226 Communautés flottantes à Aldrovanda vesiculosa";"C1.226";"Communautés flottantes à Aldrovanda vesiculosa";"5"
"4817";"7";"C1.23 Végétations immergées enracinées des plans d'eau mésotrophes";"C1.23";"Végétations immergées enracinées des plans d'eau mésotrophes";"4"
"10843";"7";"C1.231 Formations à grands Potamots";"C1.231";"Formations à grands Potamots";"5"
"10844";"7";"C1.232 Formations à petits Potamots";"C1.232";"Formations à petits Potamots";"5"
"4827";"7";"C1.24 Végétations flottantes enracinées des plans d'eau mésotrophes";"C1.24";"Végétations flottantes enracinées des plans d'eau mésotrophes";"4"
"10846";"7";"C1.241 Formations flottantes à larges feuilles";"C1.241";"Formations flottantes à larges feuilles";"5"
"17536";"7";"C1.2411 Tapis de Nénuphar";"C1.2411";"Tapis de Nénuphar";"6"
"20834";"7";"C1.24111 Tapis de Nuphar";"C1.24111";"Tapis de Nuphar";"7"
"20835";"7";"C1.24112 Tapis septentrionaux de Nymphaea";"C1.24112";"Tapis septentrionaux de Nymphaea";"7"
"17537";"7";"C1.2412 Tapis de Châtaigne d'eau";"C1.2412";"Tapis de Châtaigne d'eau";"6"
"17541";"7";"C1.2413 Tapis de Limnanthème faux nénuphar";"C1.2413";"Tapis de Limnanthème faux nénuphar";"6"
"17542";"7";"C1.2414 Tapis de Potamot nageant";"C1.2414";"Tapis de Potamot nageant";"6"
"17543";"7";"C1.2415 Tapis de Renouée amphibie";"C1.2415";"Tapis de Renouée amphibie";"6"
"4834";"7";"C1.25 Tapis immergés de Charophytes des plans d'eau mésotrophes";"C1.25";"Tapis immergés de Charophytes des plans d'eau mésotrophes";"4"
"4835";"7";"C1.26 Communautés des plans d'eau mésotrophes à Sphaignes et Utricularia";"C1.26";"Communautés des plans d'eau mésotrophes à Sphaignes et Utricularia";"4"
"4836";"7";"C1.27 Communautés planctoniques des eaux calmes mésotrophes";"C1.27";"Communautés planctoniques des eaux calmes mésotrophes";"4"
"1632";"7";"C1.3 Lacs, étangs et mares eutrophes permanents";"C1.3";"Lacs, étangs et mares eutrophes permanents";"3"
"4840";"7";"C1.31 Communautés benthiques des plans d'eau eutrophes";"C1.31";"Communautés benthiques des plans d'eau eutrophes";"4"
"4841";"7";"C1.32 Végétations flottant librement des plans d'eau eutrophes";"C1.32";"Végétations flottant librement des plans d'eau eutrophes";"4"
"4842";"7";"C1.33 Végétations immergées enracinées des plans d'eau eutrophes";"C1.33";"Végétations immergées enracinées des plans d'eau eutrophes";"4"
"4843";"7";"C1.34 Végétations enracinées flottantes des plans d'eau eutrophes";"C1.34";"Végétations enracinées flottantes des plans d'eau eutrophes";"4"
"10862";"7";"C1.341 Communautés flottantes des eaux peu profondes";"C1.341";"Communautés flottantes des eaux peu profondes";"5"
"17546";"7";"C1.3411 Communautés des eaux peu profondes à Ranunculus";"C1.3411";"Communautés des eaux peu profondes à Ranunculus";"6"
"17547";"7";"C1.3412 Communautés à Callitriches";"C1.3412";"Communautés à Callitriches";"6"
"17548";"7";"C1.3413 Formations des eaux peu profondes à Hottonia palustris";"C1.3413";"Formations des eaux peu profondes à Hottonia palustris";"6"
"1637";"7";"C1.4 Lacs, étangs et mares permanents dystrophes";"C1.4";"Lacs, étangs et mares permanents dystrophes";"3"
"4849";"7";"C1.41 Communautés benthiques des plans d'eau dystrophes";"C1.41";"Communautés benthiques des plans d'eau dystrophes";"4"
"4859";"7";"C1.42 Végétations enracinées immergées des plans d'eau dystrophes";"C1.42";"Végétations enracinées immergées des plans d'eau dystrophes";"4"
"4860";"7";"C1.43 Végétations enracinées flottantes des plans d'eau dystrophes";"C1.43";"Végétations enracinées flottantes des plans d'eau dystrophes";"4"
"4861";"7";"C1.44 Tapis immergés de Charophytes des plans d'eau dystrophes";"C1.44";"Tapis immergés de Charophytes des plans d'eau dystrophes";"4"
"4862";"7";"C1.45 Communautés des plans d'eau dystrophes à Sphaignes et Utricularia";"C1.45";"Communautés des plans d'eau dystrophes à Sphaignes et Utricularia";"4"
"4863";"7";"C1.46 Mares des tourbières bombées";"C1.46";"Mares des tourbières bombées";"4"
"10867";"7";"C1.461 Dépressions tourbeuses (kolk)";"C1.461";"Dépressions tourbeuses (kolk)";"5"
"10872";"7";"C1.462 Mares plus petites des tourbières bombées";"C1.462";"Mares plus petites des tourbières bombées";"5"
"4887";"7";"C1.47 Lagg";"C1.47";"Lagg";"4"
"4888";"7";"C1.51 Lacs salés athalassiques";"C1.51";"Lacs salés athalassiques";"4"
"10873";"7";"C1.511 Plans d'eau salée et communautés pélagiques des plans d'eau salée";"C1.511";"Plans d'eau salée et communautés pélagiques des plans d'eau salée";"5"
"17549";"7";"C1.5111 Lacs salés boréaux, némoraux et arctiques";"C1.5111";"Lacs salés boréaux, némoraux et arctiques";"6"
"17550";"7";"C1.5112 Lacs salés méditerranéens";"C1.5112";"Lacs salés méditerranéens";"6"
"10880";"7";"C1.512 Tapis immergés de Charophytes des plans d'eau salée ou hypersalée continentaux";"C1.512";"Tapis immergés de Charophytes des plans d'eau salée ou hypersalée continentaux";"5"
"10881";"7";"C1.513 Communautés benthiques des plans d'eau salée";"C1.513";"Communautés benthiques des plans d'eau salée";"5"
"4912";"7";"C1.52 Communautés d'espèces athalassiques euhydrophytes des plans d'eau salée";"C1.52";"Communautés d'espèces athalassiques euhydrophytes des plans d'eau salée";"4"
"10882";"7";"C1.521 Communautés de macrophytes immergés des eaux continentales salées et saumâtres";"C1.521";"Communautés de macrophytes immergés des eaux continentales salées et saumâtres";"5"
"17552";"7";"C1.5211 Formations athalassiques à Ruppia";"C1.5211";"Formations athalassiques à Ruppia";"6"
"10895";"7";"C1.523 Végétations flottantes des eaux saumâtres";"C1.523";"Végétations flottantes des eaux saumâtres";"5"
"1655";"7";"C1.6 Lacs, étangs et mares temporaires";"C1.6";"Lacs, étangs et mares temporaires";"3"
"4933";"7";"C1.61 Eaux temporaires oligotrophes pauvres en calcaire";"C1.61";"Eaux temporaires oligotrophes pauvres en calcaire";"4"
"4934";"7";"C1.62 Eaux temporaires mésotrophes";"C1.62";"Eaux temporaires mésotrophes";"4"
"4935";"7";"C1.63 Eaux temporaires eutrophes";"C1.63";"Eaux temporaires eutrophes";"4"
"4936";"7";"C1.64 Eaux temporaires dystrophes";"C1.64";"Eaux temporaires dystrophes";"4"
"4937";"7";"C1.65 Eaux temporaires oligomésotrophes riches en calcaires";"C1.65";"Eaux temporaires oligomésotrophes riches en calcaires";"4"
"4939";"7";"C1.67 Turloughs et prairies des fonds des lacs";"C1.67";"Turloughs et prairies des fonds des lacs";"4"
"4940";"7";"C1.68 Communautés benthiques des eaux temporaires";"C1.68";"Communautés benthiques des eaux temporaires";"4"
"4941";"7";"C1.69 Végétations enracinées à feuilles flottantes des plans d'eau temporaires";"C1.69";"Végétations enracinées à feuilles flottantes des plans d'eau temporaires";"4"
"584";"7";"C2 Eaux courantes de surface";"C2";"Eaux courantes de surface";"2"
"1621";"7";"C2.1 Sources, ruisseaux de sources et geysers";"C2.1";"Sources, ruisseaux de sources et geysers";"3"
"4776";"7";"C2.11 Sources d'eau douce";"C2.11";"Sources d'eau douce";"4"
"4781";"7";"C2.12 Sources d'eau dure";"C2.12";"Sources d'eau dure";"4"
"10813";"7";"C2.121 Sources pétrifiantes avec formations de tuf ou de travertins";"C2.121";"Sources pétrifiantes avec formations de tuf ou de travertins";"5"
"4785";"7";"C2.14 Sources thermales";"C2.14";"Sources thermales";"4"
"10815";"7";"C2.141 Sources thermales méditerranéennes";"C2.141";"Sources thermales méditerranéennes";"5"
"10818";"7";"C2.144 Sources thermales périalpines";"C2.144";"Sources thermales périalpines";"5"
"4792";"7";"C2.15 Sources d'eau salée";"C2.15";"Sources d'eau salée";"4"
"4793";"7";"C2.16 Ruisseaux crénaux (ruisseaux de source)";"C2.16";"Ruisseaux crénaux (ruisseaux de source)";"4"
"4794";"7";"C2.17 Ruisseaux des sources thermales";"C2.17";"Ruisseaux des sources thermales";"4"
"4795";"7";"C2.18 Végétations oligotrophes acidiphiles des ruisseaux de sources";"C2.18";"Végétations oligotrophes acidiphiles des ruisseaux de sources";"4"
"4796";"7";"C2.19 Végétations oligotrophes des ruisseaux de sources riches en calcaire";"C2.19";"Végétations oligotrophes des ruisseaux de sources riches en calcaire";"4"
"4844";"7";"C2.1A Végétations mésotrophes des ruisseaux de sources";"C2.1A";"Végétations mésotrophes des ruisseaux de sources";"4"
"4845";"7";"C2.1B Végétations eutrophes des ruisseaux de sources";"C2.1B";"Végétations eutrophes des ruisseaux de sources";"4"
"1636";"7";"C2.2 Cours d'eau permanents, non soumis aux marées, à écoulement turbulent et rapide";"C2.2";"Cours d'eau permanents, non soumis aux marées, à écoulement turbulent et rapide";"3"
"4802";"7";"C2.21 Épirhithron et métarhithron";"C2.21";"Épirhithron et métarhithron";"4"
"4803";"7";"C2.22 Hyporhithron";"C2.22";"Hyporhithron";"4"
"4804";"7";"C2.23 Eaux de fonte glaciaire";"C2.23";"Eaux de fonte glaciaire";"4"
"4805";"7";"C2.24 Chutes d'eau";"C2.24";"Chutes d'eau";"4"
"4806";"7";"C2.25 Végétations acides oligotrophes des cours d'eau à débit rapide";"C2.25";"Végétations acides oligotrophes des cours d'eau à débit rapide";"4"
"4828";"7";"C2.26 Végétations oligotrophes des cours d'eau à débit rapide riches en calcaire";"C2.26";"Végétations oligotrophes des cours d'eau à débit rapide riches en calcaire";"4"
"4829";"7";"C2.27 Végétations mésotrophes des cours d'eau à débit rapide";"C2.27";"Végétations mésotrophes des cours d'eau à débit rapide";"4"
"4830";"7";"C2.28 Végétations eutrophes des cours d'eau à débit rapide";"C2.28";"Végétations eutrophes des cours d'eau à débit rapide";"4"
"1638";"7";"C2.3 Cours d'eau permanents non soumis aux marées, à débit régulier";"C2.3";"Cours d'eau permanents non soumis aux marées, à débit régulier";"3"
"4850";"7";"C2.31 Épipotamon";"C2.31";"Épipotamon";"4"
"4851";"7";"C2.32 Métapotamon et hypopotamon";"C2.32";"Métapotamon et hypopotamon";"4"
"4810";"7";"C2.33 Végétations mésotrophes des cours d'eau à débit lent";"C2.33";"Végétations mésotrophes des cours d'eau à débit lent";"4"
"4811";"7";"C2.34 Végétations eutrophes des cours d'eau à débit lent";"C2.34";"Végétations eutrophes des cours d'eau à débit lent";"4"
"1628";"7";"C2.4 Fleuves et rivières tidaux en amont de l'estuaire";"C2.4";"Fleuves et rivières tidaux en amont de l'estuaire";"3"
"4812";"7";"C2.41 Cours d'eau à eau saumâtre soumis aux marées";"C2.41";"Cours d'eau à eau saumâtre soumis aux marées";"4"
"4813";"7";"C2.42 Cours d'eau à eau douce soumis aux marées";"C2.42";"Cours d'eau à eau douce soumis aux marées";"4"
"4837";"7";"C2.43 Végétations mésotrophes des cours d'eau tidaux";"C2.43";"Végétations mésotrophes des cours d'eau tidaux";"4"
"4838";"7";"C2.44 Végétations eutrophes des cours d'eau tidaux";"C2.44";"Végétations eutrophes des cours d'eau tidaux";"4"
"1633";"7";"C2.5 Eaux courantes temporaires";"C2.5";"Eaux courantes temporaires";"3"
"1634";"7";"C2.6 Films d'eau coulant sur les marges d'un court d'eau rocheux";"C2.6";"Films d'eau coulant sur les marges d'un court d'eau rocheux";"3"
"587";"7";"C3 Zones littorales des eaux de surface continentales";"C3";"Zones littorales des eaux de surface continentales";"2"
"1629";"7";"C3.1 Formations à hélophytes riches en espèces";"C3.1";"Formations à hélophytes riches en espèces";"3"
"4818";"7";"C3.11 Formations à petits hélophytes des bords des eaux à débit rapide";"C3.11";"Formations à petits hélophytes des bords des eaux à débit rapide";"4"
"1630";"7";"C3.2 Roselières et formations de bordure à grands hélophytes autres que les roseaux";"C3.2";"Roselières et formations de bordure à grands hélophytes autres que les roseaux";"3"
"4819";"7";"C3.21 Phragmitaies à Phragmites australis";"C3.21";"Phragmitaies à Phragmites australis";"4"
"10966";"7";"C3.211 Phragmitaies inondées";"C3.211";"Phragmitaies inondées";"5"
"17589";"7";"C3.2111 Phragmitaies des eaux douces";"C3.2111";"Phragmitaies des eaux douces";"6"
"17590";"7";"C3.2112 Phragmitaies continentales des eaux salées";"C3.2112";"Phragmitaies continentales des eaux salées";"6"
"5008";"7";"C3.22 Scirpaies à Scirpus lacustris";"C3.22";"Scirpaies à Scirpus lacustris";"4"
"5010";"7";"C3.23 Typhaies";"C3.23";"Typhaies";"4"
"10972";"7";"C3.231 Typhaies à Typha latifolia";"C3.231";"Typhaies à Typha latifolia";"5"
"10973";"7";"C3.232 Typhaies à Typha angustifolia";"C3.232";"Typhaies à Typha angustifolia";"5"
"5011";"7";"C3.24 Communautés non-graminoïdes de moyenne-haute taille bordant l'eau";"C3.24";"Communautés non-graminoïdes de moyenne-haute taille bordant l'eau";"4"
"10974";"7";"C3.241 Communautés à Sagittaire";"C3.241";"Communautés à Sagittaire";"5"
"10975";"7";"C3.242 Communautés à Rubanier négligé";"C3.242";"Communautés à Rubanier négligé";"5"
"10976";"7";"C3.243 Communautés à Rubanier dressé";"C3.243";"Communautés à Rubanier dressé";"5"
"10977";"7";"C3.244 Communautés à Acore calame";"C3.244";"Communautés à Acore calame";"5"
"10978";"7";"C3.245 Communautés à Jonc fleuri";"C3.245";"Communautés à Jonc fleuri";"5"
"10979";"7";"C3.246 Communautés à Oenanthe aquatique et à Rorippe amphibie";"C3.246";"Communautés à Oenanthe aquatique et à Rorippe amphibie";"5"
"10980";"7";"C3.247 Communautés à Prêle des eaux";"C3.247";"Communautés à Prêle des eaux";"5"
"10981";"7";"C3.248 Communautés à Berle à larges feuilles";"C3.248";"Communautés à Berle à larges feuilles";"5"
"10988";"7";"C3.249 Tapis d'Hippuris commun";"C3.249";"Tapis d'Hippuris commun";"5"
"10989";"7";"C3.24A Tapis de Scirpe des marais";"C3.24A";"Tapis de Scirpe des marais";"5"
"10990";"7";"C3.24B Formations à Iris faux acore";"C3.24B";"Formations à Iris faux acore";"5"
"5015";"7";"C3.25 Formations à graminoïdes de moyenne-haute taille des bords des eaux";"C3.25";"Formations à graminoïdes de moyenne-haute taille des bords des eaux";"4"
"10991";"7";"C3.251 Glycériaies";"C3.251";"Glycériaies";"5"
"10992";"7";"C3.252 Formations eurasiennes à Leersia";"C3.252";"Formations eurasiennes à Leersia";"5"
"10994";"7";"C3.254 Formations des bords des eaux à Calamagrostis";"C3.254";"Formations des bords des eaux à Calamagrostis";"5"
"4963";"7";"C3.26 Formations à Phalaris arundinacea";"C3.26";"Formations à Phalaris arundinacea";"4"
"4964";"7";"C3.27 Formations halophiles à Scirpus, Bolboschoenus et Schoenoplectus";"C3.27";"Formations halophiles à Scirpus, Bolboschoenus et Schoenoplectus";"4"
"4965";"7";"C3.28 Formations riveraines à Cladium mariscus";"C3.28";"Formations riveraines à Cladium mariscus";"4"
"4966";"7";"C3.29 Communautés à grandes Laîches";"C3.29";"Communautés à grandes Laîches";"4"
"1671";"7";"C3.3 Formations riveraines à grandes Cannes";"C3.3";"Formations riveraines à grandes Cannes";"3"
"4970";"7";"C3.31 Communautés à Saccharum ravennae";"C3.31";"Communautés à Saccharum ravennae";"4"
"4971";"7";"C3.32 Formations à Arundo donax";"C3.32";"Formations à Arundo donax";"4"
"1672";"7";"C3.4 Végétations à croissance lente, pauvres en espèces, du bord des eaux ou amphibies";"C3.4";"Végétations à croissance lente, pauvres en espèces, du bord des eaux ou amphibies";"3"
"4972";"7";"C3.41 Communautés amphibies vivaces eurosibériennes";"C3.41";"Communautés amphibies vivaces eurosibériennes";"4"
"10922";"7";"C3.411 Pelouses à Littorelle, étangs à Lobélie, gazons à Isoète";"C3.411";"Pelouses à Littorelle, étangs à Lobélie, gazons à Isoète";"5"
"17562";"7";"C3.4111 Pelouses à Littorelle";"C3.4111";"Pelouses à Littorelle";"6"
"17563";"7";"C3.4112 Étangs à Lobélie";"C3.4112";"Étangs à Lobélie";"6"
"17564";"7";"C3.4113 Gazons à Isoète eurosibériens";"C3.4113";"Gazons à Isoète eurosibériens";"6"
"17565";"7";"C3.4114 Communautés flottantes à Rubanier à feuilles étroites";"C3.4114";"Communautés flottantes à Rubanier à feuilles étroites";"6"
"17567";"7";"C3.4116 Communautés à Myriophyllum alterniflorum";"C3.4116";"Communautés à Myriophyllum alterniflorum";"6"
"10946";"7";"C3.412 Gazons à Scirpe épingle en eaux peu profondes";"C3.412";"Gazons à Scirpe épingle en eaux peu profondes";"5"
"10947";"7";"C3.413 Gazons en bordure des étangs acides à eaux peu profondes";"C3.413";"Gazons en bordure des étangs acides à eaux peu profondes";"5"
"17569";"7";"C3.4131 Communautés à Eleocharis multicaulis";"C3.4131";"Communautés à Eleocharis multicaulis";"6"
"17570";"7";"C3.4132 Gazons à Littorelle des dépressions interdunaires";"C3.4132";"Gazons à Littorelle des dépressions interdunaires";"6"
"17571";"7";"C3.4133 Gazons à Pilularia";"C3.4133";"Gazons à Pilularia";"6"
"17572";"7";"C3.4134 Communautés à Juncus bulbosus";"C3.4134";"Communautés à Juncus bulbosus";"6"
"17573";"7";"C3.4135 Communautés à Scirpus fluitans";"C3.4135";"Communautés à Scirpus fluitans";"6"
"17576";"7";"C3.4136 Communautés à Apium inundatum";"C3.4136";"Communautés à Apium inundatum";"6"
"10953";"7";"C3.414 Gazons riverains à Baldellia";"C3.414";"Gazons riverains à Baldellia";"5"
"10954";"7";"C3.415 Gazons riverains à Canche des rives";"C3.415";"Gazons riverains à Canche des rives";"5"
"4993";"7";"C3.42 Communautés amphibies méditerranéo-atlantiques";"C3.42";"Communautés amphibies méditerranéo-atlantiques";"4"
"10955";"7";"C3.421 Communautés amphibies rases méditerranéennes";"C3.421";"Communautés amphibies rases méditerranéennes";"5"
"17578";"7";"C3.4211 Communautés terrestres à Isoète";"C3.4211";"Communautés terrestres à Isoète";"6"
"17579";"7";"C3.4212 Gazons méditerranéens aquatiques à Isoète";"C3.4212";"Gazons méditerranéens aquatiques à Isoète";"6"
"17581";"7";"C3.4214 Gazons méditerranéens à Cyperus";"C3.4214";"Gazons méditerranéens à Cyperus";"6"
"17582";"7";"C3.4215 Gazons méditerranéens à Fimbristylis";"C3.4215";"Gazons méditerranéens à Fimbristylis";"6"
"17584";"7";"C3.4217 Communautés à Spiranthe et Mouron";"C3.4217";"Communautés à Spiranthe et Mouron";"6"
"17585";"7";"C3.4218 Communautés méditerranéennes amphibies à petites herbacées";"C3.4218";"Communautés méditerranéennes amphibies à petites herbacées";"6"
"17586";"7";"C3.4219 Gazons ras méditerranéens à Scirpus";"C3.4219";"Gazons ras méditerranéens à Scirpus";"6"
"17587";"7";"C3.421A Gazons méditerranéens à Eleocharis";"C3.421A";"Gazons méditerranéens à Eleocharis";"6"
"10967";"7";"C3.422 Grandes communautés amphibies méditerranéennes";"C3.422";"Grandes communautés amphibies méditerranéennes";"5"
"10968";"7";"C3.423 Gazons méditerranéens amphibies à Crypsis";"C3.423";"Gazons méditerranéens amphibies à Crypsis";"5"
"5012";"7";"C3.44 Formations des eaux continentales salées et saumâtres à Eleocharis parvula et Eleocharis acicularis";"C3.44";"Formations des eaux continentales salées et saumâtres à Eleocharis parvula et Eleocharis acicularis";"4"
"5013";"7";"C3.45 Formations à Nasturtium officinale (Rorippa nasturtium-aquaticum)";"C3.45";"Formations à Nasturtium officinale (Rorippa nasturtium-aquaticum)";"4"
"1683";"7";"C3.5 Berges périodiquement inondées à végétation pionnière et éphémère";"C3.5";"Berges périodiquement inondées à végétation pionnière et éphémère";"3"
"5014";"7";"C3.51 Gazons ras eurosibériens à espèces annuelles amphibies";"C3.51";"Gazons ras eurosibériens à espèces annuelles amphibies";"4"
"10982";"7";"C3.511 Communautés naines des eaux douces à Eleocharis";"C3.511";"Communautés naines des eaux douces à Eleocharis";"5"
"10983";"7";"C3.512 Pelouses des lettes dunaires à Centaurium";"C3.512";"Pelouses des lettes dunaires à Centaurium";"5"
"10995";"7";"C3.513 Communautés naines à Jonc des crapauds";"C3.513";"Communautés naines à Jonc des crapauds";"5"
"17596";"7";"C3.5131 Gazons à Jonc des crapauds";"C3.5131";"Gazons à Jonc des crapauds";"6"
"17597";"7";"C3.5132 Gazons à petits Cyperus";"C3.5132";"Gazons à petits Cyperus";"6"
"17598";"7";"C3.5133 Communautés naines des substrats humides à herbacées";"C3.5133";"Communautés naines des substrats humides à herbacées";"6"
"5016";"7";"C3.52 Communautés à Bidens (des rives des lacs et des étangs)";"C3.52";"Communautés à Bidens (des rives des lacs et des étangs)";"4"
"5017";"7";"C3.53 Communautés eurosibériennes annuelles des vases fluviatiles";"C3.53";"Communautés eurosibériennes annuelles des vases fluviatiles";"4"
"5019";"7";"C3.55 Bancs de graviers des cours d'eau à végétation clairsemée";"C3.55";"Bancs de graviers des cours d'eau à végétation clairsemée";"4"
"11022";"7";"C3.551 Formations des graviers des cours d'eau boréo-alpins";"C3.551";"Formations des graviers des cours d'eau boréo-alpins";"5"
"11023";"7";"C3.552 Habitats de graviers de cours d'eau montagnards";"C3.552";"Habitats de graviers de cours d'eau montagnards";"5"
"17600";"7";"C3.5521 Communautés de graviers des cours d'eau à Chondrille";"C3.5521";"Communautés de graviers des cours d'eau à Chondrille";"6"
"17604";"7";"C3.5522 Communautés de graviers des cours d'eau à Calamagrostide";"C3.5522";"Communautés de graviers des cours d'eau à Calamagrostide";"6"
"20857";"7";"C3.55221 Communautés de graviers des cours d'eau carpato-alpins à Calamagrostide";"C3.55221";"Communautés de graviers des cours d'eau carpato-alpins à Calamagrostide";"7"
"20858";"7";"C3.55222 Communautés de graviers des cours d'eau pyrénéo-cantabriques à Calamagrostide";"C3.55222";"Communautés de graviers des cours d'eau pyrénéo-cantabriques à Calamagrostide";"7"
"17605";"7";"C3.5523 Communautés de graviers des cours d'eau à Scrofulaire";"C3.5523";"Communautés de graviers des cours d'eau à Scrofulaire";"6"
"11050";"7";"C3.553 Habitats de graviers des cours d'eau méditerranéens";"C3.553";"Habitats de graviers des cours d'eau méditerranéens";"5"
"11051";"7";"C3.554 Communautés septentrionales de graviers des cours d'eau planitiaires";"C3.554";"Communautés septentrionales de graviers des cours d'eau planitiaires";"5"
"1685";"7";"C3.6 Berges nues ou à végétation clairsemée avec des sédiments meubles ou mobiles";"C3.6";"Berges nues ou à végétation clairsemée avec des sédiments meubles ou mobiles";"3"
"5027";"7";"C3.61 Bancs de sable nus des rivières";"C3.61";"Bancs de sable nus des rivières";"4"
"5028";"7";"C3.62 Bancs de graviers nus des rivières";"C3.62";"Bancs de graviers nus des rivières";"4"
"5033";"7";"C3.63 Bancs de vase nus des rivières";"C3.63";"Bancs de vase nus des rivières";"4"
"5034";"7";"C3.64 Sables et galets exondés et nus des lacs d'eau douce";"C3.64";"Sables et galets exondés et nus des lacs d'eau douce";"4"
"5035";"7";"C3.65 Vases exondées nues des lacs d'eau douce";"C3.65";"Vases exondées nues des lacs d'eau douce";"4"
"5036";"7";"C3.66 Plages exondées nues des eaux continentales salées et saumâtres à sédiments meubles";"C3.66";"Plages exondées nues des eaux continentales salées et saumâtres à sédiments meubles";"4"
"1687";"7";"C3.7 Berges nues ou à végétation clairsemée avec des sédiments non mobiles";"C3.7";"Berges nues ou à végétation clairsemée avec des sédiments non mobiles";"3"
"5037";"7";"C3.71 Rochers, dalles et blocs des lits des cours d'eau périodiquement exondés";"C3.71";"Rochers, dalles et blocs des lits des cours d'eau périodiquement exondés";"4"
"4957";"7";"C3.72 Rochers, blocs rocheux, pavements des fonds lacustres périodiquement exondés";"C3.72";"Rochers, blocs rocheux, pavements des fonds lacustres périodiquement exondés";"4"
"4958";"7";"C3.73 Zones de battement d'eau des réservoirs à substrats non mobiles";"C3.73";"Zones de battement d'eau des réservoirs à substrats non mobiles";"4"
"1668";"7";"C3.8 Habitats continentaux dépendant de la bruine";"C3.8";"Habitats continentaux dépendant de la bruine";"3"
"82";"7";"D Tourbières hautes et bas-marais";"D";"Tourbières hautes et bas-marais";"1"
"592";"7";"D1 Tourbières hautes et tourbières de couverture";"D1";"Tourbières hautes et tourbières de couverture";"2"
"1673";"7";"D1.1 Tourbières hautes";"D1.1";"Tourbières hautes";"3"
"4973";"7";"D1.11 Tourbières hautes actives, relativement peu dégradées";"D1.11";"Tourbières hautes actives, relativement peu dégradées";"4"
"10984";"7";"D1.111 Buttes, bourrelets et pelouses des tourbières hautes";"D1.111";"Buttes, bourrelets et pelouses des tourbières hautes";"5"
"17595";"7";"D1.1111 Buttes à Sphaignes colorées (bulten)";"D1.1111";"Buttes à Sphaignes colorées (bulten)";"6"
"20837";"7";"D1.11111 Buttes à Sphagnum magellanicum";"D1.11111";"Buttes à Sphagnum magellanicum";"7"
"20838";"7";"D1.11112 Buttes à Sphagnum fuscum";"D1.11112";"Buttes à Sphagnum fuscum";"7"
"20839";"7";"D1.11113 Ceintures des buttes à Sphaignes à Sphagnum rubellum";"D1.11113";"Ceintures des buttes à Sphaignes à Sphagnum rubellum";"7"
"20846";"7";"D1.11114 Buttes à Sphagnum rubellum";"D1.11114";"Buttes à Sphagnum rubellum";"7"
"20847";"7";"D1.11115 Buttes à Sphagnum imbricatum";"D1.11115";"Buttes à Sphagnum imbricatum";"7"
"20848";"7";"D1.11116 Buttes à Sphagnum papillosum";"D1.11116";"Buttes à Sphagnum papillosum";"7"
"20849";"7";"D1.11117 Buttes à Sphagnum capillifolium";"D1.11117";"Buttes à Sphagnum capillifolium";"7"
"20850";"7";"D1.11118 Buttes à Sphagnum angustifolium";"D1.11118";"Buttes à Sphagnum angustifolium";"7"
"17577";"7";"D1.1112 Pelouses et bases des buttes vertes à Linaigrette vaginée et Sphaignes";"D1.1112";"Pelouses et bases des buttes vertes à Linaigrette vaginée et Sphaignes";"6"
"20841";"7";"D1.11122 Pelouses à Eriophorum et Sphagnum pulchrum";"D1.11122";"Pelouses à Eriophorum et Sphagnum pulchrum";"7"
"20851";"7";"D1.11123 Pelouses à Eriophorum et Sphagnum papillosum";"D1.11123";"Pelouses à Eriophorum et Sphagnum papillosum";"7"
"20852";"7";"D1.11124 Pelouses à Eriophorum et Sphagnum capillifolium";"D1.11124";"Pelouses à Eriophorum et Sphagnum capillifolium";"7"
"20853";"7";"D1.11125 Pelouses à Eriophorum et Sphagnum recurvum";"D1.11125";"Pelouses à Eriophorum et Sphagnum recurvum";"7"
"20842";"7";"D1.11127 Pelouses à Eriophorum et Sphagnum rubellum";"D1.11127";"Pelouses à Eriophorum et Sphagnum rubellum";"7"
"20845";"7";"D1.1112A Pelouses à Eriophorum et Sphagnum magellanicum";"D1.1112A";"Pelouses à Eriophorum et Sphagnum magellanicum";"7"
"17588";"7";"D1.1113 Buttes à arbustes nains";"D1.1113";"Buttes à arbustes nains";"6"
"20881";"7";"D1.11131 Buttes à Callune";"D1.11131";"Buttes à Callune";"7"
"20882";"7";"D1.11132 Buttes arbustives à Bruyère quaternée";"D1.11132";"Buttes arbustives à Bruyère quaternée";"7"
"20883";"7";"D1.11133 Buttes arbustives à Camarine";"D1.11133";"Buttes arbustives à Camarine";"7"
"20884";"7";"D1.11134 Buttes arbustives à Vaccinium";"D1.11134";"Buttes arbustives à Vaccinium";"7"
"20886";"7";"D1.11136 Buttes à Piment royal";"D1.11136";"Buttes à Piment royal";"7"
"20887";"7";"D1.11137 Buttes à Bouleau nain";"D1.11137";"Buttes à Bouleau nain";"7"
"17773";"7";"D1.1114 Communautés à Scirpe en touffe";"D1.1114";"Communautés à Scirpe en touffe";"6"
"17774";"7";"D1.1115 Communautés à Erica et à Sphagnum";"D1.1115";"Communautés à Erica et à Sphagnum";"6"
"17781";"7";"D1.1116 Communautés paucispécifiques à Linaigrette";"D1.1116";"Communautés paucispécifiques à Linaigrette";"6"
"11275";"7";"D1.112 Cuvettes des tourbières hautes (schlenken)";"D1.112";"Cuvettes des tourbières hautes (schlenken)";"5"
"17782";"7";"D1.1121 Cuvettes à Sphaignes";"D1.1121";"Cuvettes à Sphaignes";"6"
"17783";"7";"D1.1122 Cuvettes à fond boueux";"D1.1122";"Cuvettes à fond boueux";"6"
"11282";"7";"D1.113 Suintements et rigoles des tourbières hautes";"D1.113";"Suintements et rigoles des tourbières hautes";"5"
"17792";"7";"D1.1131 Suintements à Narthécie des marais";"D1.1131";"Suintements à Narthécie des marais";"6"
"17793";"7";"D1.1132 Suintements à Piment royal";"D1.1132";"Suintements à Piment royal";"6"
"5185";"7";"D1.12 Tourbières hautes inactives, dégradées";"D1.12";"Tourbières hautes inactives, dégradées";"4"
"11284";"7";"D1.121 Tourbières hautes dégradées, inactives, envahies par Molinia";"D1.121";"Tourbières hautes dégradées, inactives, envahies par Molinia";"5"
"11285";"7";"D1.122 Tourbières hautes drainées";"D1.122";"Tourbières hautes drainées";"5"
"11286";"7";"D1.123 Tourbières hautes abandonnées";"D1.123";"Tourbières hautes abandonnées";"5"
"5186";"7";"D1.13 Tourbières condensarogènes";"D1.13";"Tourbières condensarogènes";"4"
"5187";"7";"D1.14 Fourrés des tourbières bombées à Myrica gale";"D1.14";"Fourrés des tourbières bombées à Myrica gale";"4"
"5188";"7";"D1.15 Tourbes humides nues et gouilles des tourbières hautes";"D1.15";"Tourbes humides nues et gouilles des tourbières hautes";"4"
"1714";"7";"D1.2 Tourbières de couverture";"D1.2";"Tourbières de couverture";"3"
"597";"7";"D2 Tourbières de vallée, bas-marais acides et tourbières de transition";"D2";"Tourbières de vallée, bas-marais acides et tourbières de transition";"2"
"1703";"7";"D2.1 Tourbières de vallée";"D2.1";"Tourbières de vallée";"3"
"5114";"7";"D2.11 Tourbières des vallées acides";"D2.11";"Tourbières des vallées acides";"4"
"5115";"7";"D2.12 Tourbières des vallées basiques et neutres";"D2.12";"Tourbières des vallées basiques et neutres";"4"
"1704";"7";"D2.2 Bas-marais oligotrophes et tourbières des sources d'eau douce";"D2.2";"Bas-marais oligotrophes et tourbières des sources d'eau douce";"3"
"5128";"7";"D2.21 Bas-marais à Eriophorum scheuchzeri";"D2.21";"Bas-marais à Eriophorum scheuchzeri";"4"
"11205";"7";"D2.211 Ceintures lacustres alpidiques à Linaigrette";"D2.211";"Ceintures lacustres alpidiques à Linaigrette";"5"
"5131";"7";"D2.22 Bas-marais à Carex nigra, Carex canescens et Carex echinata";"D2.22";"Bas-marais à Carex nigra, Carex canescens et Carex echinata";"4"
"11207";"7";"D2.221 Bas-marais périalpins à Laîche noire, Laîche blanchâtre, Laîche étoilée et Laîche des tourbières";"D2.221";"Bas-marais périalpins à Laîche noire, Laîche blanchâtre, Laîche étoilée et Laîche des tourbières";"5"
"17758";"7";"D2.2211 Bas-marais subalpins à Laîche noire";"D2.2211";"Bas-marais subalpins à Laîche noire";"6"
"11223";"7";"D2.222 Bas-marais subatlantiques à Laîche vulgaire, Laîche blanchâtre et Laîche étoilée";"D2.222";"Bas-marais subatlantiques à Laîche vulgaire, Laîche blanchâtre et Laîche étoilée";"5"
"17760";"7";"D2.2221 Bas-marais acides subatlantiques à Carex";"D2.2221";"Bas-marais acides subatlantiques à Carex";"6"
"17761";"7";"D2.2222 Bas-marais acides subatlantiques à Carex et Juncus";"D2.2222";"Bas-marais acides subatlantiques à Carex et Juncus";"6"
"17762";"7";"D2.2223 Bas-marais subatlantiques à Carex et Sphagnum";"D2.2223";"Bas-marais subatlantiques à Carex et Sphagnum";"6"
"17763";"7";"D2.2224 Bas-marais subatlantiques à Carex, Juncus et Sphagnum";"D2.2224";"Bas-marais subatlantiques à Carex, Juncus et Sphagnum";"6"
"17764";"7";"D2.2225 Bas-marais subatlantiques à Agrostis et Sphagnum";"D2.2225";"Bas-marais subatlantiques à Agrostis et Sphagnum";"6"
"11240";"7";"D2.224 Bas-marais acides pyrénéens à Laîche noire";"D2.224";"Bas-marais acides pyrénéens à Laîche noire";"5"
"5163";"7";"D2.24 Pozzines (dépressions humides entourant les lacs glaciaires) à Carex intricata";"D2.24";"Pozzines (dépressions humides entourant les lacs glaciaires) à Carex intricata";"4"
"11252";"7";"D2.242 Pozzines à Carex intricata de Corse";"D2.242";"Pozzines à Carex intricata de Corse";"5"
"5170";"7";"D2.25 Bas-marais acides à Trichophorum cespitosum et Narthecium ossifragum";"D2.25";"Bas-marais acides à Trichophorum cespitosum et Narthecium ossifragum";"4"
"11254";"7";"D2.251 Bas-marais acides périalpins à Scirpe en touffe";"D2.251";"Bas-marais acides périalpins à Scirpe en touffe";"5"
"11255";"7";"D2.252 Bas-marais acides pyrénéens à Scirpe en touffe et à Narthécie des marais";"D2.252";"Bas-marais acides pyrénéens à Scirpe en touffe et à Narthécie des marais";"5"
"11257";"7";"D2.254 Bas-marais acides médio-européens à Scirpe en touffe et à Narthécie des marais";"D2.254";"Bas-marais acides médio-européens à Scirpe en touffe et à Narthécie des marais";"5"
"11258";"7";"D2.255 Bas-marais corses à Scirpe en touffe";"D2.255";"Bas-marais corses à Scirpe en touffe";"5"
"5177";"7";"D2.26 Bas-marais à Eriophorum angustifolium";"D2.26";"Bas-marais à Eriophorum angustifolium";"4"
"5178";"7";"D2.27 Bas-marais acides dunaires à Laîches";"D2.27";"Bas-marais acides dunaires à Laîches";"4"
"5189";"7";"D2.2A Fourrés sur bas-marais acides à Myrica gale";"D2.2A";"Fourrés sur bas-marais acides à Myrica gale";"4"
"5191";"7";"D2.2C Bas-marais des sources d'eau douce";"D2.2C";"Bas-marais des sources d'eau douce";"4"
"11287";"7";"D2.2C1 Communautés bryophytiques des sources d'eau douce";"D2.2C1";"Communautés bryophytiques des sources d'eau douce";"5"
"17795";"7";"D2.2C11 Communautés bryophytiques des sources d'eau douce montagnardes";"D2.2C11";"Communautés bryophytiques des sources d'eau douce montagnardes";"6"
"17796";"7";"D2.2C12 Sources à Philonotis et à Saxifraga stellaris";"D2.2C12";"Sources à Philonotis et à Saxifraga stellaris";"6"
"17797";"7";"D2.2C13 Sources à Pohlia";"D2.2C13";"Sources à Pohlia";"6"
"17798";"7";"D2.2C14 Sources boréo-alpines d'eau douce à Hépatiques";"D2.2C14";"Sources boréo-alpines d'eau douce à Hépatiques";"6"
"17801";"7";"D2.2C17 Sources d'eau douce à lichens";"D2.2C17";"Sources d'eau douce à lichens";"6"
"11163";"7";"D2.2C2 Sources à Cardamine";"D2.2C2";"Sources à Cardamine";"5"
"11164";"7";"D2.2C3 Bas-marais oroméditerranéens des sources d'eau douce";"D2.2C3";"Bas-marais oroméditerranéens des sources d'eau douce";"5"
"1700";"7";"D2.3 Tourbières de transition et tourbières tremblantes";"D2.3";"Tourbières de transition et tourbières tremblantes";"3"
"5100";"7";"D2.31 Gazons à Carex lasiocarpa";"D2.31";"Gazons à Carex lasiocarpa";"4"
"11267";"7";"D2.311 Gazons à Laîche filiforme et mousses brunes";"D2.311";"Gazons à Laîche filiforme et mousses brunes";"5"
"11268";"7";"D2.312 Gazons à Laîche filiforme et Sphaignes";"D2.312";"Gazons à Laîche filiforme et Sphaignes";"5"
"11269";"7";"D2.313 Gazons à Laîche filiforme, mousses brunes et Sphaignes";"D2.313";"Gazons à Laîche filiforme, mousses brunes et Sphaignes";"5"
"5182";"7";"D2.32 Tourbières tremblantes à Carex diandra";"D2.32";"Tourbières tremblantes à Carex diandra";"4"
"5183";"7";"D2.33 Tourbières tremblantes à Carex rostrata";"D2.33";"Tourbières tremblantes à Carex rostrata";"4"
"11273";"7";"D2.331 Tourbières tremblantes acidoclines à Laîche à bec";"D2.331";"Tourbières tremblantes acidoclines à Laîche à bec";"5"
"11274";"7";"D2.332 Tourbières tremblantes basiclines à Laîche à bec";"D2.332";"Tourbières tremblantes basiclines à Laîche à bec";"5"
"17787";"7";"D2.3321 Tourbières tremblantes basiclines à Laîche à bec et Sphaignes";"D2.3321";"Tourbières tremblantes basiclines à Laîche à bec et Sphaignes";"6"
"17788";"7";"D2.3322 Tourbières tremblantes à Laîche à bec et mousses brunes";"D2.3322";"Tourbières tremblantes à Laîche à bec et mousses brunes";"6"
"5184";"7";"D2.34 Gazons à Carex limosa";"D2.34";"Gazons à Carex limosa";"4"
"11277";"7";"D2.341 Gazons à Laîche des bourbiers et mousses brunes";"D2.341";"Gazons à Laîche des bourbiers et mousses brunes";"5"
"11288";"7";"D2.342 Gazons à Laîche des bourbiers et Sphaignes";"D2.342";"Gazons à Laîche des bourbiers et Sphaignes";"5"
"5192";"7";"D2.35 Gazons à Carex chordorrhiza";"D2.35";"Gazons à Carex chordorrhiza";"4"
"5193";"7";"D2.36 Gazons à Carex heleonastes";"D2.36";"Gazons à Carex heleonastes";"4"
"5197";"7";"D2.37 Tourbières tremblantes à Rhynchospora alba";"D2.37";"Tourbières tremblantes à Rhynchospora alba";"4"
"5198";"7";"D2.38 Radeaux de Sphagnum et d'Eriophorum";"D2.38";"Radeaux de Sphagnum et d'Eriophorum";"4"
"5101";"7";"D2.39 Radeaux de Menyanthes trifoliata et de Potentilla palustris";"D2.39";"Radeaux de Menyanthes trifoliata et de Potentilla palustris";"4"
"11165";"7";"D2.391 Radeaux boréonémoraux de Trèfle d'eau et Comaret";"D2.391";"Radeaux boréonémoraux de Trèfle d'eau et Comaret";"5"
"5105";"7";"D2.3A Tourbières à Calla palustris";"D2.3A";"Tourbières à Calla palustris";"4"
"5109";"7";"D2.3B Tapis de mousses brunes";"D2.3B";"Tapis de mousses brunes";"4"
"5110";"7";"D2.3C Tourbières tremblantes à Eriophorum vaginatum";"D2.3C";"Tourbières tremblantes à Eriophorum vaginatum";"4"
"5111";"7";"D2.3D Tourbières tremblantes à Molinia caerulea";"D2.3D";"Tourbières tremblantes à Molinia caerulea";"4"
"5116";"7";"D2.3E Tourbières tremblantes à Calamagrostis stricta";"D2.3E";"Tourbières tremblantes à Calamagrostis stricta";"4"
"5117";"7";"D2.3F Tourbières tremblantes à Scirpus hudsonianus (Trichophorum alpinum)";"D2.3F";"Tourbières tremblantes à Scirpus hudsonianus (Trichophorum alpinum)";"4"
"5119";"7";"D2.3H Communautés des tourbes et des sables humides, ouverts et acides, avec Rhynchospora alba et Drosera";"D2.3H";"Communautés des tourbes et des sables humides, ouverts et acides, avec Rhynchospora alba et Drosera";"4"
"11193";"7";"D2.3H1 Communautés des tourbes nues de la zone némorale";"D2.3H1";"Communautés des tourbes nues de la zone némorale";"5"
"599";"7";"D4 Bas-marais riches en bases et tourbières des sources calcaires";"D4";"Bas-marais riches en bases et tourbières des sources calcaires";"2"
"1712";"7";"D4.1 Bas-marais riches en bases, y compris les bas-marais eutrophes à hautes herbes, suintements et ruissellements calcaires";"D4.1";"Bas-marais riches en bases, y compris les bas-marais eutrophes à hautes herbes, suintements et ruissellements calcaires";"3"
"5164";"7";"D4.11 Bas-marais à Schoenus nigricans";"D4.11";"Bas-marais à Schoenus nigricans";"4"
"11244";"7";"D4.112 Bas-marais germano-français à Choin noirâtre";"D4.112";"Bas-marais germano-français à Choin noirâtre";"5"
"11245";"7";"D4.113 Bas-marais centro-européens à Choin noirâtre";"D4.113";"Bas-marais centro-européens à Choin noirâtre";"5"
"5171";"7";"D4.12 Bas-marais à Schoenus ferrugineus";"D4.12";"Bas-marais à Schoenus ferrugineus";"4"
"11261";"7";"D4.121 Bas-marais périalpins à Choin ferrugineux";"D4.121";"Bas-marais périalpins à Choin ferrugineux";"5"
"5106";"7";"D4.13 Bas-marais subcontinentaux à Carex davalliana";"D4.13";"Bas-marais subcontinentaux à Carex davalliana";"4"
"11187";"7";"D4.131 Bas-marais périalpins à Laîche de Davall";"D4.131";"Bas-marais périalpins à Laîche de Davall";"5"
"11188";"7";"D4.132 Bas-marais à Laîche de Davall et Scirpe en touffe";"D4.132";"Bas-marais à Laîche de Davall et Scirpe en touffe";"5"
"11191";"7";"D4.135 Bas-marais septentrionaux à Laîche de Davall";"D4.135";"Bas-marais septentrionaux à Laîche de Davall";"5"
"5120";"7";"D4.14 Bas-marais pyrénéens à Carex davalliana";"D4.14";"Bas-marais pyrénéens à Carex davalliana";"4"
"5121";"7";"D4.15 Bas-marais à Carex dioica, Carex pulicaris et Carex flava";"D4.15";"Bas-marais à Carex dioica, Carex pulicaris et Carex flava";"4"
"11210";"7";"D4.153 Bas-marais médio-européens à Laîche jaune";"D4.153";"Bas-marais médio-européens à Laîche jaune";"5"
"5135";"7";"D4.16 Bas-marais alcalins à Carex nigra";"D4.16";"Bas-marais alcalins à Carex nigra";"4"
"11221";"7";"D4.161 Bas-marais alcalins médio-européens à Laîche noire";"D4.161";"Bas-marais alcalins médio-européens à Laîche noire";"5"
"5150";"7";"D4.18 Bas-marais à Carex frigida";"D4.18";"Bas-marais à Carex frigida";"4"
"5152";"7";"D4.1A Bas-marais à Eleocharis quinqueflora";"D4.1A";"Bas-marais à Eleocharis quinqueflora";"4"
"5157";"7";"D4.1C Bas-marais alcalins à Carex rostrata";"D4.1C";"Bas-marais alcalins à Carex rostrata";"4"
"5158";"7";"D4.1D Bas-marais alcalins à Scirpus hudsonianus (Trichophorum alpinum)";"D4.1D";"Bas-marais alcalins à Scirpus hudsonianus (Trichophorum alpinum)";"4"
"5165";"7";"D4.1E Bas-marais alcalins à Trichophorum cespitosum";"D4.1E";"Bas-marais alcalins à Trichophorum cespitosum";"4"
"5166";"7";"D4.1F Bas-marais médio-européens à Blysmus compressus";"D4.1F";"Bas-marais médio-européens à Blysmus compressus";"4"
"5167";"7";"D4.1G Bas-marais alcalins à petites herbes";"D4.1G";"Bas-marais alcalins à petites herbes";"4"
"5168";"7";"D4.1H Bas-marais calcaires dunaires à Juncus";"D4.1H";"Bas-marais calcaires dunaires à Juncus";"4"
"5172";"7";"D4.1I Bas-marais à hautes herbes";"D4.1I";"Bas-marais à hautes herbes";"4"
"5176";"7";"D4.1M Fourrés sur bas-marais alcalins à Myrica gale";"D4.1M";"Fourrés sur bas-marais alcalins à Myrica gale";"4"
"5180";"7";"D4.1N Tourbières de sources à eau dure";"D4.1N";"Tourbières de sources à eau dure";"4"
"11270";"7";"D4.1N1 Tourbières de sources calcaires médio-européennes";"D4.1N1";"Tourbières de sources calcaires médio-européennes";"5"
"17778";"7";"D4.1N11 Sources calcaires à bryophytes";"D4.1N11";"Sources calcaires à bryophytes";"6"
"17779";"7";"D4.1N12 Sources à Grande prêle";"D4.1N12";"Sources à Grande prêle";"6"
"17780";"7";"D4.1N13 Sources à Prêle panachée";"D4.1N13";"Sources à Prêle panachée";"6"
"17789";"7";"D4.1N14 Sources calcaires à petites herbacées";"D4.1N14";"Sources calcaires à petites herbacées";"6"
"1713";"7";"D4.2 Communautés riveraines des sources et des ruisseaux de montagne calcaires, avec une riche flore arctico-montagnarde";"D4.2";"Communautés riveraines des sources et des ruisseaux de montagne calcaires, avec une riche flore arctico-montagnarde";"3"
"5194";"7";"D4.21 Gazons arctico-alpins à Kobresia simpliciuscula et Carex microglochin";"D4.21";"Gazons arctico-alpins à Kobresia simpliciuscula et Carex microglochin";"4"
"5195";"7";"D4.22 Gazons riverains alpins à Carex maritima (Carex incurva)";"D4.22";"Gazons riverains alpins à Carex maritima (Carex incurva)";"4"
"5199";"7";"D4.23 Gazons riverains arctico-alpins à Equisetum, Typha et Juncus";"D4.23";"Gazons riverains arctico-alpins à Equisetum, Typha et Juncus";"4"
"596";"7";"D5 Roselières sèches et cariçaies, normalement sans eau libre";"D5";"Roselières sèches et cariçaies, normalement sans eau libre";"2"
"1701";"7";"D5.1 Roselières normalement sans eau libre";"D5.1";"Roselières normalement sans eau libre";"3"
"5102";"7";"D5.11 Phragmitaies normalement sans eau libre";"D5.11";"Phragmitaies normalement sans eau libre";"4"
"11167";"7";"D5.111 Phragmitaies sèches d'eau douce";"D5.111";"Phragmitaies sèches d'eau douce";"5"
"5086";"7";"D5.12 Scirpaies lacustres normalement sans eau libre";"D5.12";"Scirpaies lacustres normalement sans eau libre";"4"
"5087";"7";"D5.13 Typhaies normalement sans eau libre";"D5.13";"Typhaies normalement sans eau libre";"4"
"11139";"7";"D5.131 Typhaies normalement sans eau libre à Typha latifolia";"D5.131";"Typhaies normalement sans eau libre à Typha latifolia";"5"
"11140";"7";"D5.132 Typhaies normalement sans eau libre à Typha angustifolia";"D5.132";"Typhaies normalement sans eau libre à Typha angustifolia";"5"
"1698";"7";"D5.2 Formations à grandes Cypéracées normalement sans eau libre";"D5.2";"Formations à grandes Cypéracées normalement sans eau libre";"3"
"5088";"7";"D5.21 Communautés de grands Carex (magnocariçaies)";"D5.21";"Communautés de grands Carex (magnocariçaies)";"4"
"11145";"7";"D5.211 Cariçaies à Laîche distique";"D5.211";"Cariçaies à Laîche distique";"5"
"11146";"7";"D5.212 Cariçaies à Laîche des rives et communautés apparentées";"D5.212";"Cariçaies à Laîche des rives et communautés apparentées";"5"
"17708";"7";"D5.2121 Cariçaies à Laîche pointue";"D5.2121";"Cariçaies à Laîche pointue";"6"
"17720";"7";"D5.2122 Cariçaies à Laîche des marais";"D5.2122";"Cariçaies à Laîche des marais";"6"
"17726";"7";"D5.2128 Cariçaies à Carex hispida";"D5.2128";"Cariçaies à Carex hispida";"6"
"11149";"7";"D5.213 Cariçaies à Laîche des rives";"D5.213";"Cariçaies à Laîche des rives";"5"
"11153";"7";"D5.214 Cariçaies à Laîche vésiculeuse, Laîche à bec et Laîche filiforme";"D5.214";"Cariçaies à Laîche vésiculeuse, Laîche à bec et Laîche filiforme";"5"
"17729";"7";"D5.2141 Cariçaies à Laîche à bec";"D5.2141";"Cariçaies à Laîche à bec";"6"
"17730";"7";"D5.2142 Cariçaies à Laîche vésiculeuse";"D5.2142";"Cariçaies à Laîche vésiculeuse";"6"
"17731";"7";"D5.2143 Cariçaies à Laîche filiforme";"D5.2143";"Cariçaies à Laîche filiforme";"6"
"11154";"7";"D5.215 Cariçaies à Laîche raide et Laîche gazonnante";"D5.215";"Cariçaies à Laîche raide et Laîche gazonnante";"5"
"17732";"7";"D5.2151 Cariçaies à Laîche raide";"D5.2151";"Cariçaies à Laîche raide";"6"
"17739";"7";"D5.2152 Cariçaies à Laîche gazonnante";"D5.2152";"Cariçaies à Laîche gazonnante";"6"
"11157";"7";"D5.216 Cariçaies à Laîche paniculée";"D5.216";"Cariçaies à Laîche paniculée";"5"
"11158";"7";"D5.217 Cariçaies à Laîche paradoxale et Laîche arrondie";"D5.217";"Cariçaies à Laîche paradoxale et Laîche arrondie";"5"
"11159";"7";"D5.218 Cariçaies à Laîche faux-souchet";"D5.218";"Cariçaies à Laîche faux-souchet";"5"
"11160";"7";"D5.219 Cariçaies à Laîche des renards ou à Laîche cuivrée";"D5.219";"Cariçaies à Laîche des renards ou à Laîche cuivrée";"5"
"17740";"7";"D5.2191 Cariçaies à Laîche des renards";"D5.2191";"Cariçaies à Laîche des renards";"6"
"17741";"7";"D5.2192 Cariçaies à Laîche cuivrée";"D5.2192";"Cariçaies à Laîche cuivrée";"6"
"11161";"7";"D5.21A Cariçaies à Laîche de Buxbaum";"D5.21A";"Cariçaies à Laîche de Buxbaum";"5"
"5041";"7";"D5.24 Bas-marais à Cladium mariscus";"D5.24";"Bas-marais à Cladium mariscus";"4"
"1688";"7";"D5.3 Zones marécageuses dominées par Juncus effusus ou d'autres grands Juncus";"D5.3";"Zones marécageuses dominées par Juncus effusus ou d'autres grands Juncus";"3"
"594";"7";"D6 Marais continentaux salés et saumâtres et roselières";"D6";"Marais continentaux salés et saumâtres et roselières";"2"
"1689";"7";"D6.1 Marais salés continentaux";"D6.1";"Marais salés continentaux";"3"
"5044";"7";"D6.11 Prairies continentales européennes à Puccinellia distans";"D6.11";"Prairies continentales européennes à Puccinellia distans";"4"
"5045";"7";"D6.12 Formations des marais salés continentaux européens à Juncus gerardi et Elymus repens";"D6.12";"Formations des marais salés continentaux européens à Juncus gerardi et Elymus repens";"4"
"5052";"7";"D6.17 Salicorniaies continentales d'Europe occidentale";"D6.17";"Salicorniaies continentales d'Europe occidentale";"4"
"5053";"7";"D6.18 Formations des marais salés continentaux européens à Carex divisa et Carex distans";"D6.18";"Formations des marais salés continentaux européens à Carex divisa et Carex distans";"4"
"1691";"7";"D6.2 Nappes d'hélophytes, salines ou saumâtres, pauvres en espèces, normalement sans eau libre";"D6.2";"Nappes d'hélophytes, salines ou saumâtres, pauvres en espèces, normalement sans eau libre";"3"
"5054";"7";"D6.21 Phragmitaies sèches halophiles";"D6.21";"Phragmitaies sèches halophiles";"4"
"83";"7";"E Prairies ; terrains dominés par des herbacées non graminoïdes, des mousses ou des lichens";"E";"Prairies ; terrains dominés par des herbacées non graminoïdes, des mousses ou des lichens";"1"
"595";"7";"E1 Pelouses sèches";"E1";"Pelouses sèches";"2"
"1693";"7";"E1.1 Végétations ouvertes des substrats sableux et rocheux continentaux";"E1.1";"Végétations ouvertes des substrats sableux et rocheux continentaux";"3"
"5065";"7";"E1.11 Gazons eurosibériens sur débris rocheux";"E1.11";"Gazons eurosibériens sur débris rocheux";"4"
"11105";"7";"E1.111 Gazons médio-européens à Orpins";"E1.111";"Gazons médio-européens à Orpins";"5"
"11109";"7";"E1.112 Communautés à Sempervivum ou Jovibarba sur débris rocheux";"E1.112";"Communautés à Sempervivum ou Jovibarba sur débris rocheux";"5"
"11110";"7";"E1.113 Communautés herbeuses médio-européennes sur débris rocheux";"E1.113";"Communautés herbeuses médio-européennes sur débris rocheux";"5"
"17676";"7";"E1.1132 Gazons des débris rocheux à Poa compressa";"E1.1132";"Gazons des débris rocheux à Poa compressa";"6"
"11111";"7";"E1.114 Communautés médio-européennes des débris rocheux à petites herbacées non-graminoïdes";"E1.114";"Communautés médio-européennes des débris rocheux à petites herbacées non-graminoïdes";"5"
"5069";"7";"E1.12 Gazons pionniers eurosibériens des sables calcaires";"E1.12";"Gazons pionniers eurosibériens des sables calcaires";"4"
"1696";"7";"E1.2 Pelouses calcaires vivaces et steppes riches en bases";"E1.2";"Pelouses calcaires vivaces et steppes riches en bases";"3"
"5072";"7";"E1.22 Pelouses steppiques arides subcontinentales (Festucion valesiacae)";"E1.22";"Pelouses steppiques arides subcontinentales (Festucion valesiacae)";"4"
"5079";"7";"E1.23 Prés steppiques mésoxérophiles subcontinentales (Cirsio-Brachypodion)";"E1.23";"Prés steppiques mésoxérophiles subcontinentales (Cirsio-Brachypodion)";"4"
"5081";"7";"E1.24 Pelouses arides des Alpes centrales (Stipo-Poion)";"E1.24";"Pelouses arides des Alpes centrales (Stipo-Poion)";"4"
"5089";"7";"E1.26 Pelouses semi-sèches calcaires subatlantiques";"E1.26";"Pelouses semi-sèches calcaires subatlantiques";"4"
"11141";"7";"E1.261 Pelouses calcaires semi-sèches nord-occidentales";"E1.261";"Pelouses calcaires semi-sèches nord-occidentales";"5"
"11155";"7";"E1.262 Pelouses semi-sèches médio-européennes à Bromus erectus";"E1.262";"Pelouses semi-sèches médio-européennes à Bromus erectus";"5"
"17733";"7";"E1.2621 Mesobromion mosan";"E1.2621";"Mesobromion mosan";"6"
"17734";"7";"E1.2622 Mesobromion de la basse Meuse";"E1.2622";"Mesobromion de la basse Meuse";"6"
"17737";"7";"E1.2625 Mesobromion crétacé du Bassin parisien";"E1.2625";"Mesobromion crétacé du Bassin parisien";"6"
"17738";"7";"E1.2626 Mesobromion tertiaire parisien";"E1.2626";"Mesobromion tertiaire parisien";"6"
"17742";"7";"E1.2627 Mesobromion jurassique du Bassin parisien";"E1.2627";"Mesobromion jurassique du Bassin parisien";"6"
"17743";"7";"E1.2628 Mesobromion du Rhin moyen";"E1.2628";"Mesobromion du Rhin moyen";"6"
"17744";"7";"E1.2629 Mesobromion du Rhin supérieur";"E1.2629";"Mesobromion du Rhin supérieur";"6"
"17746";"7";"E1.262B Mesobromion du Jura occidental";"E1.262B";"Mesobromion du Jura occidental";"6"
"17749";"7";"E1.262E Mesobromion préalpin nord-occidental";"E1.262E";"Mesobromion préalpin nord-occidental";"6"
"17751";"7";"E1.262G Mesobromion ligérien";"E1.262G";"Mesobromion ligérien";"6"
"17752";"7";"E1.262H Mesobromion aquitain";"E1.262H";"Mesobromion aquitain";"6"
"17753";"7";"E1.262I Mesobromion du Quercy";"E1.262I";"Mesobromion du Quercy";"6"
"17754";"7";"E1.262J Mesobromion des Pyrénées occidentales";"E1.262J";"Mesobromion des Pyrénées occidentales";"6"
"11075";"7";"E1.263 Pelouses médio-européennes semi-sèches à Brachypodium";"E1.263";"Pelouses médio-européennes semi-sèches à Brachypodium";"5"
"11084";"7";"E1.264 Pelouses alluviales et humides du Mesobromion";"E1.264";"Pelouses alluviales et humides du Mesobromion";"5"
"11085";"7";"E1.265 Pelouses médio-européennes semi-sèches à Sesleria";"E1.265";"Pelouses médio-européennes semi-sèches à Sesleria";"5"
"11094";"7";"E1.266 Mesobromion subméditerranéen";"E1.266";"Mesobromion subméditerranéen";"5"
"5057";"7";"E1.27 Pelouses calcaires subatlantiques très sèches";"E1.27";"Pelouses calcaires subatlantiques très sèches";"4"
"11102";"7";"E1.272 Pelouses médio-européennes du Xerobromion";"E1.272";"Pelouses médio-européennes du Xerobromion";"5"
"17657";"7";"E1.2721 Xerobromion mosan";"E1.2721";"Xerobromion mosan";"6"
"17659";"7";"E1.2723 Xerobromion crétacé du Bassin parisien";"E1.2723";"Xerobromion crétacé du Bassin parisien";"6"
"17660";"7";"E1.2724 Xerobromion tertiaire parisien";"E1.2724";"Xerobromion tertiaire parisien";"6"
"17661";"7";"E1.2725 Xerobromion jurassique du Bassin Parisien";"E1.2725";"Xerobromion jurassique du Bassin Parisien";"6"
"17662";"7";"E1.2726 Xerobromion du Rhin moyen";"E1.2726";"Xerobromion du Rhin moyen";"6"
"17663";"7";"E1.2727 Xerobromion du Rhin supérieur";"E1.2727";"Xerobromion du Rhin supérieur";"6"
"17664";"7";"E1.2728 Xerobromion du Jura occidental";"E1.2728";"Xerobromion du Jura occidental";"6"
"17668";"7";"E1.272B Xerobromion du nord-ouest des Préalpes";"E1.272B";"Xerobromion du nord-ouest des Préalpes";"6"
"17670";"7";"E1.272D Xerobromion ligérien";"E1.272D";"Xerobromion ligérien";"6"
"17671";"7";"E1.272E Xerobromion aquitain";"E1.272E";"Xerobromion aquitain";"6"
"17672";"7";"E1.272F Xerobromion du Quercy";"E1.272F";"Xerobromion du Quercy";"6"
"17673";"7";"E1.272G Xerobromion pyrénéen";"E1.272G";"Xerobromion pyrénéen";"6"
"17674";"7";"E1.272H Xerobromion des Alpes sud-occidentales";"E1.272H";"Xerobromion des Alpes sud-occidentales";"6"
"5067";"7";"E1.28 Pelouses calcaréo-siliceuses d'Europe centrale";"E1.28";"Pelouses calcaréo-siliceuses d'Europe centrale";"4"
"11118";"7";"E1.281 Pelouses des rochers calcaréo-siliceux hercyniennes";"E1.281";"Pelouses des rochers calcaréo-siliceux hercyniennes";"5"
"11119";"7";"E1.282 Pelouses sur sables calcaréo-siliceux d'Europe centrale";"E1.282";"Pelouses sur sables calcaréo-siliceux d'Europe centrale";"5"
"17686";"7";"E1.2822 Pelouses sur sables acidoclines d'Europe centrale";"E1.2822";"Pelouses sur sables acidoclines d'Europe centrale";"6"
"5080";"7";"E1.29 Pelouses à Festuca pallens";"E1.29";"Pelouses à Festuca pallens";"4"
"11134";"7";"E1.292 Pelouses calciclines à Fétuque pâle";"E1.292";"Pelouses calciclines à Fétuque pâle";"5"
"17703";"7";"E1.2921 Pelouses calciclines périhercyniennes à Fétuque pâle";"E1.2921";"Pelouses calciclines périhercyniennes à Fétuque pâle";"6"
"5093";"7";"E1.2A Pelouses à Brachypodium phoenicoides";"E1.2A";"Pelouses à Brachypodium phoenicoides";"4"
"1695";"7";"E1.3 Pelouses xériques méditerranéennes";"E1.3";"Pelouses xériques méditerranéennes";"3"
"5066";"7";"E1.31 Pelouses xériques ouest-méditerranéennes";"E1.31";"Pelouses xériques ouest-méditerranéennes";"4"
"11106";"7";"E1.311 Pelouses à Brachypode rameux";"E1.311";"Pelouses à Brachypode rameux";"5"
"11107";"7";"E1.312 Steppes de la Crau";"E1.312";"Steppes de la Crau";"5"
"11120";"7";"E1.313 Communautés méditerranéennes annuelles des sols superficiels";"E1.313";"Communautés méditerranéennes annuelles des sols superficiels";"5"
"17679";"7";"E1.3131 Communautés annuelles calciphiles ouest-méditerranéennes";"E1.3131";"Communautés annuelles calciphiles ouest-méditerranéennes";"6"
"11122";"7";"E1.314 Arènes dolomitiques des Causses";"E1.314";"Arènes dolomitiques des Causses";"5"
"1697";"7";"E1.4 Steppes méditerranéennes à grandes graminées et Artemisia";"E1.4";"Steppes méditerranéennes à grandes graminées et Artemisia";"3"
"5085";"7";"E1.43 Steppes méditerranéennes dominées par de grandes graminées autres que Stipa tenacissima ou Lygeum spartum";"E1.43";"Steppes méditerranéennes dominées par de grandes graminées autres que Stipa tenacissima ou Lygeum spartum";"4"
"11142";"7";"E1.432 Steppes méditerranéennes à Stipes";"E1.432";"Steppes méditerranéennes à Stipes";"5"
"11144";"7";"E1.434 Steppes à andropogonides";"E1.434";"Steppes à andropogonides";"5"
"17706";"7";"E1.4342 Steppes provençales à andropogonides";"E1.4342";"Steppes provençales à andropogonides";"6"
"5090";"7";"E1.44 Steppes à Cannes";"E1.44";"Steppes à Cannes";"4"
"1699";"7";"E1.5 Pelouses méditerranéo-montagnardes";"E1.5";"Pelouses méditerranéo-montagnardes";"3"
"5092";"7";"E1.51 Steppes méditerranéo-montagnardes";"E1.51";"Steppes méditerranéo-montagnardes";"4"
"11150";"7";"E1.511 Steppes méditerranéo-montagnardes à Stipa";"E1.511";"Steppes méditerranéo-montagnardes à Stipa";"5"
"11151";"7";"E1.512 Steppes méditerranéo-montagnardes à Sesleria";"E1.512";"Steppes méditerranéo-montagnardes à Sesleria";"5"
"11152";"7";"E1.513 Steppes méditerranéo-montagnardes à Festuca-Koeleria";"E1.513";"Steppes méditerranéo-montagnardes à Festuca-Koeleria";"5"
"11156";"7";"E1.514 Steppes méditerranéo-montagnardes à Artemisia";"E1.514";"Steppes méditerranéo-montagnardes à Artemisia";"5"
"5096";"7";"E1.52 Steppes supraméditerranéennes et prairies à Aphyllanthes";"E1.52";"Steppes supraméditerranéennes et prairies à Aphyllanthes";"4"
"1690";"7";"E1.6 Pelouses à annuelles subnitrophiles";"E1.6";"Pelouses à annuelles subnitrophiles";"3"
"5075";"7";"E1.61 Communautés méditerranéennes à graminées subnitrophiles";"E1.61";"Communautés méditerranéennes à graminées subnitrophiles";"4"
"1692";"7";"E1.7 Pelouses sèches, acides et neutres fermées non-méditerranéennes";"E1.7";"Pelouses sèches, acides et neutres fermées non-méditerranéennes";"3"
"5058";"7";"E1.71 Gazons à Nardus stricta";"E1.71";"Gazons à Nardus stricta";"4"
"11114";"7";"E1.712 Gazons subatlantiques à Nardus et Galium";"E1.712";"Gazons subatlantiques à Nardus et Galium";"5"
"5068";"7";"E1.72 Pelouses à Agrostis et Festuca";"E1.72";"Pelouses à Agrostis et Festuca";"4"
"11128";"7";"E1.721 Pelouses némorales à Agrostis et Festuca";"E1.721";"Pelouses némorales à Agrostis et Festuca";"5"
"5061";"7";"E1.73 Pelouses à Deschampsia flexuosa";"E1.73";"Pelouses à Deschampsia flexuosa";"4"
"5062";"7";"E1.74 Végétations à Calamagrostis epigejos";"E1.74";"Végétations à Calamagrostis epigejos";"4"
"5063";"7";"E1.75 Pelouses à Carex arenaria";"E1.75";"Pelouses à Carex arenaria";"4"
"1694";"7";"E1.8 Pelouses fermées, sèches, acides et neutres méditerranéennes";"E1.8";"Pelouses fermées, sèches, acides et neutres méditerranéennes";"3"
"5070";"7";"E1.81 Pelouses siliceuses thérophytiques méditerranéennes";"E1.81";"Pelouses siliceuses thérophytiques méditerranéennes";"4"
"11108";"7";"E1.811 Pelouses siliceuses ouest-méditerranéennes";"E1.811";"Pelouses siliceuses ouest-méditerranéennes";"5"
"5107";"7";"E1.83 Nardaies méditerranéo-montagnardes";"E1.83";"Nardaies méditerranéo-montagnardes";"4"
"1702";"7";"E1.9 Pelouses ouvertes, sèches, acides et neutres non-méditerranéennes, y compris les formations dunaires continentales";"E1.9";"Pelouses ouvertes, sèches, acides et neutres non-méditerranéennes, y compris les formations dunaires continentales";"3"
"5112";"7";"E1.91 Pelouses siliceuses d'espèces annuelles naines";"E1.91";"Pelouses siliceuses d'espèces annuelles naines";"4"
"5113";"7";"E1.92 Pelouses siliceuses ouvertes pérennes";"E1.92";"Pelouses siliceuses ouvertes pérennes";"4"
"5122";"7";"E1.93 Pelouses à Corynephorus";"E1.93";"Pelouses à Corynephorus";"4"
"5123";"7";"E1.94 Pelouses pionnières des dunes continentales";"E1.94";"Pelouses pionnières des dunes continentales";"4"
"5124";"7";"E1.95 Pelouses siliceuses des dunes continentales";"E1.95";"Pelouses siliceuses des dunes continentales";"4"
"5126";"7";"E1.97 Dunes fluviatiles méridionales";"E1.97";"Dunes fluviatiles méridionales";"4"
"1705";"7";"E1.A Pelouses sèches, ouvertes, acides et neutres méditerranéennes";"E1.A";"Pelouses sèches, ouvertes, acides et neutres méditerranéennes";"3"
"5153";"7";"E1.A1 Communautés annuelles méditerranéennes sur sables profonds";"E1.A1";"Communautés annuelles méditerranéennes sur sables profonds";"4"
"5155";"7";"E1.A3 Dunes riveraines du Rhône";"E1.A3";"Dunes riveraines du Rhône";"4"
"1707";"7";"E1.B Pelouses des sols métallifères";"E1.B";"Pelouses des sols métallifères";"3"
"5159";"7";"E1.B2 Pelouses calaminaires";"E1.B2";"Pelouses calaminaires";"4"
"5160";"7";"E1.B3 Pelouses métallifères d'Europe centrale";"E1.B3";"Pelouses métallifères d'Europe centrale";"4"
"5142";"7";"E1.B5 Pelouses alpines des sols métallifères";"E1.B5";"Pelouses alpines des sols métallifères";"4"
"1709";"7";"E1.C Habitats méditerranéens secs à végétation herbacée non-vernale inappétente";"E1.C";"Habitats méditerranéens secs à végétation herbacée non-vernale inappétente";"3"
"5143";"7";"E1.C1 Champs d'Asphodelus";"E1.C1";"Champs d'Asphodelus";"4"
"5144";"7";"E1.C2 Champs de Chardons";"E1.C2";"Champs de Chardons";"4"
"5145";"7";"E1.C3 Broussailles à Phlomis";"E1.C3";"Broussailles à Phlomis";"4"
"5146";"7";"E1.C4 Peuplements de Ferula";"E1.C4";"Peuplements de Ferula";"4"
"1710";"7";"E1.D Pelouses xériques non exploitées";"E1.D";"Pelouses xériques non exploitées";"3"
"1746";"7";"E1.E Pelouses xériques piétinées à espèces annuelles";"E1.E";"Pelouses xériques piétinées à espèces annuelles";"3"
"606";"7";"E2 Prairies mésiques";"E2";"Prairies mésiques";"2"
"1747";"7";"E2.1 Pâturages permanents mésotrophes et prairies de post-pâturage";"E2.1";"Pâturages permanents mésotrophes et prairies de post-pâturage";"3"
"5330";"7";"E2.11 Pâturages ininterrompus";"E2.11";"Pâturages ininterrompus";"4"
"11558";"7";"E2.111 Pâturages à Ivraie vivace";"E2.111";"Pâturages à Ivraie vivace";"5"
"11560";"7";"E2.113 Pâturages collinéens subatlantiques";"E2.113";"Pâturages collinéens subatlantiques";"5"
"5332";"7";"E2.12 Pâturages interrompus par des fossés";"E2.12";"Pâturages interrompus par des fossés";"4"
"5333";"7";"E2.13 Pâturages abandonnés";"E2.13";"Pâturages abandonnés";"4"
"5334";"7";"E2.14 Prairies inondables planitiaires riches en espèces";"E2.14";"Prairies inondables planitiaires riches en espèces";"4"
"1751";"7";"E2.2 Prairies de fauche de basse et moyenne altitudes";"E2.2";"Prairies de fauche de basse et moyenne altitudes";"3"
"5341";"7";"E2.21 Prairies de fauche atlantiques";"E2.21";"Prairies de fauche atlantiques";"4"
"11569";"7";"E2.211 Prairies atlantiques à Arrhenatherum";"E2.211";"Prairies atlantiques à Arrhenatherum";"5"
"5345";"7";"E2.22 Prairies de fauche planitiaires subatlantiques";"E2.22";"Prairies de fauche planitiaires subatlantiques";"4"
"11585";"7";"E2.221 Prairies de fauche xéromésophiles planitiaires médio-européennes";"E2.221";"Prairies de fauche xéromésophiles planitiaires médio-européennes";"5"
"11592";"7";"E2.222 Prairies de fauche hygromésophiles planitiaires médio-européennes";"E2.222";"Prairies de fauche hygromésophiles planitiaires médio-européennes";"5"
"5353";"7";"E2.23 Prairies de fauche submontagnardes médio-européennes";"E2.23";"Prairies de fauche submontagnardes médio-européennes";"4"
"11392";"7";"E2.231 Prairies de fauche submontagnardes hercyniennes occidentales";"E2.231";"Prairies de fauche submontagnardes hercyniennes occidentales";"5"
"11396";"7";"E2.235 Prairies de fauche submontagnardes alpiennes";"E2.235";"Prairies de fauche submontagnardes alpiennes";"5"
"11397";"7";"E2.236 Prairies de fauche submontagnardes jurassiennes";"E2.236";"Prairies de fauche submontagnardes jurassiennes";"5"
"1729";"7";"E2.3 Prairies de fauche montagnardes";"E2.3";"Prairies de fauche montagnardes";"3"
"5267";"7";"E2.31 Prairies de fauche montagnardes alpiennes";"E2.31";"Prairies de fauche montagnardes alpiennes";"4"
"1732";"7";"E2.6 Prairies améliorées, réensemencées et fortement fertilisées, y compris les terrains de sport et les pelouses ornementales";"E2.6";"Prairies améliorées, réensemencées et fortement fertilisées, y compris les terrains de sport et les pelouses ornementales";"3"
"5276";"7";"E2.61 Prairies améliorées sèches ou humides";"E2.61";"Prairies améliorées sèches ou humides";"4"
"5277";"7";"E2.62 Prairies améliorées humides, souvent avec des fossés de drainage";"E2.62";"Prairies améliorées humides, souvent avec des fossés de drainage";"4"
"5278";"7";"E2.63 Gazons des stades sportifs";"E2.63";"Gazons des stades sportifs";"4"
"5279";"7";"E2.64 Pelouses des parcs";"E2.64";"Pelouses des parcs";"4"
"5280";"7";"E2.65 Pelouses de petite surface";"E2.65";"Pelouses de petite surface";"4"
"1733";"7";"E2.7 Prairies mésiques non gérées";"E2.7";"Prairies mésiques non gérées";"3"
"1734";"7";"E2.8 Pelouses mésophiles piétinées à espèces annuelles";"E2.8";"Pelouses mésophiles piétinées à espèces annuelles";"3"
"602";"7";"E3 Prairies humides et prairies humides saisonnières";"E3";"Prairies humides et prairies humides saisonnières";"2"
"1735";"7";"E3.1 Prairies humides hautes méditerranéennes";"E3.1";"Prairies humides hautes méditerranéennes";"3"
"5282";"7";"E3.11 Prairies humides hautes des plaines méditerranéennes";"E3.11";"Prairies humides hautes des plaines méditerranéennes";"4"
"11301";"7";"E3.111 Prairies à Serapias";"E3.111";"Prairies à Serapias";"5"
"1715";"7";"E3.2 Prairies méditerranéennes humides rases";"E3.2";"Prairies méditerranéennes humides rases";"3"
"1719";"7";"E3.4 Prairies eutrophes et mésotrophes humides ou mouilleuses";"E3.4";"Prairies eutrophes et mésotrophes humides ou mouilleuses";"3"
"5223";"7";"E3.41 Prairies atlantiques et subatlantiques humides";"E3.41";"Prairies atlantiques et subatlantiques humides";"4"
"11319";"7";"E3.411 Prairies à Cirse des maraîchers";"E3.411";"Prairies à Cirse des maraîchers";"5"
"11320";"7";"E3.412 Prairies à Trolle d'Europe et à Cirse des ruisseaux";"E3.412";"Prairies à Trolle d'Europe et à Cirse des ruisseaux";"5"
"11329";"7";"E3.413 Prairies occidentales à Canche cespiteuse";"E3.413";"Prairies occidentales à Canche cespiteuse";"5"
"17831";"7";"E3.4131 Prairies atlantiques à Canche cespiteuse";"E3.4131";"Prairies atlantiques à Canche cespiteuse";"6"
"11347";"7";"E3.414 Prairies à Séneçon aquatique";"E3.414";"Prairies à Séneçon aquatique";"5"
"11353";"7";"E3.415 Prairies à Renouée bistorte";"E3.415";"Prairies à Renouée bistorte";"5"
"11354";"7";"E3.416 Prairies à Jonc filiforme";"E3.416";"Prairies à Jonc filiforme";"5"
"11364";"7";"E3.417 Prairies à Jonc épars";"E3.417";"Prairies à Jonc épars";"5"
"11367";"7";"E3.418 Prairies à Jonc à tépales obtus";"E3.418";"Prairies à Jonc à tépales obtus";"5"
"11384";"7";"E3.419 Prairies à Scirpe des bois";"E3.419";"Prairies à Scirpe des bois";"5"
"11386";"7";"E3.41B Prairies à Joncs et à Crételle";"E3.41B";"Prairies à Joncs et à Crételle";"5"
"11400";"7";"E3.41C Prairies à Cirse des marais";"E3.41C";"Prairies à Cirse des marais";"5"
"11403";"7";"E3.41F Bas-marais calcaires dunaires à Calamagrostide";"E3.41F";"Bas-marais calcaires dunaires à Calamagrostide";"5"
"5266";"7";"E3.42 Prairies à Juncus acutiflorus";"E3.42";"Prairies à Juncus acutiflorus";"4"
"5272";"7";"E3.43 Prairies subcontinentales riveraines";"E3.43";"Prairies subcontinentales riveraines";"4"
"5273";"7";"E3.44 Gazons inondés et communautés apparentées";"E3.44";"Gazons inondés et communautés apparentées";"4"
"11416";"7";"E3.441 Pâtures à grands Joncs";"E3.441";"Pâtures à grands Joncs";"5"
"11421";"7";"E3.442 Gazons inondés";"E3.442";"Gazons inondés";"5"
"17875";"7";"E3.4421 Gazons inondés à Vulpin genouillé";"E3.4421";"Gazons inondés à Vulpin genouillé";"6"
"17876";"7";"E3.4422 Gazons inondés à Agrostide blanche";"E3.4422";"Gazons inondés à Agrostide blanche";"6"
"17877";"7";"E3.4423 Gazons inondés à Fétuque roseau";"E3.4423";"Gazons inondés à Fétuque roseau";"6"
"17878";"7";"E3.4424 Gazons inondés à Chiendent rampant";"E3.4424";"Gazons inondés à Chiendent rampant";"6"
"17879";"7";"E3.4425 Gazons rhénans inondés à Deschampsia media";"E3.4425";"Gazons rhénans inondés à Deschampsia media";"6"
"11422";"7";"E3.443 Gazons à petits Joncs";"E3.443";"Gazons à petits Joncs";"5"
"5281";"7";"E3.45 Prairies de fauche récemment abandonnées";"E3.45";"Prairies de fauche récemment abandonnées";"4"
"1717";"7";"E3.5 Prairies oligotrophes humides ou mouilleuses";"E3.5";"Prairies oligotrophes humides ou mouilleuses";"3"
"5217";"7";"E3.51 Prairies à Molinia caerulea et communautés apparentées";"E3.51";"Prairies à Molinia caerulea et communautés apparentées";"4"
"11311";"7";"E3.511 Prairies calciclines à Molinie bleue";"E3.511";"Prairies calciclines à Molinie bleue";"5"
"11314";"7";"E3.512 Prairies acidoclines à Molinie bleue";"E3.512";"Prairies acidoclines à Molinie bleue";"5"
"5224";"7";"E3.52 Prairies à Juncus squarrosus et gazons humides à Nardus stricta";"E3.52";"Prairies à Juncus squarrosus et gazons humides à Nardus stricta";"4"
"601";"7";"E4 Pelouses alpines et subalpines";"E4";"Pelouses alpines et subalpines";"2"
"1722";"7";"E4.1 Combes à neige avec végétation";"E4.1";"Combes à neige avec végétation";"3"
"5231";"7";"E4.11 Pelouses et habitats herbacés boréo-alpins acidoclines des combes à neige";"E4.11";"Pelouses et habitats herbacés boréo-alpins acidoclines des combes à neige";"4"
"11330";"7";"E4.111 Communautés alpines acidiphiles des combes à neige à mousses";"E4.111";"Communautés alpines acidiphiles des combes à neige à mousses";"5"
"11331";"7";"E4.112 Communautés alpines acidiphiles des combes à neige à Gnaphale";"E4.112";"Communautés alpines acidiphiles des combes à neige à Gnaphale";"5"
"11332";"7";"E4.113 Communautés des combes à neige à Luzula spadicea";"E4.113";"Communautés des combes à neige à Luzula spadicea";"5"
"11337";"7";"E4.114 Communautés hercyniennes acidophiles des combes à neige";"E4.114";"Communautés hercyniennes acidophiles des combes à neige";"5"
"5240";"7";"E4.12 Pelouses et habitats herbacés boréo-alpins calciclines des combes à neige";"E4.12";"Pelouses et habitats herbacés boréo-alpins calciclines des combes à neige";"4"
"11342";"7";"E4.121 Communautés alpiennes calcicoles des combes à neige à petites herbacées";"E4.121";"Communautés alpiennes calcicoles des combes à neige à petites herbacées";"5"
"17837";"7";"E4.1211 Communautés des combes à neige à Arabis-Gnaphalium";"E4.1211";"Communautés des combes à neige à Arabis-Gnaphalium";"6"
"1725";"7";"E4.2 Sommets, corniches et pentes exposées des montagnes, dominés par des mousses et des lichens";"E4.2";"Sommets, corniches et pentes exposées des montagnes, dominés par des mousses et des lichens";"3"
"5251";"7";"E4.22 Communautés des dalles rocheuses à lichens";"E4.22";"Communautés des dalles rocheuses à lichens";"4"
"5252";"7";"E4.23 Landes à mousses des sommets, des plateaux et des pavements rocheux";"E4.23";"Landes à mousses des sommets, des plateaux et des pavements rocheux";"4"
"1726";"7";"E4.3 Pelouses alpines et subalpines acidiphiles";"E4.3";"Pelouses alpines et subalpines acidiphiles";"3"
"5259";"7";"E4.31 Gazons alpiens à Nardus stricta et communautés apparentées";"E4.31";"Gazons alpiens à Nardus stricta et communautés apparentées";"4"
"11368";"7";"E4.311 Gazons pyrénéo-alpins mésophiles à Nard raide";"E4.311";"Gazons pyrénéo-alpins mésophiles à Nard raide";"5"
"11369";"7";"E4.312 Gazons pyrénéo-alpins hygrophiles à Nard raide";"E4.312";"Gazons pyrénéo-alpins hygrophiles à Nard raide";"5"
"11387";"7";"E4.313 Gazons pyrénéo-alpins hygrophiles à Vulpin";"E4.313";"Gazons pyrénéo-alpins hygrophiles à Vulpin";"5"
"11388";"7";"E4.314 Pelouses pyrénéennes fermées à Festuca eskia";"E4.314";"Pelouses pyrénéennes fermées à Festuca eskia";"5"
"11389";"7";"E4.315 Gazons pyrénéens à Poa violacea";"E4.315";"Gazons pyrénéens à Poa violacea";"5"
"11390";"7";"E4.316 Gazons hercyniens sommitaux à Nard raide";"E4.316";"Gazons hercyniens sommitaux à Nard raide";"5"
"17853";"7";"E4.3161 Gazons sommitaux des Hautes-Chaumes à Nard raide";"E4.3161";"Gazons sommitaux des Hautes-Chaumes à Nard raide";"6"
"17854";"7";"E4.3162 Gazons sommitaux de la Forêt noire à Nard raide";"E4.3162";"Gazons sommitaux de la Forêt noire à Nard raide";"6"
"5264";"7";"E4.33 Pelouses thermo-alpigènes subalpines acidophiles";"E4.33";"Pelouses thermo-alpigènes subalpines acidophiles";"4"
"11413";"7";"E4.331 Gazons thermo-alpigènes à Festuca paniculata";"E4.331";"Gazons thermo-alpigènes à Festuca paniculata";"5"
"11414";"7";"E4.332 Pelouses en gradins pyrénéennes à Festuca eskia";"E4.332";"Pelouses en gradins pyrénéennes à Festuca eskia";"5"
"11415";"7";"E4.333 Pelouses en gradins arverno-alpines à Fétuque bigarrée";"E4.333";"Pelouses en gradins arverno-alpines à Fétuque bigarrée";"5"
"5274";"7";"E4.34 Pelouses acidophiles alpigènes";"E4.34";"Pelouses acidophiles alpigènes";"4"
"11417";"7";"E4.341 Pelouses alpigènes à Laîche courbée";"E4.341";"Pelouses alpigènes à Laîche courbée";"5"
"17872";"7";"E4.3411 Pelouses alpines à Carex curvula";"E4.3411";"Pelouses alpines à Carex curvula";"6"
"17873";"7";"E4.3412 Pelouses pyrénéennes à Carex curvula";"E4.3412";"Pelouses pyrénéennes à Carex curvula";"6"
"11423";"7";"E4.342 Pelouses alpigènes à Festuca halleri";"E4.342";"Pelouses alpigènes à Festuca halleri";"5"
"11424";"7";"E4.343 Pelouses alpigènes à Festuca airoides";"E4.343";"Pelouses alpigènes à Festuca airoides";"5"
"17880";"7";"E4.3431 Pelouses pyrénéennes à Festuca airoides";"E4.3431";"Pelouses pyrénéennes à Festuca airoides";"6"
"11425";"7";"E4.344 Gazons pyrénéens à Festuca borderi";"E4.344";"Gazons pyrénéens à Festuca borderi";"5"
"11426";"7";"E4.345 Gazons alpigènes à Oreochloa disticha";"E4.345";"Gazons alpigènes à Oreochloa disticha";"5"
"17883";"7";"E4.3451 Gazons alpins à Oreochloa disticha";"E4.3451";"Gazons alpins à Oreochloa disticha";"6"
"11306";"7";"E4.348 Gazons alpigènes à Agrostis rupestris";"E4.348";"Gazons alpigènes à Agrostis rupestris";"5"
"5226";"7";"E4.37 Pelouses des montagnes corses";"E4.37";"Pelouses des montagnes corses";"4"
"1723";"7";"E4.4 Pelouses alpines et subalpines calcicoles";"E4.4";"Pelouses alpines et subalpines calcicoles";"3"
"5236";"7";"E4.41 Pelouses alpines calciphiles fermées";"E4.41";"Pelouses alpines calciphiles fermées";"4"
"11343";"7";"E4.411 Pelouses mésophiles à Laîche sempervirente";"E4.411";"Pelouses mésophiles à Laîche sempervirente";"5"
"17832";"7";"E4.4111 Pelouses alpines à Laîche sempervirente";"E4.4111";"Pelouses alpines à Laîche sempervirente";"6"
"17840";"7";"E4.4112 Pelouses pyrénéennes à Laîche sempervirente";"E4.4112";"Pelouses pyrénéennes à Laîche sempervirente";"6"
"11351";"7";"E4.412 Pelouses septentrionales à Laîche ferrugineuse";"E4.412";"Pelouses septentrionales à Laîche ferrugineuse";"5"
"11358";"7";"E4.414 Pelouses à Fétuque violette et communautés apparentées";"E4.414";"Pelouses à Fétuque violette et communautés apparentées";"5"
"11360";"7";"E4.416 Pelouses sommitales du Jura";"E4.416";"Pelouses sommitales du Jura";"5"
"5260";"7";"E4.42 Gazons des crêtes venteuses à Kobresia myosuroides";"E4.42";"Gazons des crêtes venteuses à Kobresia myosuroides";"4"
"11370";"7";"E4.421 Gazons alpins à Élyna queue-de-souris";"E4.421";"Gazons alpins à Élyna queue-de-souris";"5"
"11371";"7";"E4.422 Gazons pyrénéens à Élyna queue-de-souris";"E4.422";"Gazons pyrénéens à Élyna queue-de-souris";"5"
"5261";"7";"E4.43 Pelouses calciphiles en gradins et en guirlandes";"E4.43";"Pelouses calciphiles en gradins et en guirlandes";"4"
"11391";"7";"E4.431 Gazons à Seslérie bleue et Laîche sempervirente";"E4.431";"Gazons à Seslérie bleue et Laîche sempervirente";"5"
"17858";"7";"E4.4311 Gazons à Seslérie bleue et Laîche sempervirente des Alpes";"E4.4311";"Gazons à Seslérie bleue et Laîche sempervirente des Alpes";"6"
"17859";"7";"E4.4312 Gazons à Seslérie bleue et Laîche sempervirente du Jura";"E4.4312";"Gazons à Seslérie bleue et Laîche sempervirente du Jura";"6"
"11407";"7";"E4.432 Gazons à Seslérie bleue et Laîche sempervirente des Alpes méridionales";"E4.432";"Gazons à Seslérie bleue et Laîche sempervirente des Alpes méridionales";"5"
"11408";"7";"E4.433 Tapis de Laîches en coussinets";"E4.433";"Tapis de Laîches en coussinets";"5"
"17868";"7";"E4.4331 Tapis de Laîches en coussinets alpins";"E4.4331";"Tapis de Laîches en coussinets alpins";"6"
"11418";"7";"E4.434 Pelouses pyrénéennes à Festuca gautieri";"E4.434";"Pelouses pyrénéennes à Festuca gautieri";"5"
"1718";"7";"E4.5 Prairies alpines et subalpines fertilisées";"E4.5";"Prairies alpines et subalpines fertilisées";"3"
"5210";"7";"E4.51 Prairies de fauche subalpines à Trisetum flavescens";"E4.51";"Prairies de fauche subalpines à Trisetum flavescens";"4"
"5211";"7";"E4.52 Pâturages à Leontodon hispidus";"E4.52";"Pâturages à Leontodon hispidus";"4"
"600";"7";"E5 Ourlets, clairières forestières et peuplements de grandes herbacées non graminoïdes";"E5";"Ourlets, clairières forestières et peuplements de grandes herbacées non graminoïdes";"2"
"1720";"7";"E5.1 Végétations herbacées anthropiques";"E5.1";"Végétations herbacées anthropiques";"3"
"5218";"7";"E5.11 Habitats des plaines colonisés par de hautes herbacées nitrophiles";"E5.11";"Habitats des plaines colonisés par de hautes herbacées nitrophiles";"4"
"5219";"7";"E5.12 Communautés d'espèces rudérales des constructions urbaines et suburbaines récemment abandonnées";"E5.12";"Communautés d'espèces rudérales des constructions urbaines et suburbaines récemment abandonnées";"4"
"5220";"7";"E5.13 Communautés d'espèces rudérales des constructions rurales récemment abandonnées";"E5.13";"Communautés d'espèces rudérales des constructions rurales récemment abandonnées";"4"
"5221";"7";"E5.14 Communautés d'espèces rudérales des sites industriels extractifs récemment abandonnés";"E5.14";"Communautés d'espèces rudérales des sites industriels extractifs récemment abandonnés";"4"
"5222";"7";"E5.15 Champs d'herbacées non graminoïdes des terrains en friche";"E5.15";"Champs d'herbacées non graminoïdes des terrains en friche";"4"
"1721";"7";"E5.2 Ourlets forestiers thermophiles";"E5.2";"Ourlets forestiers thermophiles";"3"
"5229";"7";"E5.21 Ourlets xérothermophiles";"E5.21";"Ourlets xérothermophiles";"4"
"5230";"7";"E5.22 Ourlets mésophiles";"E5.22";"Ourlets mésophiles";"4"
"1727";"7";"E5.3 Formations à Pteridium aquilinum";"E5.3";"Formations à Pteridium aquilinum";"3"
"5255";"7";"E5.31 Formations à Pteridium aquilinum  subatlantiques";"E5.31";"Formations à Pteridium aquilinum  subatlantiques";"4"
"5257";"7";"E5.33 Formations à Pteridium aquilinum  supraméditerranéennes";"E5.33";"Formations à Pteridium aquilinum  supraméditerranéennes";"4"
"1728";"7";"E5.4 Lisières et prairies humides ou mouilleuses à grandes herbacées et à fougères";"E5.4";"Lisières et prairies humides ou mouilleuses à grandes herbacées et à fougères";"3"
"5258";"7";"E5.41 Écrans ou rideaux rivulaires de grandes herbacées vivaces";"E5.41";"Écrans ou rideaux rivulaires de grandes herbacées vivaces";"4"
"11366";"7";"E5.411 Voiles des cours d'eau (autres que Filipendula)";"E5.411";"Voiles des cours d'eau (autres que Filipendula)";"5"
"17848";"7";"E5.4111 Communautés fluviales à Angelica archangelica";"E5.4111";"Communautés fluviales à Angelica archangelica";"6"
"17829";"7";"E5.4112 Communautés fluviales à Angelica heterocarpa";"E5.4112";"Communautés fluviales à Angelica heterocarpa";"6"
"17830";"7";"E5.4113 Écrans d'Althaea officinalis";"E5.4113";"Écrans d'Althaea officinalis";"6"
"11323";"7";"E5.412 Mégaphorbiaies occidentales némorales rivulaires dominées par Filipendula";"E5.412";"Mégaphorbiaies occidentales némorales rivulaires dominées par Filipendula";"5"
"5233";"7";"E5.42 Communautés à grandes herbacées des prairies humides";"E5.42";"Communautés à grandes herbacées des prairies humides";"4"
"11326";"7";"E5.421 Communautés à grandes herbacées occidentales némorales des prairies humides";"E5.421";"Communautés à grandes herbacées occidentales némorales des prairies humides";"5"
"5234";"7";"E5.43 Lisières forestières ombragées";"E5.43";"Lisières forestières ombragées";"4"
"5243";"7";"E5.44 Prairies méditerranéennes des berges alluviales";"E5.44";"Prairies méditerranéennes des berges alluviales";"4"
"1724";"7";"E5.5 Formations subalpines humides ou mouilleuses à grandes herbacées et à fougères";"E5.5";"Formations subalpines humides ou mouilleuses à grandes herbacées et à fougères";"3"
"5244";"7";"E5.51 Mégaphorbiaies alpiennes";"E5.51";"Mégaphorbiaies alpiennes";"4"
"11378";"7";"E5.511 Mégaphorbiaies alpines";"E5.511";"Mégaphorbiaies alpines";"5"
"11379";"7";"E5.512 Mégaphorbiaies juraciennes";"E5.512";"Mégaphorbiaies juraciennes";"5"
"11380";"7";"E5.513 Mégaphorbiaies hercyniennes";"E5.513";"Mégaphorbiaies hercyniennes";"5"
"5237";"7";"E5.52 Communautés à grandes graminées alpiennes";"E5.52";"Communautés à grandes graminées alpiennes";"4"
"11335";"7";"E5.523 Communautés à grandes graminées alpiennes sur des pentes sèches et chaudes à grandes herbacées";"E5.523";"Communautés à grandes graminées alpiennes sur des pentes sèches et chaudes à grandes herbacées";"5"
"5238";"7";"E5.53 Communautés à grandes herbacées pyrénéo-ibériques";"E5.53";"Communautés à grandes herbacées pyrénéo-ibériques";"4"
"5247";"7";"E5.55 Communautés à grandes herbacées corses à Cymbalaria";"E5.55";"Communautés à grandes herbacées corses à Cymbalaria";"4"
"5248";"7";"E5.56 Communautés à grandes herbacées corses à Doronicum";"E5.56";"Communautés à grandes herbacées corses à Doronicum";"4"
"5241";"7";"E5.58 Communautés alpines à Rumex";"E5.58";"Communautés alpines à Rumex";"4"
"5360";"7";"E5.5B Végétations alpines et subalpines à fougères";"E5.5B";"Végétations alpines et subalpines à fougères";"4"
"610";"7";"E6 Steppes salées continentales";"E6";"Steppes salées continentales";"2"
"1755";"7";"E6.1 Steppes salées intérieures méditerranéennes";"E6.1";"Steppes salées intérieures méditerranéennes";"3"
"5361";"7";"E6.11 Steppes salées méditerranéennes à Limonium";"E6.11";"Steppes salées méditerranéennes à Limonium";"4"
"11446";"7";"E6.111 Steppes salées ibéro-tyrrhéniennes à Lavande de mer";"E6.111";"Steppes salées ibéro-tyrrhéniennes à Lavande de mer";"5"
"5289";"7";"E6.13 Communautés pionnières méditerranéennes continentales halonitrophiles";"E6.13";"Communautés pionnières méditerranéennes continentales halonitrophiles";"4"
"605";"7";"E7 Prairies peu boisées";"E7";"Prairies peu boisées";"2"
"1744";"7";"E7.1 Parcs boisés atlantiques";"E7.1";"Parcs boisés atlantiques";"3"
"1745";"7";"E7.2 Parcs boisés subcontinentaux";"E7.2";"Parcs boisés subcontinentaux";"3"
"84";"7";"F Landes, fourrés et toundras";"F";"Landes, fourrés et toundras";"1"
"608";"7";"F2 Fourrés arctiques, alpins et subalpins";"F2";"Fourrés arctiques, alpins et subalpins";"2"
"1752";"7";"F2.1 Fourrés subarctiques et alpins à Saules nains";"F2.1";"Fourrés subarctiques et alpins à Saules nains";"3"
"5342";"7";"F2.11 Fourrés des combes à neige acidoclines boréo-alpines à Salix herbacea";"F2.11";"Fourrés des combes à neige acidoclines boréo-alpines à Salix herbacea";"4"
"11571";"7";"F2.111 Communautés alpiennes acidiphiles des combes à neige à Saules nains";"F2.111";"Communautés alpiennes acidiphiles des combes à neige à Saules nains";"5"
"5346";"7";"F2.12 Fourrés boréo-alpins calciclines des combes à neige à Salix polaris";"F2.12";"Fourrés boréo-alpins calciclines des combes à neige à Salix polaris";"4"
"11586";"7";"F2.121 Communautés boréo-alpiennes calcicoles des névés à Saules en espalier";"F2.121";"Communautés boréo-alpiennes calcicoles des névés à Saules en espalier";"5"
"18015";"7";"F2.1211 Communautés alpiennes des névés à Saules en espalier";"F2.1211";"Communautés alpiennes des névés à Saules en espalier";"6"
"20946";"7";"F2.12111 Communautés alpidiques des névés à Salix retusa-reticulata";"F2.12111";"Communautés alpidiques des névés à Salix retusa-reticulata";"7"
"1754";"7";"F2.2 Landes et fourrés sempervirents alpins et subalpins";"F2.2";"Landes et fourrés sempervirents alpins et subalpins";"3"
"5362";"7";"F2.21 Landes alpidiques venteuses à éricoïdes naines";"F2.21";"Landes alpidiques venteuses à éricoïdes naines";"4"
"11596";"7";"F2.211 Landes alpidiques à Azalée naine";"F2.211";"Landes alpidiques à Azalée naine";"5"
"11597";"7";"F2.212 Landes alpidiques venteuses à Vaccinium nain";"F2.212";"Landes alpidiques venteuses à Vaccinium nain";"5"
"18021";"7";"F2.2121 Landes venteuses des Alpes à Vaccinium nain";"F2.2121";"Landes venteuses des Alpes à Vaccinium nain";"6"
"5284";"7";"F2.22 Landes alpidiques acidoclines à Rhododendron";"F2.22";"Landes alpidiques acidoclines à Rhododendron";"4"
"11435";"7";"F2.221 Landes à Rhododendron ferrugineux alpines";"F2.221";"Landes à Rhododendron ferrugineux alpines";"5"
"11436";"7";"F2.222 Landes à Rhododendron ferrugineux pyrénéennes";"F2.222";"Landes à Rhododendron ferrugineux pyrénéennes";"5"
"5331";"7";"F2.23 Fourrés des montagnes du Paléarctique méridional à Juniperus nains";"F2.23";"Fourrés des montagnes du Paléarctique méridional à Juniperus nains";"4"
"11556";"7";"F2.231 Fourrés montagnards à Juniperus nana";"F2.231";"Fourrés montagnards à Juniperus nana";"5"
"11557";"7";"F2.232 Fourrés à Juniperus sabina";"F2.232";"Fourrés à Juniperus sabina";"5"
"18002";"7";"F2.2322 Fourrés alpins à Juniperus sabina";"F2.2322";"Fourrés alpins à Juniperus sabina";"6"
"11562";"7";"F2.233 Fourrés à Juniperus hemisphaerica";"F2.233";"Fourrés à Juniperus hemisphaerica";"5"
"5339";"7";"F2.24 Landes alpigènes des hautes montagnes à Empetrum et Vaccinium";"F2.24";"Landes alpigènes des hautes montagnes à Empetrum et Vaccinium";"4"
"5347";"7";"F2.27 Landes alpidiques à Arctostaphylos uva-ursi et Arctostaphylos alpinus";"F2.27";"Landes alpidiques à Arctostaphylos uva-ursi et Arctostaphylos alpinus";"4"
"5348";"7";"F2.28 Landes alpidiques à Rhododendron hirsutum et Erica";"F2.28";"Landes alpidiques à Rhododendron hirsutum et Erica";"4"
"11587";"7";"F2.281 Landes à Rhododendron poilu";"F2.281";"Landes à Rhododendron poilu";"5"
"11594";"7";"F2.282 Landes alpines à Bruyère";"F2.282";"Landes alpines à Bruyère";"5"
"5356";"7";"F2.29 Tapis de Dryas octopetala";"F2.29";"Tapis de Dryas octopetala";"4"
"11595";"7";"F2.291 Tapis de Dryas alpigènes des hautes montagnes";"F2.291";"Tapis de Dryas alpigènes des hautes montagnes";"5"
"18019";"7";"F2.2911 Tapis de Dryas alpins";"F2.2911";"Tapis de Dryas alpins";"6"
"18020";"7";"F2.2912 Tapis de Dryas des hautes montagnes sud-occidentales";"F2.2912";"Tapis de Dryas des hautes montagnes sud-occidentales";"6"
"17900";"7";"F2.2913 Tapis de Dryas du Jura";"F2.2913";"Tapis de Dryas du Jura";"6"
"5287";"7";"F2.2A Landes naines des hautes montagnes alpidiques à Vaccinium";"F2.2A";"Landes naines des hautes montagnes alpidiques à Vaccinium";"4"
"11449";"7";"F2.2A1 Landes naines subalpines centro-méditerranéennes à Myrtilles";"F2.2A1";"Landes naines subalpines centro-méditerranéennes à Myrtilles";"5"
"1738";"7";"F2.3 Fourrés subalpins caducifoliés";"F2.3";"Fourrés subalpins caducifoliés";"3"
"5290";"7";"F2.31 Fourrés de montagne à Alnus";"F2.31";"Fourrés de montagne à Alnus";"4"
"11459";"7";"F2.311 Fourrés à Aulne vert";"F2.311";"Fourrés à Aulne vert";"5"
"17908";"7";"F2.3111 Fourrés alpins à Aulne vert";"F2.3111";"Fourrés alpins à Aulne vert";"6"
"11463";"7";"F2.312 Fourrés de Corse à Aulne odorant";"F2.312";"Fourrés de Corse à Aulne odorant";"5"
"5295";"7";"F2.32 Fourrés subalpins et oro-boréaux à Salix";"F2.32";"Fourrés subalpins et oro-boréaux à Salix";"4"
"11464";"7";"F2.321 Fourrés alpidiques à Saules";"F2.321";"Fourrés alpidiques à Saules";"5"
"17919";"7";"F2.3211 Fourrés alpigènes à Saules bas";"F2.3211";"Fourrés alpigènes à Saules bas";"6"
"17926";"7";"F2.3212 Fourrés alpins à Saules prostrés";"F2.3212";"Fourrés alpins à Saules prostrés";"6"
"17927";"7";"F2.3213 Fourrés alpigènes à grands Saules";"F2.3213";"Fourrés alpigènes à grands Saules";"6"
"17928";"7";"F2.3214 Fourrés pyrénéo-cantabriques à Saules";"F2.3214";"Fourrés pyrénéo-cantabriques à Saules";"6"
"5300";"7";"F2.33 Fourrés subalpins mixtes";"F2.33";"Fourrés subalpins mixtes";"4"
"11488";"7";"F2.331 Fourrés subalpins à Sorbus";"F2.331";"Fourrés subalpins à Sorbus";"5"
"11489";"7";"F2.332 Fourrés subalpins à Bouleau";"F2.332";"Fourrés subalpins à Bouleau";"5"
"11503";"7";"F2.333 Ronciers subalpins";"F2.333";"Ronciers subalpins";"5"
"11504";"7";"F2.334 Fourrés subalpins à Cerisier";"F2.334";"Fourrés subalpins à Cerisier";"5"
"11505";"7";"F2.335 Fourrés subalpins à Éricacées";"F2.335";"Fourrés subalpins à Éricacées";"5"
"1739";"7";"F2.4 Fourrés de conifères proches de la limite des arbres";"F2.4";"Fourrés de conifères proches de la limite des arbres";"3"
"5307";"7";"F2.41 Fourrés intra-alpins à Pinus mugo";"F2.41";"Fourrés intra-alpins à Pinus mugo";"4"
"5309";"7";"F2.43 Fourrés sud-occidentaux à Pinus mugo";"F2.43";"Fourrés sud-occidentaux à Pinus mugo";"4"
"604";"7";"F3 Fourrés tempérés et méditerranéo-montagnards";"F3";"Fourrés tempérés et méditerranéo-montagnards";"2"
"1742";"7";"F3.1 Fourrés tempérés";"F3.1";"Fourrés tempérés";"3"
"5326";"7";"F3.11 Fourrés médio-européens sur sols riches";"F3.11";"Fourrés médio-européens sur sols riches";"4"
"11554";"7";"F3.111 Fourrés à Prunellier et Ronces";"F3.111";"Fourrés à Prunellier et Ronces";"5"
"17998";"7";"F3.1111 Fourrés à Prunellier et Ronces subatlantiques";"F3.1111";"Fourrés à Prunellier et Ronces subatlantiques";"6"
"17999";"7";"F3.1112 Fourrés à Prunellier et Ronces atlantiques";"F3.1112";"Fourrés à Prunellier et Ronces atlantiques";"6"
"11555";"7";"F3.112 Fourrés à Prunellier et Troène";"F3.112";"Fourrés à Prunellier et Troène";"5"
"17905";"7";"F3.1121 Fourrés à Prunellier et Troène atlantiques et médio-européens";"F3.1121";"Fourrés à Prunellier et Troène atlantiques et médio-européens";"6"
"20921";"7";"F3.11211 Fourrés à Prunellier et Troène médio-européens";"F3.11211";"Fourrés à Prunellier et Troène médio-européens";"7"
"20922";"7";"F3.11212 Fourrés à Prunellier et Lierre atlantiques";"F3.11212";"Fourrés à Prunellier et Lierre atlantiques";"7"
"17906";"7";"F3.1122 Fourrés à Prunellier et Troène subméditerranéens";"F3.1122";"Fourrés à Prunellier et Troène subméditerranéens";"6"
"17907";"7";"F3.1123 Fourrés à Cotonéaster et Amélanchier";"F3.1123";"Fourrés à Cotonéaster et Amélanchier";"6"
"17911";"7";"F3.1124 Fourrés périalpins à Argousier des fleuves et Épine-vinette";"F3.1124";"Fourrés périalpins à Argousier des fleuves et Épine-vinette";"6"
"17912";"7";"F3.1125 Fourrés intra-alpins à Épine-vinette";"F3.1125";"Fourrés intra-alpins à Épine-vinette";"6"
"5291";"7";"F3.12 Fourrés à Buxus sempervirens";"F3.12";"Fourrés à Buxus sempervirens";"4"
"5292";"7";"F3.13 Fourrés atlantiques sur sols pauvres";"F3.13";"Fourrés atlantiques sur sols pauvres";"4"
"11460";"7";"F3.131 Ronciers";"F3.131";"Ronciers";"5"
"11465";"7";"F3.132 Fourrés à Bourdaine, Sorbier, Chèvrefeuille";"F3.132";"Fourrés à Bourdaine, Sorbier, Chèvrefeuille";"5"
"5296";"7";"F3.14 Formations tempérées à Cytisus scoparius";"F3.14";"Formations tempérées à Cytisus scoparius";"4"
"11466";"7";"F3.141 Formations à Genêt à balais planitiaires et collinéennes";"F3.141";"Formations à Genêt à balais planitiaires et collinéennes";"5"
"11467";"7";"F3.142 Formations à Genêt à balais alpines";"F3.142";"Formations à Genêt à balais alpines";"5"
"11468";"7";"F3.143 Formations à Cytisus scoparius du Massif central";"F3.143";"Formations à Cytisus scoparius du Massif central";"5"
"11469";"7";"F3.144 Formations à Cytisus scoparius pyrénéennes";"F3.144";"Formations à Cytisus scoparius pyrénéennes";"5"
"5297";"7";"F3.15 Fourrés à Ulex europaeus";"F3.15";"Fourrés à Ulex europaeus";"4"
"5298";"7";"F3.16 Fourrés à Juniperus communis";"F3.16";"Fourrés à Juniperus communis";"4"
"11477";"7";"F3.161 Fourrés des collines calcaires à Genévrier";"F3.161";"Fourrés des collines calcaires à Genévrier";"5"
"11478";"7";"F3.162 Landes subatlantiques à Genévrier";"F3.162";"Landes subatlantiques à Genévrier";"5"
"11480";"7";"F3.164 Fourrés subméditerranéens à Génévrier commun";"F3.164";"Fourrés subméditerranéens à Génévrier commun";"5"
"5299";"7";"F3.17 Fourrés à Corylus";"F3.17";"Fourrés à Corylus";"4"
"11490";"7";"F3.171 Fourrés de Noisetiers atlantiques et subatlantiques";"F3.171";"Fourrés de Noisetiers atlantiques et subatlantiques";"5"
"11492";"7";"F3.173 Fourrés de Noisetiers périalpins";"F3.173";"Fourrés de Noisetiers périalpins";"5"
"5301";"7";"F3.18 Fourrés des dunes continentales";"F3.18";"Fourrés des dunes continentales";"4"
"11494";"7";"F3.181 Fourrés des dunes continentales à Genévrier commun";"F3.181";"Fourrés des dunes continentales à Genévrier commun";"5"
"11495";"7";"F3.182 Fourrés mixtes des dunes continentales";"F3.182";"Fourrés mixtes des dunes continentales";"5"
"1740";"7";"F3.2 Fourrés caducifoliés subméditerranéens";"F3.2";"Fourrés caducifoliés subméditerranéens";"3"
"5303";"7";"F3.21 Landes à Cytisus purgans montagnardes";"F3.21";"Landes à Cytisus purgans montagnardes";"4"
"11507";"7";"F3.211 Landes à Cytisus purgans des Cévennes";"F3.211";"Landes à Cytisus purgans des Cévennes";"5"
"11508";"7";"F3.212 Landes à Cytisus purgans pyrénéennes";"F3.212";"Landes à Cytisus purgans pyrénéennes";"5"
"5304";"7";"F3.22 Fourrés caducifoliés subméditerranéens sud-occidentaux";"F3.22";"Fourrés caducifoliés subméditerranéens sud-occidentaux";"4"
"11519";"7";"F3.221 Fourrés caducifoliés subméditerranéens franco-ibériques";"F3.221";"Fourrés caducifoliés subméditerranéens franco-ibériques";"5"
"5313";"7";"F3.23 Fourrés caducifoliés subméditerranéens tyrrhéniens";"F3.23";"Fourrés caducifoliés subméditerranéens tyrrhéniens";"4"
"5349";"7";"F3.26 Fourrés tyrrhéniens à Genêt";"F3.26";"Fourrés tyrrhéniens à Genêt";"4"
"609";"7";"F4 Landes arbustives tempérées";"F4";"Landes arbustives tempérées";"2"
"1753";"7";"F4.1 Landes humides";"F4.1";"Landes humides";"3"
"5357";"7";"F4.11 Landes humides septentrionales";"F4.11";"Landes humides septentrionales";"4"
"5358";"7";"F4.12 Landes humides méridionales";"F4.12";"Landes humides méridionales";"4"
"5359";"7";"F4.13 Landes humides à Molinia caerulea";"F4.13";"Landes humides à Molinia caerulea";"4"
"1736";"7";"F4.2 Landes sèches";"F4.2";"Landes sèches";"3"
"5285";"7";"F4.21 Landes submontagnardes à Vaccinium et Calluna";"F4.21";"Landes submontagnardes à Vaccinium et Calluna";"4"
"11453";"7";"F4.213 Landes hercyniennes à Vaccinium";"F4.213";"Landes hercyniennes à Vaccinium";"5"
"11454";"7";"F4.214 Landes submontagnardes des Alpes à Vaccinium";"F4.214";"Landes submontagnardes des Alpes à Vaccinium";"5"
"11455";"7";"F4.215 Landes submontagnardes pyrénéo-cantabriques à Vaccinium";"F4.215";"Landes submontagnardes pyrénéo-cantabriques à Vaccinium";"5"
"5293";"7";"F4.22 Landes subatlantiques à Calluna et Genista";"F4.22";"Landes subatlantiques à Calluna et Genista";"4"
"11470";"7";"F4.222 Landes subcontinentales à Calluna et Genista";"F4.222";"Landes subcontinentales à Calluna et Genista";"5"
"11471";"7";"F4.223 Landes campino-flandriennes à Calluna et Genista";"F4.223";"Landes campino-flandriennes à Calluna et Genista";"5"
"11472";"7";"F4.224 Landes campino-flandriennes à Erica cinerea";"F4.224";"Landes campino-flandriennes à Erica cinerea";"5"
"11545";"7";"F4.226 Landes montagnardes à Calluna et Genista";"F4.226";"Landes montagnardes à Calluna et Genista";"5"
"11546";"7";"F4.227 Landes sub-boréales méridionales à Calluna et Empetrum";"F4.227";"Landes sub-boréales méridionales à Calluna et Empetrum";"5"
"11549";"7";"F4.22A Landes à Genista sagittalis";"F4.22A";"Landes à Genista sagittalis";"5"
"5327";"7";"F4.23 Landes atlantiques à Erica et Ulex";"F4.23";"Landes atlantiques à Erica et Ulex";"4"
"11481";"7";"F4.231 Landes à Ajonc maritime";"F4.231";"Landes à Ajonc maritime";"5"
"11484";"7";"F4.234 Landes septentrionales à Erica vagans";"F4.234";"Landes septentrionales à Erica vagans";"5"
"11485";"7";"F4.235 Landes anglo-armoricaines à Erica cinerea et Ulex gallii";"F4.235";"Landes anglo-armoricaines à Erica cinerea et Ulex gallii";"5"
"11486";"7";"F4.236 Landes pyrénéo-cantabriques à Erica mackaiana et E. cinerea";"F4.236";"Landes pyrénéo-cantabriques à Erica mackaiana et E. cinerea";"5"
"11524";"7";"F4.237 Landes pyrénéo-cantabriques à Erica vagans et E. cinerea";"F4.237";"Landes pyrénéo-cantabriques à Erica vagans et E. cinerea";"5"
"11525";"7";"F4.238 Landes naines franco-britanniques à Ajoncs";"F4.238";"Landes naines franco-britanniques à Ajoncs";"5"
"11526";"7";"F4.239 Landes naines aquitano-ligériennes à Ajoncs";"F4.239";"Landes naines aquitano-ligériennes à Ajoncs";"5"
"5314";"7";"F4.24 Landes ibéro-atlantiques à Erica - Ulex - Cistus";"F4.24";"Landes ibéro-atlantiques à Erica - Ulex - Cistus";"4"
"11527";"7";"F4.241 Landes gasconnes";"F4.241";"Landes gasconnes";"5"
"17971";"7";"F4.2411 Landes d'Aquitaine à Erica et Cistus";"F4.2411";"Landes d'Aquitaine à Erica et Cistus";"6"
"17972";"7";"F4.2412 Landes arides de Gascogne et de Sologne";"F4.2412";"Landes arides de Gascogne et de Sologne";"6"
"5319";"7";"F4.26 Landes des dunes continentales";"F4.26";"Landes des dunes continentales";"4"
"11534";"7";"F4.262 Landes sableuses sèches à Calluna et Genista";"F4.262";"Landes sableuses sèches à Calluna et Genista";"5"
"603";"7";"F5 Maquis, matorrals arborescents et fourrés thermo-méditerranéens";"F5";"Maquis, matorrals arborescents et fourrés thermo-méditerranéens";"2"
"1741";"7";"F5.1 Matorrals arborescents";"F5.1";"Matorrals arborescents";"3"
"5305";"7";"F5.11 Matorrals sempervirents à Quercus";"F5.11";"Matorrals sempervirents à Quercus";"4"
"11514";"7";"F5.111 Matorrals à Chêne-liège";"F5.111";"Matorrals à Chêne-liège";"5"
"11883";"7";"F5.112 Matorrals acidiphiles ouest-méditerranéens à Chêne vert";"F5.112";"Matorrals acidiphiles ouest-méditerranéens à Chêne vert";"5"
"11884";"7";"F5.113 Matorrals calciphiles ouest-méditerranéens à Chêne vert";"F5.113";"Matorrals calciphiles ouest-méditerranéens à Chêne vert";"5"
"11887";"7";"F5.116 Boisements bas méditerranéens à Chênes sempervirents";"F5.116";"Boisements bas méditerranéens à Chênes sempervirents";"5"
"18179";"7";"F5.1161 Boisements bas à Quercus ilex et Quercus rotundifolia";"F5.1161";"Boisements bas à Quercus ilex et Quercus rotundifolia";"6"
"18184";"7";"F5.1162 Boisements bas à Quercus coccifera et Quercus alnifolia";"F5.1162";"Boisements bas à Quercus coccifera et Quercus alnifolia";"6"
"5550";"7";"F5.12 Matorrals à Olea europaea et Pistacia lentiscus";"F5.12";"Matorrals à Olea europaea et Pistacia lentiscus";"4"
"11894";"7";"F5.121 Matorrals arborescents à Olivier";"F5.121";"Matorrals arborescents à Olivier";"5"
"11895";"7";"F5.122 Matorrals arborescents à Caroubier";"F5.122";"Matorrals arborescents à Caroubier";"5"
"11896";"7";"F5.123 Matorrals arborescents à Lentisque et à Filaire";"F5.123";"Matorrals arborescents à Lentisque et à Filaire";"5"
"11897";"7";"F5.124 Matorrals arborescents à Myrte";"F5.124";"Matorrals arborescents à Myrte";"5"
"5553";"7";"F5.13 Matorrals à Juniperus";"F5.13";"Matorrals à Juniperus";"4"
"11907";"7";"F5.131 Matorrals arborescents à Genévrier oxycèdre";"F5.131";"Matorrals arborescents à Genévrier oxycèdre";"5"
"18194";"7";"F5.1311 Matorrals arborescents à Juniperus oxycedrus";"F5.1311";"Matorrals arborescents à Juniperus oxycedrus";"6"
"18195";"7";"F5.1312 Matorrals arborescents à Juniperus macrocarpa";"F5.1312";"Matorrals arborescents à Juniperus macrocarpa";"6"
"11908";"7";"F5.132 Matorrals arborescents à Juniperus phoenicea et Juniperus lycia";"F5.132";"Matorrals arborescents à Juniperus phoenicea et Juniperus lycia";"5"
"18197";"7";"F5.1321 Matorrals arborescents à Juniperus phoenicea";"F5.1321";"Matorrals arborescents à Juniperus phoenicea";"6"
"18200";"7";"F5.1322 Matorrals arborescents à Juniperus lycia";"F5.1322";"Matorrals arborescents à Juniperus lycia";"6"
"11918";"7";"F5.134 Matorrals arborescents à Juniperus communis";"F5.134";"Matorrals arborescents à Juniperus communis";"5"
"11920";"7";"F5.136 Matorrals arborescents à Juniperus thurifera";"F5.136";"Matorrals arborescents à Juniperus thurifera";"5"
"5555";"7";"F5.14 Matorrals à Pinus";"F5.14";"Matorrals à Pinus";"4"
"11921";"7";"F5.141 Matorrals arborescents à Pin maritime";"F5.141";"Matorrals arborescents à Pin maritime";"5"
"11922";"7";"F5.142 Matorrals arborescents à Pin parasol";"F5.142";"Matorrals arborescents à Pin parasol";"5"
"11711";"7";"F5.143 Matorrals arborescents à Pin d'Alep";"F5.143";"Matorrals arborescents à Pin d'Alep";"5"
"11713";"7";"F5.145 Matorrals arborescents à Pin noir et à Pin sylvestre";"F5.145";"Matorrals arborescents à Pin noir et à Pin sylvestre";"5"
"5483";"7";"F5.16 Matorrals caducifoliés à Quercus";"F5.16";"Matorrals caducifoliés à Quercus";"4"
"5485";"7";"F5.18 Matorrals à Laurus nobilis";"F5.18";"Matorrals à Laurus nobilis";"4"
"1781";"7";"F5.2 Maquis";"F5.2";"Maquis";"3"
"5491";"7";"F5.21 Maquis hauts";"F5.21";"Maquis hauts";"4"
"11731";"7";"F5.211 Maquis hauts ouest-méditerranéens";"F5.211";"Maquis hauts ouest-méditerranéens";"5"
"5494";"7";"F5.22 Maquis bas à Éricacées";"F5.22";"Maquis bas à Éricacées";"4"
"5495";"7";"F5.23 Maquis hauts à Cistus";"F5.23";"Maquis hauts à Cistus";"4"
"11753";"7";"F5.234 Maquis tyrrhéniens hauts à Ciste";"F5.234";"Maquis tyrrhéniens hauts à Ciste";"5"
"5504";"7";"F5.24 Maquis bas à Cistus";"F5.24";"Maquis bas à Cistus";"4"
"11760";"7";"F5.241 Maquis à Cistus monspeliensis";"F5.241";"Maquis à Cistus monspeliensis";"5"
"11761";"7";"F5.242 Maquis à Cistus salvifolius";"F5.242";"Maquis à Cistus salvifolius";"5"
"11762";"7";"F5.243 Maquis à Cistus populifolius";"F5.243";"Maquis à Cistus populifolius";"5"
"11778";"7";"F5.244 Maquis à Cistus laurifolius";"F5.244";"Maquis à Cistus laurifolius";"5"
"11780";"7";"F5.246 Maquis à Cistus crispus";"F5.246";"Maquis à Cistus crispus";"5"
"11781";"7";"F5.247 Maquis à Cistus incanus";"F5.247";"Maquis à Cistus incanus";"5"
"11782";"7";"F5.248 Maquis à Cistus albidus";"F5.248";"Maquis à Cistus albidus";"5"
"5511";"7";"F5.25 Maquis bas à Cistus et Lavandula stoechas";"F5.25";"Maquis bas à Cistus et Lavandula stoechas";"4"
"11598";"7";"F5.251 Maquis de la Méditerranée centrale à Lavande";"F5.251";"Maquis de la Méditerranée centrale à Lavande";"5"
"5367";"7";"F5.26 Maquis bas épars";"F5.26";"Maquis bas épars";"4"
"5368";"7";"F5.27 Maquis dominés par Cytisus";"F5.27";"Maquis dominés par Cytisus";"4"
"1757";"7";"F5.3 Pseudo-maquis";"F5.3";"Pseudo-maquis";"3"
"5375";"7";"F5.32 Pseudo-maquis italo-français";"F5.32";"Pseudo-maquis italo-français";"4"
"1758";"7";"F5.4 Fourrés à Spartium junceum";"F5.4";"Fourrés à Spartium junceum";"3"
"1761";"7";"F5.5 Fourrés thermoméditerranéens";"F5.5";"Fourrés thermoméditerranéens";"3"
"5390";"7";"F5.51 Fourrés et landes-garrigues thermoméditerranéens";"F5.51";"Fourrés et landes-garrigues thermoméditerranéens";"4"
"11635";"7";"F5.511 Fourrés à Olivier et Lentisque";"F5.511";"Fourrés à Olivier et Lentisque";"5"
"11639";"7";"F5.512 Landes-garrigues thermoméditerranéennes";"F5.512";"Landes-garrigues thermoméditerranéennes";"5"
"18046";"7";"F5.5121 Landes-garrigues occidentales à Erica multiflora";"F5.5121";"Landes-garrigues occidentales à Erica multiflora";"6"
"11641";"7";"F5.514 Fourrés à Lentisque";"F5.514";"Fourrés à Lentisque";"5"
"11644";"7";"F5.515 Fourrés à Calicotome";"F5.515";"Fourrés à Calicotome";"5"
"11645";"7";"F5.516 Fourrés à Laurus";"F5.516";"Fourrés à Laurus";"5"
"11646";"7";"F5.517 Garrigues côtières à Helichrysum";"F5.517";"Garrigues côtières à Helichrysum";"5"
"18056";"7";"F5.5172 Fourrés thyrréniens thermoméditerranéens à Chêne Kermès";"F5.5172";"Fourrés thyrréniens thermoméditerranéens à Chêne Kermès";"6"
"11657";"7";"F5.518 Fourrés à Myrte";"F5.518";"Fourrés à Myrte";"5"
"11658";"7";"F5.519 Fourrés thermoméditerranéens à Chêne Kermès";"F5.519";"Fourrés thermoméditerranéens à Chêne Kermès";"5"
"11659";"7";"F5.51A Fourrés à Phillyrea";"F5.51A";"Fourrés à Phillyrea";"5"
"18069";"7";"F5.51A3 Fourrés occidentaux à Phillyrea";"F5.51A3";"Fourrés occidentaux à Phillyrea";"6"
"11665";"7";"F5.51B Fourrés à Asperge et à Nerprun";"F5.51B";"Fourrés à Asperge et à Nerprun";"5"
"11666";"7";"F5.51C Fourrés à Osyris";"F5.51C";"Fourrés à Osyris";"5"
"11667";"7";"F5.51D Fourrés à Aliboufier";"F5.51D";"Fourrés à Aliboufier";"5"
"11672";"7";"F5.51I Fourrés thermoméditerranéens à Genévrier";"F5.51I";"Fourrés thermoméditerranéens à Genévrier";"5"
"11673";"7";"F5.51J Fourrés thermoméditerranéens à Armoise arborescente";"F5.51J";"Fourrés thermoméditerranéens à Armoise arborescente";"5"
"11682";"7";"F5.51K Fourrés thermoméditerranéens à Anthyllide barbe de Jupiter";"F5.51K";"Fourrés thermoméditerranéens à Anthyllide barbe de Jupiter";"5"
"11683";"7";"F5.51L Garrigues littorales à légumineuses naines";"F5.51L";"Garrigues littorales à légumineuses naines";"5"
"5458";"7";"F5.52 Formations à Euphorbia dendroides";"F5.52";"Formations à Euphorbia dendroides";"4"
"5471";"7";"F5.53 Garrigues dominées par Ampelodesmos mauritanica";"F5.53";"Garrigues dominées par Ampelodesmos mauritanica";"4"
"5472";"7";"F5.54 Fourrés à Chamaerops humilis";"F5.54";"Fourrés à Chamaerops humilis";"4"
"5488";"7";"F5.56 Génistaies thermoméditerranéennes (rétamaies)";"F5.56";"Génistaies thermoméditerranéennes (rétamaies)";"4"
"5496";"7";"F5.57 Landes méditerranéennes à Ajonc";"F5.57";"Landes méditerranéennes à Ajonc";"4"
"11763";"7";"F5.574 Landes à Ajonc à petites fleurs Ulex parviflorus";"F5.574";"Landes à Ajonc à petites fleurs Ulex parviflorus";"5"
"5513";"7";"F5.5A Fourrés téthyens occidentaux xéropsammitiques";"F5.5A";"Fourrés téthyens occidentaux xéropsammitiques";"4"
"11605";"7";"F5.5A5 Fourrés xéropsammitiques ouest-méditerranéens";"F5.5A5";"Fourrés xéropsammitiques ouest-méditerranéens";"5"
"611";"7";"F6 Garrigues";"F6";"Garrigues";"2"
"1759";"7";"F6.1 Garrigues occidentales";"F6.1";"Garrigues occidentales";"3"
"5378";"7";"F6.11 Garrigues occidentales à Quercus coccifera";"F6.11";"Garrigues occidentales à Quercus coccifera";"4"
"5382";"7";"F6.12 Garrigues occidentales à Rosmarinus officinalis";"F6.12";"Garrigues occidentales à Rosmarinus officinalis";"4"
"5383";"7";"F6.13 Garrigues occidentales à Cistus";"F6.13";"Garrigues occidentales à Cistus";"4"
"5384";"7";"F6.14 Garrigues occidentales à Euphorbia";"F6.14";"Garrigues occidentales à Euphorbia";"4"
"5385";"7";"F6.15 Garrigues occidentales à Juniperus oxycedrus";"F6.15";"Garrigues occidentales à Juniperus oxycedrus";"4"
"5386";"7";"F6.16 Garrigues occidentales à Lavandula";"F6.16";"Garrigues occidentales à Lavandula";"4"
"5387";"7";"F6.17 Garrigues occidentales à Teucrium et autres labiées";"F6.17";"Garrigues occidentales à Teucrium et autres labiées";"4"
"5391";"7";"F6.18 Garrigues occidentales à Genista";"F6.18";"Garrigues occidentales à Genista";"4"
"5392";"7";"F6.19 Garrigues occidentales à Calicotome";"F6.19";"Garrigues occidentales à Calicotome";"4"
"5393";"7";"F6.1A Garrigues occidentales à Composées";"F6.1A";"Garrigues occidentales à Composées";"4"
"5394";"7";"F6.1B Garrigues occidentales à Erica";"F6.1B";"Garrigues occidentales à Erica";"4"
"5395";"7";"F6.1C Garrigues occidentales à Globularia";"F6.1C";"Garrigues occidentales à Globularia";"4"
"5396";"7";"F6.1D Garrigues occidentales à Helianthemum et Fumana";"F6.1D";"Garrigues occidentales à Helianthemum et Fumana";"4"
"5397";"7";"F6.1E Garrigues à Lithodora fruticosa";"F6.1E";"Garrigues à Lithodora fruticosa";"4"
"5398";"7";"F6.1F Garrigues occidentales à Thymelaea";"F6.1F";"Garrigues occidentales à Thymelaea";"4"
"5401";"7";"F6.1G Garrigues occidentales à Bupleurum";"F6.1G";"Garrigues occidentales à Bupleurum";"4"
"5402";"7";"F6.1H Garrigues occidentales à Ulex";"F6.1H";"Garrigues occidentales à Ulex";"4"
"5403";"7";"F6.1I Garrigues occidentales à Ononis fruticosa";"F6.1I";"Garrigues occidentales à Ononis fruticosa";"4"
"5404";"7";"F6.1J Garrigues occidentales à Anthyllis cytisoides";"F6.1J";"Garrigues occidentales à Anthyllis cytisoides";"4"
"1771";"7";"F6.6 Garrigues supraméditerranéennes";"F6.6";"Garrigues supraméditerranéennes";"3"
"5453";"7";"F6.61 Garrigues à Lavandula angustifolia";"F6.61";"Garrigues à Lavandula angustifolia";"4"
"5459";"7";"F6.62 Garrigues à Genista cinerea";"F6.62";"Garrigues à Genista cinerea";"4"
"5460";"7";"F6.63 Garrigues franco-ibériques supraméditerranéennes à arbustes nains";"F6.63";"Garrigues franco-ibériques supraméditerranéennes à arbustes nains";"4"
"5461";"7";"F6.64 Fourrés supraméditerranéens à Buxus sempervirens";"F6.64";"Fourrés supraméditerranéens à Buxus sempervirens";"4"
"1780";"7";"F6.8 Fourrés xérohalophiles";"F6.8";"Fourrés xérohalophiles";"3"
"5489";"7";"F6.82 Fourrés méditerranéens halonitrophiles";"F6.82";"Fourrés méditerranéens halonitrophiles";"4"
"617";"7";"F7 Landes épineuses méditerranéennes (phryganes, landes-hérisson et végétation apparentée des falaises littorales)";"F7";"Landes épineuses méditerranéennes (phryganes, landes-hérisson et végétation apparentée des falaises littorales)";"2"
"1782";"7";"F7.1 Landes épineuses ouest-méditerranéennes";"F7.1";"Landes épineuses ouest-méditerranéennes";"3"
"5492";"7";"F7.11 Phryganes ouest-méditerranéennes du sommet des falaises";"F7.11";"Phryganes ouest-méditerranéennes du sommet des falaises";"4"
"11745";"7";"F7.111 Phryganes de la Provence calcaire";"F7.111";"Phryganes de la Provence calcaire";"5"
"11746";"7";"F7.112 Phryganes de la Provence cristalline";"F7.112";"Phryganes de la Provence cristalline";"5"
"11747";"7";"F7.113 Phryganes ouest-méditerranéennes à Anthyllis";"F7.113";"Phryganes ouest-méditerranéennes à Anthyllis";"5"
"11757";"7";"F7.114 Phryganes des détroits de Bonifacio";"F7.114";"Phryganes des détroits de Bonifacio";"5"
"1783";"7";"F7.2 Landes épineuses centro-méditerranéennes";"F7.2";"Landes épineuses centro-méditerranéennes";"3"
"5500";"7";"F7.23 Phryganes corses et sardes à Genista";"F7.23";"Phryganes corses et sardes à Genista";"4"
"1760";"7";"F7.4 Landes-hérisson";"F7.4";"Landes-hérisson";"3"
"5388";"7";"F7.44 Landes-hérisson franco-ibériques";"F7.44";"Landes-hérisson franco-ibériques";"4"
"11632";"7";"F7.441 Landes-hérisson à Erinacea";"F7.441";"Landes-hérisson à Erinacea";"5"
"11638";"7";"F7.445 Landes en coussinets à Genista";"F7.445";"Landes en coussinets à Genista";"5"
"18042";"7";"F7.4451 Landes en coussinets pyrénéo-cantabriques";"F7.4451";"Landes en coussinets pyrénéo-cantabriques";"6"
"18050";"7";"F7.4456 Landes en coussinets à Genista lobelii et G. pulchella";"F7.4456";"Landes en coussinets à Genista lobelii et G. pulchella";"6"
"5412";"7";"F7.45 Landes-hérisson cyrno-sardes";"F7.45";"Landes-hérisson cyrno-sardes";"4"
"5444";"7";"F7.4E Landes-hérisson à Astragalus sempervirens";"F7.4E";"Landes-hérisson à Astragalus sempervirens";"4"
"614";"7";"F9 Fourrés ripicoles et des bas-marais";"F9";"Fourrés ripicoles et des bas-marais";"2"
"1778";"7";"F9.1 Fourrés ripicoles";"F9.1";"Fourrés ripicoles";"3"
"5477";"7";"F9.11 Fourrés ripicoles orogéniques";"F9.11";"Fourrés ripicoles orogéniques";"4"
"11696";"7";"F9.111 Fourrés pré-alpins à Saules et Tamarin d'Allemagne";"F9.111";"Fourrés pré-alpins à Saules et Tamarin d'Allemagne";"5"
"11697";"7";"F9.112 Fourrés pré-alpins à Saules et Argousier";"F9.112";"Fourrés pré-alpins à Saules et Argousier";"5"
"5481";"7";"F9.12 Fourrés ripicoles planitiaires et collinéennes à Salix";"F9.12";"Fourrés ripicoles planitiaires et collinéennes à Salix";"4"
"11710";"7";"F9.121 Fourrés à Saule à trois étamines et à Osier blanc";"F9.121";"Fourrés à Saule à trois étamines et à Osier blanc";"5"
"11725";"7";"F9.122 Fourrés ouest-méditerranéens à Salix purpurea ssp. lambertiana";"F9.122";"Fourrés ouest-méditerranéens à Salix purpurea ssp. lambertiana";"5"
"5493";"7";"F9.13 Fourrés bas des graviers des cours d'eau montagnards";"F9.13";"Fourrés bas des graviers des cours d'eau montagnards";"4"
"5502";"7";"F9.14 Fourrés et boisements des graviers des berges";"F9.14";"Fourrés et boisements des graviers des berges";"4"
"1784";"7";"F9.2 Saussaies marécageuses et fourrés des bas-marais à Salix";"F9.2";"Saussaies marécageuses et fourrés des bas-marais à Salix";"3"
"5503";"7";"F9.21 Saussaies marécageuses à Saule cendré";"F9.21";"Saussaies marécageuses à Saule cendré";"4"
"11775";"7";"F9.211 Saussaies marécageuses occidentales à Saule cendré";"F9.211";"Saussaies marécageuses occidentales à Saule cendré";"5"
"5509";"7";"F9.22 Saussaies marécageuses à Sphaignes";"F9.22";"Saussaies marécageuses à Sphaignes";"4"
"5510";"7";"F9.23 Saussaies marécageuses à Saule à cinq étamines";"F9.23";"Saussaies marécageuses à Saule à cinq étamines";"4"
"5363";"7";"F9.24 Fourrés des tourbières à Saule nain";"F9.24";"Fourrés des tourbières à Saule nain";"4"
"1756";"7";"F9.3 Galeries et fourrés riverains méridionaux";"F9.3";"Galeries et fourrés riverains méridionaux";"3"
"5366";"7";"F9.31 Galeries à Nerium oleander, Vitex agnus-castus et Tamarix";"F9.31";"Galeries à Nerium oleander, Vitex agnus-castus et Tamarix";"4"
"11619";"7";"F9.311 Galeries à Laurier rose";"F9.311";"Galeries à Laurier rose";"5"
"11620";"7";"F9.312 Fourrés de Gattilier";"F9.312";"Fourrés de Gattilier";"5"
"11627";"7";"F9.313 Fourrés méditerranéo-macaronésiens à Tamaris";"F9.313";"Fourrés méditerranéo-macaronésiens à Tamaris";"5"
"18023";"7";"F9.3131 Fourrés ouest-méditerranéens de Tamaris";"F9.3131";"Fourrés ouest-méditerranéens de Tamaris";"6"
"5470";"7";"F9.35 Formations riveraines d'arbustes invasifs";"F9.35";"Formations riveraines d'arbustes invasifs";"4"
"615";"7";"FA Haies";"FA";"Haies";"2"
"1774";"7";"FA.1 Haies d'espèces non indigènes";"FA.1";"Haies d'espèces non indigènes";"3"
"1775";"7";"FA.2 Haies d'espèces indigènes fortement gérées";"FA.2";"Haies d'espèces indigènes fortement gérées";"3"
"1776";"7";"FA.3 Haies d'espèces indigènes riches en espèces";"FA.3";"Haies d'espèces indigènes riches en espèces";"3"
"1762";"7";"FA.4 Haies d'espèces indigènes pauvres en espèces";"FA.4";"Haies d'espèces indigènes pauvres en espèces";"3"
"612";"7";"FB Plantations d'arbustes";"FB";"Plantations d'arbustes";"2"
"1763";"7";"FB.1 Plantations d'arbustes pour la récolte de la plante entière";"FB.1";"Plantations d'arbustes pour la récolte de la plante entière";"3"
"1764";"7";"FB.2 Plantations d'arbustes pour la récolte de feuilles et de branches";"FB.2";"Plantations d'arbustes pour la récolte de feuilles et de branches";"3"
"5400";"7";"FB.22 Formations à Osier";"FB.22";"Formations à Osier";"4"
"1765";"7";"FB.3 Plantations d'arbustes à des fins ornementales ou pour les fruits, autres que les vignobles";"FB.3";"Plantations d'arbustes à des fins ornementales ou pour les fruits, autres que les vignobles";"3"
"5446";"7";"FB.31 Vergers d'arbustes et d'arbres bas";"FB.31";"Vergers d'arbustes et d'arbres bas";"4"
"5447";"7";"FB.32 Plantations d'arbustes ornementaux";"FB.32";"Plantations d'arbustes ornementaux";"4"
"1769";"7";"FB.4 Vignobles";"FB.4";"Vignobles";"3"
"5448";"7";"FB.41 Vignobles traditionnels";"FB.41";"Vignobles traditionnels";"4"
"5449";"7";"FB.42 Vignobles intensifs";"FB.42";"Vignobles intensifs";"4"
"85";"7";"G Boisements, forêts et autres habitats boisés";"G";"Boisements, forêts et autres habitats boisés";"1"
"616";"7";"G1 Forêts de feuillus caducifoliés";"G1";"Forêts de feuillus caducifoliés";"2"
"1779";"7";"G1.1 Forêts riveraines et forêts galeries, avec dominance d'Alnus, Populus ou Salix";"G1.1";"Forêts riveraines et forêts galeries, avec dominance d'Alnus, Populus ou Salix";"3"
"5416";"7";"G1.11 Saulaies riveraines";"G1.11";"Saulaies riveraines";"4"
"11680";"7";"G1.111 Saulaies à Salix alba médio-européennes";"G1.111";"Saulaies à Salix alba médio-européennes";"5"
"18071";"7";"G1.1111 Saulaies à Saule blanc ouest-européennes";"G1.1111";"Saulaies à Saule blanc ouest-européennes";"6"
"11681";"7";"G1.112 Forêts galeries méditerranéennes à grands Salix";"G1.112";"Forêts galeries méditerranéennes à grands Salix";"5"
"18065";"7";"G1.1121 Forêts galeries méditerranéennes à Saule blanc";"G1.1121";"Forêts galeries méditerranéennes à Saule blanc";"6"
"20957";"7";"G1.11212 Forêts galeries euméditerranéennes à Saule blanc et à Saule fragile";"G1.11212";"Forêts galeries euméditerranéennes à Saule blanc et à Saule fragile";"7"
"18066";"7";"G1.1122 Bois riverains à Saule à feuilles d'olivier et Saule cendré";"G1.1122";"Bois riverains à Saule à feuilles d'olivier et Saule cendré";"6"
"5560";"7";"G1.12 Forêts galeries riveraines boréo-alpines";"G1.12";"Forêts galeries riveraines boréo-alpines";"4"
"11930";"7";"G1.121 Forêts galeries montagnardes à Alnus incana";"G1.121";"Forêts galeries montagnardes à Alnus incana";"5"
"18222";"7";"G1.1211 Forêts galeries alpiennes à Aulne blanc";"G1.1211";"Forêts galeries alpiennes à Aulne blanc";"6"
"11935";"7";"G1.122 Forêts galeries submontagnardes à Alnus incana";"G1.122";"Forêts galeries submontagnardes à Alnus incana";"5"
"5523";"7";"G1.13 Forêts galeries méridionales à Alnus et Betula";"G1.13";"Forêts galeries méridionales à Alnus et Betula";"4"
"11800";"7";"G1.131 Forêts galeries méridionales à Alnus glutinosa";"G1.131";"Forêts galeries méridionales à Alnus glutinosa";"5"
"18094";"7";"G1.1313 Forêts galeries ouest-méditerranéennes à Aulne et Aulne-Frêne";"G1.1313";"Forêts galeries ouest-méditerranéennes à Aulne et Aulne-Frêne";"6"
"11807";"7";"G1.133 Forêts galeries corses à Alnus cordata et Alnus glutinosa";"G1.133";"Forêts galeries corses à Alnus cordata et Alnus glutinosa";"5"
"1788";"7";"G1.2 Forêts riveraines mixtes des plaines inondables et forêts galeries mixtes";"G1.2";"Forêts riveraines mixtes des plaines inondables et forêts galeries mixtes";"3"
"5528";"7";"G1.21 Forêts riveraines à Fraxinus et Alnus, sur sols inondés par les crues mais drainés aux basses eaux";"G1.21";"Forêts riveraines à Fraxinus et Alnus, sur sols inondés par les crues mais drainés aux basses eaux";"4"
"11815";"7";"G1.211 Bois des ruisseaux et sources à Fraxinus et Alnus";"G1.211";"Bois des ruisseaux et sources à Fraxinus et Alnus";"5"
"18099";"7";"G1.2111 Aulnaies-frênaies à Laîches";"G1.2111";"Aulnaies-frênaies à Laîches";"6"
"18100";"7";"G1.2112 Aulnaies-frênaies fontinales";"G1.2112";"Aulnaies-frênaies fontinales";"6"
"18101";"7";"G1.2113 Aulnaies-frênaies à Cirse maraîcher";"G1.2113";"Aulnaies-frênaies à Cirse maraîcher";"6"
"18102";"7";"G1.2114 Aulnaies-frênaies des bords des sources";"G1.2114";"Aulnaies-frênaies des bords des sources";"6"
"18107";"7";"G1.2115 Aulnaies-frênaies à Grande prêle";"G1.2115";"Aulnaies-frênaies à Grande prêle";"6"
"11825";"7";"G1.212 Bois des rivières à débit rapide à Fraxinus et Alnus";"G1.212";"Bois des rivières à débit rapide à Fraxinus et Alnus";"5"
"18109";"7";"G1.2121 Aulnaies-frênaies des ruisseaux collinéens";"G1.2121";"Aulnaies-frênaies des ruisseaux collinéens";"6"
"20971";"7";"G1.21211 Aulnaies-frênaies à Stellaire";"G1.21211";"Aulnaies-frênaies à Stellaire";"7"
"11843";"7";"G1.213 Aulnaies-frênaies des rivières à débit lent";"G1.213";"Aulnaies-frênaies des rivières à débit lent";"5"
"18132";"7";"G1.2131 Bois des rivières à débit lent des plaines inondables d'Europe centrale";"G1.2131";"Bois des rivières à débit lent des plaines inondables d'Europe centrale";"6"
"20973";"7";"G1.21311 Aulnaies-frênaies d'Europe centrale des rivières à débit lent";"G1.21311";"Aulnaies-frênaies d'Europe centrale des rivières à débit lent";"7"
"18135";"7";"G1.2132 Aulnaies-frênaies ouest-européennes à hautes herbes";"G1.2132";"Aulnaies-frênaies ouest-européennes à hautes herbes";"6"
"11872";"7";"G1.214 Forêts galeries nord-ibériques à Alnus";"G1.214";"Forêts galeries nord-ibériques à Alnus";"5"
"18157";"7";"G1.2142 Forêts galeries pyrénéo-cantabriques à Aulne";"G1.2142";"Forêts galeries pyrénéo-cantabriques à Aulne";"6"
"18158";"7";"G1.2143 Forêts galeries pyrénéo-catalanes à Aulne";"G1.2143";"Forêts galeries pyrénéo-catalanes à Aulne";"6"
"5543";"7";"G1.22 Forets mixtes de Quercus-Ulmus-Fraxinus des grands fleuves";"G1.22";"Forets mixtes de Quercus-Ulmus-Fraxinus des grands fleuves";"4"
"11875";"7";"G1.221 Grandes forêts alluviales médio-européennes";"G1.221";"Grandes forêts alluviales médio-européennes";"5"
"11876";"7";"G1.222 Forêts alluviales médio-européennes résiduelles";"G1.222";"Forêts alluviales médio-européennes résiduelles";"5"
"1790";"7";"G1.3 Forêts riveraines méditerranéennes";"G1.3";"Forêts riveraines méditerranéennes";"3"
"5556";"7";"G1.31 Forêts riveraines méditerranéennes à Peupliers";"G1.31";"Forêts riveraines méditerranéennes à Peupliers";"4"
"11931";"7";"G1.312 Forêts galeries provenço-languedociennes à Peupliers";"G1.312";"Forêts galeries provenço-languedociennes à Peupliers";"5"
"11932";"7";"G1.313 Forêts galeries cyrno-sardes à Peuplier";"G1.313";"Forêts galeries cyrno-sardes à Peuplier";"5"
"5514";"7";"G1.32 Ormaies riveraines méditerranéennes";"G1.32";"Ormaies riveraines méditerranéennes";"4"
"5515";"7";"G1.33 Frênaies riveraines méditerranéennes";"G1.33";"Frênaies riveraines méditerranéennes";"4"
"11890";"7";"G1.334 Forêts galeries tyrrhéniennes à Frêne et Aulne";"G1.334";"Forêts galeries tyrrhéniennes à Frêne et Aulne";"5"
"5547";"7";"G1.34 Forêts galeries riveraines méditerranéennes à Ostrya carpinifolia";"G1.34";"Forêts galeries riveraines méditerranéennes à Ostrya carpinifolia";"4"
"1791";"7";"G1.4 Forêts marécageuses de feuillus ne se trouvant pas sur tourbe acide";"G1.4";"Forêts marécageuses de feuillus ne se trouvant pas sur tourbe acide";"3"
"5558";"7";"G1.41 Aulnaies marécageuses ne se trouvant pas sur tourbe acide";"G1.41";"Aulnaies marécageuses ne se trouvant pas sur tourbe acide";"4"
"11926";"7";"G1.411 Aulnaies marécageuses méso-eutrophes";"G1.411";"Aulnaies marécageuses méso-eutrophes";"5"
"18212";"7";"G1.4111 Aulnaies atlantiques à Laîches en grands touradons";"G1.4111";"Aulnaies atlantiques à Laîches en grands touradons";"6"
"18213";"7";"G1.4112 Aulnaies marécageuses à Laîche allongée";"G1.4112";"Aulnaies marécageuses à Laîche allongée";"6"
"11791";"7";"G1.412 Aulnaies marécageuses oligotrophes";"G1.412";"Aulnaies marécageuses oligotrophes";"5"
"1786";"7";"G1.5 Forêts marécageuses de feuillus sur tourbe acide";"G1.5";"Forêts marécageuses de feuillus sur tourbe acide";"3"
"5525";"7";"G1.51 Boulaies à Sphaignes";"G1.51";"Boulaies à Sphaignes";"4"
"11801";"7";"G1.511 Boulaies à Sphaignes et à Linaigrette";"G1.511";"Boulaies à Sphaignes et à Linaigrette";"5"
"11809";"7";"G1.512 Boulaies à Sphaignes et à Laîches";"G1.512";"Boulaies à Sphaignes et à Laîches";"5"
"11810";"7";"G1.513 Boulaies marécageuses méso-acidophiles";"G1.513";"Boulaies marécageuses méso-acidophiles";"5"
"5533";"7";"G1.52 Aulnaies marécageuses sur tourbe acide";"G1.52";"Aulnaies marécageuses sur tourbe acide";"4"
"1789";"7";"G1.6 Hêtraies";"G1.6";"Hêtraies";"3"
"5534";"7";"G1.61 Hêtraies acidophiles médio-européennes";"G1.61";"Hêtraies acidophiles médio-européennes";"4"
"11816";"7";"G1.611 Hêtraies collinéennes médio-européennes à Luzule";"G1.611";"Hêtraies collinéennes médio-européennes à Luzule";"5"
"18110";"7";"G1.6111 Hêtraies collinéennes hercyniennes occidentales à Luzule";"G1.6111";"Hêtraies collinéennes hercyniennes occidentales à Luzule";"6"
"18111";"7";"G1.6112 Hêtraies collinéennes hercyno-jurassiennes à Luzule";"G1.6112";"Hêtraies collinéennes hercyno-jurassiennes à Luzule";"6"
"18112";"7";"G1.6113 Hêtraies collinéennes périalpines à Luzule";"G1.6113";"Hêtraies collinéennes périalpines à Luzule";"6"
"11832";"7";"G1.612 Hêtraies montagnardes médio-européennes à Luzule";"G1.612";"Hêtraies montagnardes médio-européennes à Luzule";"5"
"18126";"7";"G1.6122 Hêtraies montagnardes médio-européennes occidentales à Luzule";"G1.6122";"Hêtraies montagnardes médio-européennes occidentales à Luzule";"6"
"5537";"7";"G1.62 Hêtraies acidophiles atlantiques";"G1.62";"Hêtraies acidophiles atlantiques";"4"
"11844";"7";"G1.621 Hêtraies acidophiles germano-baltiques";"G1.621";"Hêtraies acidophiles germano-baltiques";"5"
"11845";"7";"G1.622 Hêtraies acidophiles subatlantiques";"G1.622";"Hêtraies acidophiles subatlantiques";"5"
"11846";"7";"G1.623 Hêtraies acidophiles armoricaines";"G1.623";"Hêtraies acidophiles armoricaines";"5"
"11847";"7";"G1.624 Hêtraies acidophiles pyrénéo-cantabriques";"G1.624";"Hêtraies acidophiles pyrénéo-cantabriques";"5"
"5539";"7";"G1.63 Hêtraies neutrophiles médio-européennes";"G1.63";"Hêtraies neutrophiles médio-européennes";"4"
"11862";"7";"G1.631 Hêtraies neutrophiles médio-européennes collinéennes";"G1.631";"Hêtraies neutrophiles médio-européennes collinéennes";"5"
"18147";"7";"G1.6311 Hêtraies médio-européennes à Orge des bois";"G1.6311";"Hêtraies médio-européennes à Orge des bois";"6"
"18148";"7";"G1.6312 Hêtraies médio-européennes à Aspérule et Mélique";"G1.6312";"Hêtraies médio-européennes à Aspérule et Mélique";"6"
"11869";"7";"G1.632 Hêtraies neutrophiles atlantiques";"G1.632";"Hêtraies neutrophiles atlantiques";"5"
"18159";"7";"G1.6321 Hêtraies à Jacinthe des bois calciclines";"G1.6321";"Hêtraies à Jacinthe des bois calciclines";"6"
"18160";"7";"G1.6322 Hêtraies à Jacinthe des bois neutroclines";"G1.6322";"Hêtraies à Jacinthe des bois neutroclines";"6"
"11873";"7";"G1.633 Hêtraies neutrophiles montagnardes médio-européennes";"G1.633";"Hêtraies neutrophiles montagnardes médio-européennes";"5"
"18161";"7";"G1.6331 Hêtraies à Dentaires du Jura";"G1.6331";"Hêtraies à Dentaires du Jura";"6"
"18162";"7";"G1.6332 Hêtraies à Dentaires des Alpes occidentales";"G1.6332";"Hêtraies à Dentaires des Alpes occidentales";"6"
"18170";"7";"G1.6335 Hêtraies à Dentaires des Vosges";"G1.6335";"Hêtraies à Dentaires des Vosges";"6"
"5526";"7";"G1.64 Hêtraies neutrophiles pyrénéo-cantabriques";"G1.64";"Hêtraies neutrophiles pyrénéo-cantabriques";"4"
"11802";"7";"G1.641 Hêtraies pyrénéennes hygrophiles";"G1.641";"Hêtraies pyrénéennes hygrophiles";"5"
"11803";"7";"G1.642 Hêtraies pyrénéennes mésophiles";"G1.642";"Hêtraies pyrénéennes mésophiles";"5"
"11811";"7";"G1.644 Hêtraies-sapinières humides du Massif central";"G1.644";"Hêtraies-sapinières humides du Massif central";"5"
"5529";"7";"G1.65 Hêtraies subalpines médio-européennes";"G1.65";"Hêtraies subalpines médio-européennes";"4"
"5530";"7";"G1.66 Hêtraies calcicoles médio-européennes";"G1.66";"Hêtraies calcicoles médio-européennes";"4"
"11817";"7";"G1.661 Hêtraies calcicoles centre-européennes des pentes sèches";"G1.661";"Hêtraies calcicoles centre-européennes des pentes sèches";"5"
"18103";"7";"G1.6611 Hêtraies médio-européennes des pentes sèches à Laîches";"G1.6611";"Hêtraies médio-européennes des pentes sèches à Laîches";"6"
"18104";"7";"G1.6612 Hêtraies médio-européennes des pentes abruptes à If";"G1.6612";"Hêtraies médio-européennes des pentes abruptes à If";"6"
"18115";"7";"G1.6613 Hêtraies médio-européennes à Seslérie";"G1.6613";"Hêtraies médio-européennes à Seslérie";"6"
"5535";"7";"G1.67 Hêtraies médio-européennes méridionales";"G1.67";"Hêtraies médio-européennes méridionales";"4"
"11827";"7";"G1.671 Hêtraies acidophiles des Alpes méridionales et des Apennins";"G1.671";"Hêtraies acidophiles des Alpes méridionales et des Apennins";"5"
"11833";"7";"G1.672 Hêtraies acidophiles des Pyrénées orientales et des Cévennes";"G1.672";"Hêtraies acidophiles des Pyrénées orientales et des Cévennes";"5"
"11834";"7";"G1.673 Hêtraies corses";"G1.673";"Hêtraies corses";"5"
"11835";"7";"G1.674 Hêtraies neutrophiles alpino-apennines";"G1.674";"Hêtraies neutrophiles alpino-apennines";"5"
"11836";"7";"G1.675 Hêtraies calcicoles subméditerranéennes";"G1.675";"Hêtraies calcicoles subméditerranéennes";"5"
"18127";"7";"G1.6751 Hêtraies à Buis";"G1.6751";"Hêtraies à Buis";"6"
"18128";"7";"G1.6752 Hêtraies à Androsace";"G1.6752";"Hêtraies à Androsace";"6"
"18129";"7";"G1.6753 Hêtraies à Lavande";"G1.6753";"Hêtraies à Lavande";"6"
"18133";"7";"G1.6754 Hêtraies de la Sainte-Baume";"G1.6754";"Hêtraies de la Sainte-Baume";"6"
"1787";"7";"G1.7 Forêts caducifoliées thermophiles";"G1.7";"Forêts caducifoliées thermophiles";"3"
"5527";"7";"G1.71 Chênaies à Quercus pubescens occidentales et communautés apparentées";"G1.71";"Chênaies à Quercus pubescens occidentales et communautés apparentées";"4"
"11805";"7";"G1.711 Chênaies à Quercus pubescens occidentales";"G1.711";"Chênaies à Quercus pubescens occidentales";"5"
"18097";"7";"G1.7111 Chênaies à Quercus pubescens sud-occidentales";"G1.7111";"Chênaies à Quercus pubescens sud-occidentales";"6"
"18098";"7";"G1.7112 Chênaies à Quercus pubescens septentrionales";"G1.7112";"Chênaies à Quercus pubescens septentrionales";"6"
"11812";"7";"G1.712 Chênaies à Quercus petraea et Q. robur subméditerranéennes";"G1.712";"Chênaies à Quercus petraea et Q. robur subméditerranéennes";"5"
"11813";"7";"G1.713 Chênaies à Quercus palensis";"G1.713";"Chênaies à Quercus palensis";"5"
"11814";"7";"G1.714 Chênaies à Chêne blanc euméditerranéennes";"G1.714";"Chênaies à Chêne blanc euméditerranéennes";"5"
"5531";"7";"G1.72 Chênaies à Quercus pubescens cyrno-sardes";"G1.72";"Chênaies à Quercus pubescens cyrno-sardes";"4"
"5532";"7";"G1.73 Chênaies à Quercus pubescens orientales";"G1.73";"Chênaies à Quercus pubescens orientales";"4"
"11818";"7";"G1.731 Chênaies à Quercus pubescens du nord de l'Italie";"G1.731";"Chênaies à Quercus pubescens du nord de l'Italie";"5"
"5591";"7";"G1.7A Chênaies steppiques";"G1.7A";"Chênaies steppiques";"4"
"12040";"7";"G1.7A1 Chênaies steppiques eurosibériennes";"G1.7A1";"Chênaies steppiques eurosibériennes";"5"
"18353";"7";"G1.7A11 Chênaies à Potentille blanche";"G1.7A11";"Chênaies à Potentille blanche";"6"
"21116";"7";"G1.7A111 Chênaies à Chêne sessile occidentales à Potentille blanche";"G1.7A111";"Chênaies à Chêne sessile occidentales à Potentille blanche";"7"
"5561";"7";"G1.7B Chênaies à Quercus pyrenaica";"G1.7B";"Chênaies à Quercus pyrenaica";"4"
"11947";"7";"G1.7B5 Chênaies à Quercus pyrenaica françaises";"G1.7B5";"Chênaies à Quercus pyrenaica françaises";"5"
"5565";"7";"G1.7C Forêts thermophiles mixtes";"G1.7C";"Forêts thermophiles mixtes";"4"
"11948";"7";"G1.7C1 Bois d'Ostrya carpinifolia";"G1.7C1";"Bois d'Ostrya carpinifolia";"5"
"18265";"7";"G1.7C11 Ostryaies mésoméditerranéennes franco-italiennes";"G1.7C11";"Ostryaies mésoméditerranéennes franco-italiennes";"6"
"18266";"7";"G1.7C12 Ostryaies supraméditerranéennes";"G1.7C12";"Ostryaies supraméditerranéennes";"6"
"21064";"7";"G1.7C121 Ostryaies supraméditerranéennes des Alpes sud-occidentales";"G1.7C121";"Ostryaies supraméditerranéennes des Alpes sud-occidentales";"7"
"21068";"7";"G1.7C125 Ostryaies supraméditerranéennes de Corse";"G1.7C125";"Ostryaies supraméditerranéennes de Corse";"7"
"18267";"7";"G1.7C13 Ostryaies montagnardes";"G1.7C13";"Ostryaies montagnardes";"6"
"11967";"7";"G1.7C4 Tillaies thermophiles";"G1.7C4";"Tillaies thermophiles";"5"
"11973";"7";"G1.7C5 Bois de Celtis australis";"G1.7C5";"Bois de Celtis australis";"5"
"11974";"7";"G1.7C6 Frênaies thermophiles";"G1.7C6";"Frênaies thermophiles";"5"
"11980";"7";"G1.7C8 Bois mixtes subméditerranéens et pannoniens";"G1.7C8";"Bois mixtes subméditerranéens et pannoniens";"5"
"18316";"7";"G1.7C81 Bois mixtes subméditerranéens";"G1.7C81";"Bois mixtes subméditerranéens";"6"
"5573";"7";"G1.7D Châtaigneraies à Castanea sativa";"G1.7D";"Châtaigneraies à Castanea sativa";"4"
"11999";"7";"G1.7D7 Châtaigneraies à Castanea sativa cyrno-sardes";"G1.7D7";"Châtaigneraies à Castanea sativa cyrno-sardes";"5"
"12000";"7";"G1.7D8 Châtaigneraies à Castanea sativa du sud-est de la France";"G1.7D8";"Châtaigneraies à Castanea sativa du sud-est de la France";"5"
"12001";"7";"G1.7D9 Châtaigneraies à Castanea sativa franco-ibériques";"G1.7D9";"Châtaigneraies à Castanea sativa franco-ibériques";"5"
"1795";"7";"G1.8 Boisements acidophiles dominés par Quercus";"G1.8";"Boisements acidophiles dominés par Quercus";"3"
"5580";"7";"G1.81 Bois atlantiques de Quercus robur et Betula";"G1.81";"Bois atlantiques de Quercus robur et Betula";"4"
"5581";"7";"G1.82 Hêtraies-chênaies acidophiles atlantiques";"G1.82";"Hêtraies-chênaies acidophiles atlantiques";"4"
"12020";"7";"G1.821 Chênaies à Chêne sessile subatlantiques";"G1.821";"Chênaies à Chêne sessile subatlantiques";"5"
"12021";"7";"G1.822 Chênaies acidophiles armoricaines";"G1.822";"Chênaies acidophiles armoricaines";"5"
"12022";"7";"G1.823 Chênaies dunaires septentrionales";"G1.823";"Chênaies dunaires septentrionales";"5"
"5584";"7";"G1.83 Chênaies à Quercus petraea atlantiques";"G1.83";"Chênaies à Quercus petraea atlantiques";"4"
"5585";"7";"G1.84 Chênaies aquitano-ligériennes sur podzols";"G1.84";"Chênaies aquitano-ligériennes sur podzols";"4"
"5586";"7";"G1.85 Chênaies aquitano-ligériennes sur sols lessivés ou acides";"G1.85";"Chênaies aquitano-ligériennes sur sols lessivés ou acides";"4"
"5589";"7";"G1.86 Chênaies acidophiles ibéro-atlantiques";"G1.86";"Chênaies acidophiles ibéro-atlantiques";"4"
"12035";"7";"G1.861 Chênaies acidophiles pyrénéennes";"G1.861";"Chênaies acidophiles pyrénéennes";"5"
"5592";"7";"G1.87 Chênaies acidophiles médio-européennes";"G1.87";"Chênaies acidophiles médio-européennes";"4"
"12042";"7";"G1.871 Chênaies à Luzule";"G1.871";"Chênaies à Luzule";"5"
"18356";"7";"G1.8711 Chênaies hercyniennes occidentales à Luzule et Épervière";"G1.8711";"Chênaies hercyniennes occidentales à Luzule et Épervière";"6"
"11937";"7";"G1.872 Chênaies acidophiles thermophiles des chaînes hercyniennes occidentales";"G1.872";"Chênaies acidophiles thermophiles des chaînes hercyniennes occidentales";"5"
"1792";"7";"G1.9 Boisements non riverains à Betula, Populus tremula ou Sorbus aucuparia";"G1.9";"Boisements non riverains à Betula, Populus tremula ou Sorbus aucuparia";"3"
"5566";"7";"G1.91 Boulaies des terrains non marécageux";"G1.91";"Boulaies des terrains non marécageux";"4"
"11949";"7";"G1.911 Boulaies atlantiques planitiaires et collinéennes";"G1.911";"Boulaies atlantiques planitiaires et collinéennes";"5"
"18259";"7";"G1.9111 Boulaies humides";"G1.9111";"Boulaies humides";"6"
"21061";"7";"G1.91112 Boulaies humides aquitano-ligériennes";"G1.91112";"Boulaies humides aquitano-ligériennes";"7"
"18269";"7";"G1.9112 Boulaies sèches acidophiles médio-européennes";"G1.9112";"Boulaies sèches acidophiles médio-européennes";"6"
"11960";"7";"G1.913 Boulaies hercynio-alpines";"G1.913";"Boulaies hercynio-alpines";"5"
"18279";"7";"G1.9131 Boulaies alpines en limite forestière";"G1.9131";"Boulaies alpines en limite forestière";"6"
"18280";"7";"G1.9132 Forêts de Bouleaux sur blocs";"G1.9132";"Forêts de Bouleaux sur blocs";"6"
"18281";"7";"G1.9133 Boulaies pyrénéennes";"G1.9133";"Boulaies pyrénéennes";"6"
"11968";"7";"G1.914 Boulaies corses";"G1.914";"Boulaies corses";"5"
"5574";"7";"G1.92 Boisements de Populus tremula";"G1.92";"Boisements de Populus tremula";"4"
"11994";"7";"G1.921 Bois à Populus tremula intra-alpins";"G1.921";"Bois à Populus tremula intra-alpins";"5"
"11995";"7";"G1.922 Bois de Populus tremula némoraux planitiaires";"G1.922";"Bois de Populus tremula némoraux planitiaires";"5"
"11996";"7";"G1.923 Peuplements de Populus tremula montagnards";"G1.923";"Peuplements de Populus tremula montagnards";"5"
"11997";"7";"G1.924 Peuplements de Populus tremula subméditerranéens";"G1.924";"Peuplements de Populus tremula subméditerranéens";"5"
"5575";"7";"G1.93 Boisements de Sorbus aucuparia";"G1.93";"Boisements de Sorbus aucuparia";"4"
"1794";"7";"G1.A Boisements mésotrophes et eutrophes à Quercus, Carpinus, Fraxinus, Acer, Tilia, Ulmus et boisements associés";"G1.A";"Boisements mésotrophes et eutrophes à Quercus, Carpinus, Fraxinus, Acer, Tilia, Ulmus et boisements associés";"3"
"5578";"7";"G1.A1 Boisements sur sols eutrophes et mésotrophes à Quercus, Fraxinus et Carpinus betulus";"G1.A1";"Boisements sur sols eutrophes et mésotrophes à Quercus, Fraxinus et Carpinus betulus";"4"
"12009";"7";"G1.A11 Chênaies atlantiques mixtes à Hyacinthoides non-scripta";"G1.A11";"Chênaies atlantiques mixtes à Hyacinthoides non-scripta";"5"
"12010";"7";"G1.A12 Frênaies-chênaies et chênaies-charmaies aquitaniennes";"G1.A12";"Frênaies-chênaies et chênaies-charmaies aquitaniennes";"5"
"12011";"7";"G1.A13 Frênaies-chênaies subatlantiques à Primula elatior";"G1.A13";"Frênaies-chênaies subatlantiques à Primula elatior";"5"
"18336";"7";"G1.A131 Frênaies-chênaies à Arum";"G1.A131";"Frênaies-chênaies à Arum";"6"
"18337";"7";"G1.A132 Frênaies-chênaies à Corydale";"G1.A132";"Frênaies-chênaies à Corydale";"6"
"18338";"7";"G1.A133 Frênaies-chênaies à Ail des ours";"G1.A133";"Frênaies-chênaies à Ail des ours";"6"
"12038";"7";"G1.A14 Chênaies-charmaies subatlantiques à Stellaria";"G1.A14";"Chênaies-charmaies subatlantiques à Stellaria";"5"
"18350";"7";"G1.A141 Chênaies-charmaies nord-occidentales";"G1.A141";"Chênaies-charmaies nord-occidentales";"6"
"18351";"7";"G1.A142 Chênaies-charmaies sur marnes de Lorraine";"G1.A142";"Chênaies-charmaies sur marnes de Lorraine";"6"
"18352";"7";"G1.A143 Chênaies-charmaies collinéennes de Bourgogne";"G1.A143";"Chênaies-charmaies collinéennes de Bourgogne";"6"
"18354";"7";"G1.A144 Chênaies-charmaies des plaines de Bourgogne";"G1.A144";"Chênaies-charmaies des plaines de Bourgogne";"6"
"12043";"7";"G1.A15 Chênaies - Charmaies faméniennes";"G1.A15";"Chênaies - Charmaies faméniennes";"5"
"12044";"7";"G1.A16 Chênaies-charmaies subcontinentales";"G1.A16";"Chênaies-charmaies subcontinentales";"5"
"18238";"7";"G1.A161 Chênaies-charmaies à Gaillet des bois";"G1.A161";"Chênaies-charmaies à Gaillet des bois";"6"
"11941";"7";"G1.A17 Chênaies-charmaies calciphiles subatlantiques";"G1.A17";"Chênaies-charmaies calciphiles subatlantiques";"5"
"18257";"7";"G1.A171 Chênaies-charmaies calciphiles subatlantiques à Troène";"G1.A171";"Chênaies-charmaies calciphiles subatlantiques à Troène";"6"
"18260";"7";"G1.A172 Chênaies-charmaies xérophiles subatlantiques à Anthericum";"G1.A172";"Chênaies-charmaies xérophiles subatlantiques à Anthericum";"6"
"18261";"7";"G1.A173 Frênaies-chênaies calciphiles subatlantiques à Scilles";"G1.A173";"Frênaies-chênaies calciphiles subatlantiques à Scilles";"6"
"11952";"7";"G1.A18 Chênaies-charmaies sud-alpines";"G1.A18";"Chênaies-charmaies sud-alpines";"5"
"11961";"7";"G1.A19 Chênaies-frênaies pyrénéo-cantabriques";"G1.A19";"Chênaies-frênaies pyrénéo-cantabriques";"5"
"5579";"7";"G1.A2 Frênaies non riveraines";"G1.A2";"Frênaies non riveraines";"4"
"12007";"7";"G1.A23 Frênaies pyrénéo-cantabriques";"G1.A23";"Frênaies pyrénéo-cantabriques";"5"
"12013";"7";"G1.A25 Frênaies mixtes atlantiques à Hyacinthoides non-scripta";"G1.A25";"Frênaies mixtes atlantiques à Hyacinthoides non-scripta";"5"
"12014";"7";"G1.A26 Frênaies aquitaniennes";"G1.A26";"Frênaies aquitaniennes";"5"
"12015";"7";"G1.A27 Frênaies subatlantiques";"G1.A27";"Frênaies subatlantiques";"5"
"12016";"7";"G1.A28 Frênaies lutétiennes calciphiles";"G1.A28";"Frênaies lutétiennes calciphiles";"5"
"12017";"7";"G1.A29 Frênaies post-culturales";"G1.A29";"Frênaies post-culturales";"5"
"5582";"7";"G1.A3 Boisements de Carpinus betulus";"G1.A3";"Boisements de Carpinus betulus";"4"
"12025";"7";"G1.A31 Charmaies occidentales";"G1.A31";"Charmaies occidentales";"5"
"5590";"7";"G1.A4 Forêts de ravin et de pente";"G1.A4";"Forêts de ravin et de pente";"4"
"12039";"7";"G1.A41 Forêts de ravin médio-européennes";"G1.A41";"Forêts de ravin médio-européennes";"5"
"18355";"7";"G1.A411 Forêts de ravin calciclines à Frêne et Érable sycomore";"G1.A411";"Forêts de ravin calciclines à Frêne et Érable sycomore";"6"
"21034";"7";"G1.A4111 Forêts de ravin à Frêne, Érable sycomore et Langue de cerf";"G1.A4111";"Forêts de ravin à Frêne, Érable sycomore et Langue de cerf";"7"
"21042";"7";"G1.A4112 Forêts de ravin à Frêne, Érable sycomore et Lunaire";"G1.A4112";"Forêts de ravin à Frêne, Érable sycomore et Lunaire";"7"
"21049";"7";"G1.A4114 Forêts de ravin à Frêne, Érable sycomore et Barbe-de-bouc";"G1.A4114";"Forêts de ravin à Frêne, Érable sycomore et Barbe-de-bouc";"7"
"21050";"7";"G1.A4115 Forêts de ravin alpines à Érable sycomore et Hépatique";"G1.A4115";"Forêts de ravin alpines à Érable sycomore et Hépatique";"7"
"18251";"7";"G1.A412 Forêts de ravin acidophiles à Frêne, Érable sycomore et Tilleul";"G1.A412";"Forêts de ravin acidophiles à Frêne, Érable sycomore et Tilleul";"6"
"18258";"7";"G1.A413 Forêts mixtes à Érable sycomore et herbes hautes";"G1.A413";"Forêts mixtes à Érable sycomore et herbes hautes";"6"
"11942";"7";"G1.A42 Forêts de pente hercyniennes";"G1.A42";"Forêts de pente hercyniennes";"5"
"11943";"7";"G1.A43 Forêts de pente mixtes périalpines à Fraxinus et Acer pseudoplatanus";"G1.A43";"Forêts de pente mixtes périalpines à Fraxinus et Acer pseudoplatanus";"5"
"11982";"7";"G1.A44 Ormaies-chênaies pyrénéo-cantabriques";"G1.A44";"Ormaies-chênaies pyrénéo-cantabriques";"5"
"11983";"7";"G1.A45 Forêts thermophiles mixtes alpines et périalpines à Tilia";"G1.A45";"Forêts thermophiles mixtes alpines et périalpines à Tilia";"5"
"18262";"7";"G1.A452 Forêts thermophiles mixtes déalpines à Chêne, Érable et Tilleul";"G1.A452";"Forêts thermophiles mixtes déalpines à Chêne, Érable et Tilleul";"6"
"18263";"7";"G1.A453 Forêts mixtes sud-alpines à Tilleul";"G1.A453";"Forêts mixtes sud-alpines à Tilleul";"6"
"5567";"7";"G1.A5 Tillaies";"G1.A5";"Tillaies";"4"
"11953";"7";"G1.A51 Tillaies occidentales";"G1.A51";"Tillaies occidentales";"5"
"5568";"7";"G1.A6 Ormaies non riveraines";"G1.A6";"Ormaies non riveraines";"4"
"11977";"7";"G1.A61 Ormaies à Ulmus minor";"G1.A61";"Ormaies à Ulmus minor";"5"
"18309";"7";"G1.A611 Ormaies à Violette odorante";"G1.A611";"Ormaies à Violette odorante";"6"
"18310";"7";"G1.A612 Ormaies thermo-atlantiques";"G1.A612";"Ormaies thermo-atlantiques";"6"
"11978";"7";"G1.A62 Ormaies à Ulmus glabra et Ulmus laevis";"G1.A62";"Ormaies à Ulmus glabra et Ulmus laevis";"5"
"5572";"7";"G1.A7 Forêts mixtes caducifoliées de la mer Noire et de la mer Caspienne";"G1.A7";"Forêts mixtes caducifoliées de la mer Noire et de la mer Caspienne";"4"
"5569";"7";"G1.A8 Érablaies eurosibériennes";"G1.A8";"Érablaies eurosibériennes";"4"
"1793";"7";"G1.B Aulnaies non riveraines";"G1.B";"Aulnaies non riveraines";"3"
"5570";"7";"G1.B1 Aulnaies à Alnus cordata";"G1.B1";"Aulnaies à Alnus cordata";"4"
"5571";"7";"G1.B2 Aulnaies némorales";"G1.B2";"Aulnaies némorales";"4"
"11966";"7";"G1.B21 Aulnaies atlantiques à Alnus glutinosa";"G1.B21";"Aulnaies atlantiques à Alnus glutinosa";"5"
"1810";"7";"G1.C Plantations forestières très artificielles de feuillus caducifoliés";"G1.C";"Plantations forestières très artificielles de feuillus caducifoliés";"3"
"5668";"7";"G1.C1 Plantations de Populus";"G1.C1";"Plantations de Populus";"4"
"12220";"7";"G1.C11 Plantations de Peupliers sur mégaphorbiaie";"G1.C11";"Plantations de Peupliers sur mégaphorbiaie";"5"
"12221";"7";"G1.C12 Autres plantations de Peupliers";"G1.C12";"Autres plantations de Peupliers";"5"
"5681";"7";"G1.C2 Plantations de Quercus caducifoliés exotiques";"G1.C2";"Plantations de Quercus caducifoliés exotiques";"4"
"5682";"7";"G1.C3 Plantations de Robinia";"G1.C3";"Plantations de Robinia";"4"
"5683";"7";"G1.C4 Autres plantations d'arbres feuillus caducifoliés";"G1.C4";"Autres plantations d'arbres feuillus caducifoliés";"4"
"1813";"7";"G1.D Vergers d'arbres fruitiers et d'arbres à noix";"G1.D";"Vergers d'arbres fruitiers et d'arbres à noix";"3"
"5684";"7";"G1.D1 Plantations de Castanea sativa";"G1.D1";"Plantations de Castanea sativa";"4"
"5685";"7";"G1.D2 Plantations de Juglans";"G1.D2";"Plantations de Juglans";"4"
"5686";"7";"G1.D3 Plantations de Prunus amygdalus";"G1.D3";"Plantations de Prunus amygdalus";"4"
"5687";"7";"G1.D4 Vergers d'arbres fruitiers";"G1.D4";"Vergers d'arbres fruitiers";"4"
"5691";"7";"G1.D5 Autres vergers de hautes tiges";"G1.D5";"Autres vergers de hautes tiges";"4"
"619";"7";"G2 Forêts de feuillus sempervirents";"G2";"Forêts de feuillus sempervirents";"2"
"1814";"7";"G2.1 Forêts de Quercus sempervirents méditerranéennes";"G2.1";"Forêts de Quercus sempervirents méditerranéennes";"3"
"5692";"7";"G2.11 Chênaies à Quercus suber";"G2.11";"Chênaies à Quercus suber";"4"
"12227";"7";"G2.111 Chênaies à Quercus suber tyrrhéniennes";"G2.111";"Chênaies à Quercus suber tyrrhéniennes";"5"
"18455";"7";"G2.1111 Chênaies à Chêne-liège provençales";"G2.1111";"Chênaies à Chêne-liège provençales";"6"
"18456";"7";"G2.1112 Chênaies à Chêne-liège corses";"G2.1112";"Chênaies à Chêne-liège corses";"6"
"12241";"7";"G2.114 Chênaies à Quercus suber aquitaniennes";"G2.114";"Chênaies à Quercus suber aquitaniennes";"5"
"5695";"7";"G2.12 Chênaies à Quercus ilex";"G2.12";"Chênaies à Quercus ilex";"4"
"12254";"7";"G2.121 Chênaies à Quercus ilex mésoméditerranéennes";"G2.121";"Chênaies à Quercus ilex mésoméditerranéennes";"5"
"18475";"7";"G2.1211 Chênaies à Chêne vert ibériques nord-occidentales";"G2.1211";"Chênaies à Chêne vert ibériques nord-occidentales";"6"
"18476";"7";"G2.1212 Chênaies à Chêne vert des plaines catalano-provençales";"G2.1212";"Chênaies à Chêne vert des plaines catalano-provençales";"6"
"18477";"7";"G2.1213 Chênaies à Chêne vert des collines catalano-provençales";"G2.1213";"Chênaies à Chêne vert des collines catalano-provençales";"6"
"18479";"7";"G2.1215 Chênaies à Chêne vert des plaines corses";"G2.1215";"Chênaies à Chêne vert des plaines corses";"6"
"18372";"7";"G2.1216 Chênaies à Chêne vert des collines corses";"G2.1216";"Chênaies à Chêne vert des collines corses";"6"
"12068";"7";"G2.122 Chênaies à Quercus ilex supraméditerranéennes";"G2.122";"Chênaies à Quercus ilex supraméditerranéennes";"5"
"12069";"7";"G2.123 Chênaies à Quercus ilex aquitaniennes";"G2.123";"Chênaies à Quercus ilex aquitaniennes";"5"
"1799";"7";"G2.2 Forêts eurasiennes sclérophylles continentales";"G2.2";"Forêts eurasiennes sclérophylles continentales";"3"
"5631";"7";"G2.21 Boisements méditerranéo-atlantiques à Quercus et Laurus";"G2.21";"Boisements méditerranéo-atlantiques à Quercus et Laurus";"4"
"1802";"7";"G2.4 Boisements à Ceratonia siliqua et Olea europea";"G2.4";"Boisements à Ceratonia siliqua et Olea europea";"3"
"5644";"7";"G2.41 Bois d'Olea europea sauvage";"G2.41";"Bois d'Olea europea sauvage";"4"
"5649";"7";"G2.42 Bois de Ceratonia siliqua";"G2.42";"Bois de Ceratonia siliqua";"4"
"1805";"7";"G2.6 Bois d'Ilex aquifolium";"G2.6";"Bois d'Ilex aquifolium";"3"
"1809";"7";"G2.8 Plantations forestières très artificielles de feuillus sempervirents";"G2.8";"Plantations forestières très artificielles de feuillus sempervirents";"3"
"5665";"7";"G2.81 Plantations d'Eucalyptus";"G2.81";"Plantations d'Eucalyptus";"4"
"5669";"7";"G2.82 Plantations de Quercus exotiques sempervirents";"G2.82";"Plantations de Quercus exotiques sempervirents";"4"
"5670";"7";"G2.83 Autres plantations de feuillus sempervirents";"G2.83";"Autres plantations de feuillus sempervirents";"4"
"1811";"7";"G2.9 Vergers et bosquets sempervirents";"G2.9";"Vergers et bosquets sempervirents";"3"
"5671";"7";"G2.91 Oliveraies à Olea europaea";"G2.91";"Oliveraies à Olea europaea";"4"
"5672";"7";"G2.92 Vergers d'agrumes";"G2.92";"Vergers d'agrumes";"4"
"5674";"7";"G2.94 Autres vergers sempervirents";"G2.94";"Autres vergers sempervirents";"4"
"618";"7";"G3 Forêts de conifères";"G3";"Forêts de conifères";"2"
"1812";"7";"G3.1 Boisements à Picea et à Abies";"G3.1";"Boisements à Picea et à Abies";"3"
"5675";"7";"G3.11 Forêts neutrophiles médio-européennes à Abies";"G3.11";"Forêts neutrophiles médio-européennes à Abies";"4"
"12222";"7";"G3.111 Sapinières neutrophiles intra-alpines";"G3.111";"Sapinières neutrophiles intra-alpines";"5"
"18440";"7";"G3.1111 Sapinières à Oxalis";"G3.1111";"Sapinières à Oxalis";"6"
"18441";"7";"G3.1112 Sapinières à hautes herbes";"G3.1112";"Sapinières à hautes herbes";"6"
"18442";"7";"G3.1113 Sapinières à Trochiscanthe";"G3.1113";"Sapinières à Trochiscanthe";"6"
"12223";"7";"G3.112 Sapinières neutrophiles hercynio-alpines";"G3.112";"Sapinières neutrophiles hercynio-alpines";"5"
"18459";"7";"G3.1121 Sapinières neutrophiles périalpines";"G3.1121";"Sapinières neutrophiles périalpines";"6"
"21137";"7";"G3.11211 Sapinières-pessières neutrophiles périalpines";"G3.11211";"Sapinières-pessières neutrophiles périalpines";"7"
"21138";"7";"G3.11212 Hêtraies-sapinières neutrophiles périalpines";"G3.11212";"Hêtraies-sapinières neutrophiles périalpines";"7"
"12242";"7";"G3.113 Sapinières pyrénéennes";"G3.113";"Sapinières pyrénéennes";"5"
"5696";"7";"G3.12 Sapinières à Abies alba calciphiles";"G3.12";"Sapinières à Abies alba calciphiles";"4"
"12244";"7";"G3.121 Sapinières calcicoles intra-alpines";"G3.121";"Sapinières calcicoles intra-alpines";"5"
"12255";"7";"G3.122 Sapinières calcicoles des Alpes externes";"G3.122";"Sapinières calcicoles des Alpes externes";"5"
"5700";"7";"G3.13 Sapinières à Abies alba acidophiles";"G3.13";"Sapinières à Abies alba acidophiles";"4"
"12258";"7";"G3.131 Sapinières acidophiles intra-alpines";"G3.131";"Sapinières acidophiles intra-alpines";"5"
"12259";"7";"G3.132 Sapinières acidophiles hercynio-alpines";"G3.132";"Sapinières acidophiles hercynio-alpines";"5"
"18480";"7";"G3.1321 Sapinières acidophiles périalpines";"G3.1321";"Sapinières acidophiles périalpines";"6"
"12271";"7";"G3.133 Sapinières à Rhododendron";"G3.133";"Sapinières à Rhododendron";"5"
"18483";"7";"G3.1331 Sapinières à Rhododendron pyrénéennes";"G3.1331";"Sapinières à Rhododendron pyrénéennes";"6"
"18484";"7";"G3.1332 Sapinières à Rhododendron alpines";"G3.1332";"Sapinières à Rhododendron alpines";"6"
"18358";"7";"G3.1333 Sapinières à Rhododendron sur blocs";"G3.1333";"Sapinières à Rhododendron sur blocs";"6"
"5593";"7";"G3.14 Sapinières à Abies alba corses";"G3.14";"Sapinières à Abies alba corses";"4"
"5679";"7";"G3.1B Pessières subalpines des Alpes et des Carpates";"G3.1B";"Pessières subalpines des Alpes et des Carpates";"4"
"12224";"7";"G3.1B1 Pessières à Airelles";"G3.1B1";"Pessières à Airelles";"5"
"12225";"7";"G3.1B2 Pessières subalpines à hautes herbes";"G3.1B2";"Pessières subalpines à hautes herbes";"5"
"18443";"7";"G3.1B21 Pessières subalpines à Adenostyles glabra";"G3.1B21";"Pessières subalpines à Adenostyles glabra";"6"
"18444";"7";"G3.1B22 Pessières subalpines à Adenostyles alliariae";"G3.1B22";"Pessières subalpines à Adenostyles alliariae";"6"
"12228";"7";"G3.1B3 Pessières subalpines humides";"G3.1B3";"Pessières subalpines humides";"5"
"12229";"7";"G3.1B4 Pessières subalpines xérophiles";"G3.1B4";"Pessières subalpines xérophiles";"5"
"12230";"7";"G3.1B5 Pessières des stations froides";"G3.1B5";"Pessières des stations froides";"5"
"5697";"7";"G3.1C Pessières montagnardes intra-massifs";"G3.1C";"Pessières montagnardes intra-massifs";"4"
"12245";"7";"G3.1C1 Pessières montagnardes intra-alpines acidophiles";"G3.1C1";"Pessières montagnardes intra-alpines acidophiles";"5"
"12246";"7";"G3.1C2 Pessières montagnardes intra-alpines calciphiles";"G3.1C2";"Pessières montagnardes intra-alpines calciphiles";"5"
"12260";"7";"G3.1C3 Pessières montagnardes intra-alpines à Gaillet";"G3.1C3";"Pessières montagnardes intra-alpines à Gaillet";"5"
"12261";"7";"G3.1C4 Pessières montagnardes intra-alpines à hautes herbes";"G3.1C4";"Pessières montagnardes intra-alpines à hautes herbes";"5"
"12262";"7";"G3.1C5 Pessières montagnardes intra-alpines tourbeuses";"G3.1C5";"Pessières montagnardes intra-alpines tourbeuses";"5"
"5598";"7";"G3.1F Pessières de Picea abies extrazonales";"G3.1F";"Pessières de Picea abies extrazonales";"4"
"12059";"7";"G3.1F1 Pessières subalpines du Jura";"G3.1F1";"Pessières subalpines du Jura";"5"
"12061";"7";"G3.1F3 Pessières périalpines à Bazzania";"G3.1F3";"Pessières périalpines à Bazzania";"5"
"12062";"7";"G3.1F4 Pessières montagnardes hercynio-alpines";"G3.1F4";"Pessières montagnardes hercynio-alpines";"5"
"18394";"7";"G3.1F41 Pessières montagnardes médio-européennes";"G3.1F41";"Pessières montagnardes médio-européennes";"6"
"5605";"7";"G3.1I Reboisements d'Abies";"G3.1I";"Reboisements d'Abies";"4"
"12085";"7";"G3.1I1 Reboisements d'Abies alba";"G3.1I1";"Reboisements d'Abies alba";"5"
"5606";"7";"G3.1J Reboisements de Picea abies";"G3.1J";"Reboisements de Picea abies";"4"
"1796";"7";"G3.2 Boisements alpins à Larix et Pinus cembra";"G3.2";"Boisements alpins à Larix et Pinus cembra";"3"
"5611";"7";"G3.23 Forêts occidentales à Larix, Pinus cembra et Pinus uncinata";"G3.23";"Forêts occidentales à Larix, Pinus cembra et Pinus uncinata";"4"
"5612";"7";"G3.24 Formations alpines secondaires à Larix";"G3.24";"Formations alpines secondaires à Larix";"4"
"1798";"7";"G3.3 Pinèdes à Pinus uncinata";"G3.3";"Pinèdes à Pinus uncinata";"3"
"5623";"7";"G3.31 Pinèdes de Pinus uncinata à Rhododendron ferrugineum";"G3.31";"Pinèdes de Pinus uncinata à Rhododendron ferrugineum";"4"
"12128";"7";"G3.311 Pinèdes de Pin à crochet à Rhododendron des Alpes externes";"G3.311";"Pinèdes de Pin à crochet à Rhododendron des Alpes externes";"5"
"12129";"7";"G3.312 Pinèdes de Pin à crochets à Rhododendron du Jura";"G3.312";"Pinèdes de Pin à crochets à Rhododendron du Jura";"5"
"12130";"7";"G3.313 Pinèdes de Pin à crochets à Rhododendron des Pyrénées";"G3.313";"Pinèdes de Pin à crochets à Rhododendron des Pyrénées";"5"
"5633";"7";"G3.32 Pinèdes à Pinus uncinata xéroclines";"G3.32";"Pinèdes à Pinus uncinata xéroclines";"4"
"12136";"7";"G3.321 Pinèdes à Pin à crochets intra-alpines";"G3.321";"Pinèdes à Pin à crochets intra-alpines";"5"
"12137";"7";"G3.322 Pinèdes de Pin à crochets à Genévrier et à Raisin d'ours des Alpes externes";"G3.322";"Pinèdes de Pin à crochets à Genévrier et à Raisin d'ours des Alpes externes";"5"
"12138";"7";"G3.323 Pinèdes à Pins à crochets du Ventoux";"G3.323";"Pinèdes à Pins à crochets du Ventoux";"5"
"12139";"7";"G3.324 Pinèdes à Pin à crochets des soulanes pyrénéennes";"G3.324";"Pinèdes à Pin à crochets des soulanes pyrénéennes";"5"
"18420";"7";"G3.3241 Pinèdes de Pin à crochets à Véronique";"G3.3241";"Pinèdes de Pin à crochets à Véronique";"6"
"18421";"7";"G3.3242 Pinèdes de Pin à crochets à Raisin d'ours pyrénéennes";"G3.3242";"Pinèdes de Pin à crochets à Raisin d'ours pyrénéennes";"6"
"12162";"7";"G3.325 Pinèdes de Pin à crochets à Pulsatille";"G3.325";"Pinèdes de Pin à crochets à Pulsatille";"5"
"5645";"7";"G3.33 Reboisements de Pinus uncinata";"G3.33";"Reboisements de Pinus uncinata";"4"
"1803";"7";"G3.4 Pinèdes à Pinus sylvestris au sud de la taïga";"G3.4";"Pinèdes à Pinus sylvestris au sud de la taïga";"3"
"5654";"7";"G3.42 Pinèdes à Pinus sylvestris médio-européennes";"G3.42";"Pinèdes à Pinus sylvestris médio-européennes";"4"
"12185";"7";"G3.421 Pinèdes à Pin sylvestre subcontinentales";"G3.421";"Pinèdes à Pin sylvestre subcontinentales";"5"
"18433";"7";"G3.4212 Pinèdes à Pin sylvestre des plaines occidentales";"G3.4212";"Pinèdes à Pin sylvestre des plaines occidentales";"6"
"12198";"7";"G3.422 Pinèdes à Pin sylvestre hercyniennes";"G3.422";"Pinèdes à Pin sylvestre hercyniennes";"5"
"18377";"7";"G3.4223 Pinèdes à Pin sylvestre des Vosges";"G3.4223";"Pinèdes à Pin sylvestre des Vosges";"6"
"12063";"7";"G3.423 Pinèdes steppiques de l'ouest de l'Eurasie";"G3.423";"Pinèdes steppiques de l'ouest de l'Eurasie";"5"
"18381";"7";"G3.4231 Pinèdes steppiques du Rhin";"G3.4231";"Pinèdes steppiques du Rhin";"6"
"5601";"7";"G3.43 Forêts steppiques intra-alpines à Ononis";"G3.43";"Forêts steppiques intra-alpines à Ononis";"4"
"5602";"7";"G3.44 Pinèdes de Pinus sylvestris à Bruyère des neiges";"G3.44";"Pinèdes de Pinus sylvestris à Bruyère des neiges";"4"
"12090";"7";"G3.441 Pinèdes de Pin sylvestre à Bruyère des neiges alpines";"G3.441";"Pinèdes de Pin sylvestre à Bruyère des neiges alpines";"5"
"5614";"7";"G3.45 Forêts steppiques intra-alpines à Minuartia laricifolia";"G3.45";"Forêts steppiques intra-alpines à Minuartia laricifolia";"4"
"5615";"7";"G3.46 Pinèdes à Pinus sylvestris mésophiles pyrénéennes";"G3.46";"Pinèdes à Pinus sylvestris mésophiles pyrénéennes";"4"
"12102";"7";"G3.461 Pinèdes à Pin sylvestre mésophiles calcicoles pyrénéennes";"G3.461";"Pinèdes à Pin sylvestre mésophiles calcicoles pyrénéennes";"5"
"12118";"7";"G3.462 Pinèdes à Pin sylvestre mésophiles silicicoles pyrénéennes";"G3.462";"Pinèdes à Pin sylvestre mésophiles silicicoles pyrénéennes";"5"
"5624";"7";"G3.47 Pinèdes à Pinus sylvestris du Massif central";"G3.47";"Pinèdes à Pinus sylvestris du Massif central";"4"
"5625";"7";"G3.48 Pinèdes à Pinus sylvestris mésophiles des Alpes sud-occidentales";"G3.48";"Pinèdes à Pinus sylvestris mésophiles des Alpes sud-occidentales";"4"
"5634";"7";"G3.49 Pinèdes à Pinus sylvestris supraméditerranéennes";"G3.49";"Pinèdes à Pinus sylvestris supraméditerranéennes";"4"
"5642";"7";"G3.4B Pinèdes à Pinus sylvestris ibériques silicicoles";"G3.4B";"Pinèdes à Pinus sylvestris ibériques silicicoles";"4"
"12140";"7";"G3.4B1 Pinèdes à Pin sylvestre pyrénéennes xérophiles";"G3.4B1";"Pinèdes à Pin sylvestre pyrénéennes xérophiles";"5"
"5657";"7";"G3.4F Reboisements de Pinus sylvestris européens";"G3.4F";"Reboisements de Pinus sylvestris européens";"4"
"1806";"7";"G3.5 Pinèdes à Pinus nigra";"G3.5";"Pinèdes à Pinus nigra";"3"
"5680";"7";"G3.53 Pinèdes à Pinus salzmannii";"G3.53";"Pinèdes à Pinus salzmannii";"4"
"12214";"7";"G3.531 Pinèdes à Pin de Salzmann des Causses";"G3.531";"Pinèdes à Pin de Salzmann des Causses";"5"
"12215";"7";"G3.532 Pinèdes à Pin de Salzmann pré-pyrénéennes";"G3.532";"Pinèdes à Pin de Salzmann pré-pyrénéennes";"5"
"5688";"7";"G3.54 Pinèdes corses à Pinus laricio";"G3.54";"Pinèdes corses à Pinus laricio";"4"
"5693";"7";"G3.57 Reboisements de Pinus nigra";"G3.57";"Reboisements de Pinus nigra";"4"
"1816";"7";"G3.7 Pinèdes méditerranéennes planitiaires à montagnardes (hors Pinus nigra)";"G3.7";"Pinèdes méditerranéennes planitiaires à montagnardes (hors Pinus nigra)";"3"
"5699";"7";"G3.71 Pinèdes à Pinus pinaster ssp. Atlantica maritimes";"G3.71";"Pinèdes à Pinus pinaster ssp. Atlantica maritimes";"4"
"12267";"7";"G3.711 Pinèdes à Pinus pinaster ssp. atlantica et à Quercus ilex des Charentes";"G3.711";"Pinèdes à Pinus pinaster ssp. atlantica et à Quercus ilex des Charentes";"5"
"12268";"7";"G3.712 Pinèdes de Pinus pinaster ssp. atlantica et à Quercus suber aquitaniennes";"G3.712";"Pinèdes de Pinus pinaster ssp. atlantica et à Quercus suber aquitaniennes";"5"
"12269";"7";"G3.713 Plantations de Pin maritime des Landes";"G3.713";"Plantations de Pin maritime des Landes";"5"
"5599";"7";"G3.72 Pinèdes à Pinus pinaster ssp. Pinaster (Pinus mesogeensis)";"G3.72";"Pinèdes à Pinus pinaster ssp. Pinaster (Pinus mesogeensis)";"4"
"12057";"7";"G3.722 Pinèdes à Pin mésogéen des Corbières";"G3.722";"Pinèdes à Pin mésogéen des Corbières";"5"
"12058";"7";"G3.723 Pinèdes à Pin mésogéen franco-italiennes";"G3.723";"Pinèdes à Pin mésogéen franco-italiennes";"5"
"12064";"7";"G3.724 Pinèdes à Pin mésogéen corses";"G3.724";"Pinèdes à Pin mésogéen corses";"5"
"5600";"7";"G3.73 Pinèdes à Pinus pinea";"G3.73";"Pinèdes à Pinus pinea";"4"
"12074";"7";"G3.733 Pinèdes à Pin parasol provençales";"G3.733";"Pinèdes à Pin parasol provençales";"5"
"12075";"7";"G3.734 Pinèdes à Pin parasol corses";"G3.734";"Pinèdes à Pin parasol corses";"5"
"5608";"7";"G3.74 Pinèdes à Pinus halepensis";"G3.74";"Pinèdes à Pinus halepensis";"4"
"12093";"7";"G3.743 Pinèdes à Pinus halepensis provenço-liguriennes";"G3.743";"Pinèdes à Pinus halepensis provenço-liguriennes";"5"
"12094";"7";"G3.744 Pinèdes à Pinus halepensis corses";"G3.744";"Pinèdes à Pinus halepensis corses";"5"
"1797";"7";"G3.9 Bois de conifères dominés par les Cupressaceae ou les Taxaceae";"G3.9";"Bois de conifères dominés par les Cupressaceae ou les Taxaceae";"3"
"5620";"7";"G3.92 Bois à Juniperus thurifera";"G3.92";"Bois à Juniperus thurifera";"4"
"12154";"7";"G3.927 Bois pyrénéens à Genévrier thurifère";"G3.927";"Bois pyrénéens à Genévrier thurifère";"5"
"12155";"7";"G3.928 Bois de Genévrier thurifère sud-alpins";"G3.928";"Bois de Genévrier thurifère sud-alpins";"5"
"12156";"7";"G3.929 Bois de Genévrier thurifère de l'Isère";"G3.929";"Bois de Genévrier thurifère de l'Isère";"5"
"12157";"7";"G3.92A Bois de Genévrier thurifère corses";"G3.92A";"Bois de Genévrier thurifère corses";"5"
"5630";"7";"G3.97 Bois de Taxus baccata du Paléarctique occidental";"G3.97";"Bois de Taxus baccata du Paléarctique occidental";"4"
"12168";"7";"G3.972 Bois d'If corses";"G3.972";"Bois d'If corses";"5"
"12172";"7";"G3.976 Bois d'If provençaux";"G3.976";"Bois d'If provençaux";"5"
"12173";"7";"G3.977 Bois d'If carpato-alpins";"G3.977";"Bois d'If carpato-alpins";"5"
"5648";"7";"G3.99 Bois de Juniperus oxycedrus";"G3.99";"Bois de Juniperus oxycedrus";"4"
"5636";"7";"G3.9A Bois de Juniperus phoenicea";"G3.9A";"Bois de Juniperus phoenicea";"4"
"1913";"7";"G3.E Forêts de conifères des tourbières némorales";"G3.E";"Forêts de conifères des tourbières némorales";"3"
"5889";"7";"G3.E1 Pinèdes tourbeuses à Pinus mugo";"G3.E1";"Pinèdes tourbeuses à Pinus mugo";"4"
"5834";"7";"G3.E2 Pinèdes tourbeuses à Pinus sylvestris némorales";"G3.E2";"Pinèdes tourbeuses à Pinus sylvestris némorales";"4"
"12335";"7";"G3.E22 Pinèdes tourbeuses à Pin sylvestre hercyniennes";"G3.E22";"Pinèdes tourbeuses à Pin sylvestre hercyniennes";"5"
"12336";"7";"G3.E23 Pinèdes tourbeuses à Pin sylvestre et Calamagrostide";"G3.E23";"Pinèdes tourbeuses à Pin sylvestre et Calamagrostide";"5"
"5845";"7";"G3.E5 Pessières à Sphaignes némorales";"G3.E5";"Pessières à Sphaignes némorales";"4"
"12342";"7";"G3.E51 Pessières à Sphaignes périalpines";"G3.E51";"Pessières à Sphaignes périalpines";"5"
"5846";"7";"G3.E6 Pessières tourbeuses némorales";"G3.E6";"Pessières tourbeuses némorales";"4"
"1897";"7";"G3.F Plantations très artificielles de conifères";"G3.F";"Plantations très artificielles de conifères";"3"
"5855";"7";"G3.F1 Plantations de conifères indigènes";"G3.F1";"Plantations de conifères indigènes";"4"
"12352";"7";"G3.F11 Plantations de Sapins, d'Épicéas, de Mélèzes et de Cèdres indigènes";"G3.F11";"Plantations de Sapins, d'Épicéas, de Mélèzes et de Cèdres indigènes";"5"
"12353";"7";"G3.F12 Plantations de Pins indigènes";"G3.F12";"Plantations de Pins indigènes";"5"
"12354";"7";"G3.F13 Plantations de Cyprès, de Genévriers, d'Ifs indigènes";"G3.F13";"Plantations de Cyprès, de Genévriers, d'Ifs indigènes";"5"
"5856";"7";"G3.F2 Plantations de conifères exotiques";"G3.F2";"Plantations de conifères exotiques";"4"
"12363";"7";"G3.F21 Plantations d'Épicéas, de Sapins, de Mélèzes, de Sapins de Douglas, de Cèdres exotiques";"G3.F21";"Plantations d'Épicéas, de Sapins, de Mélèzes, de Sapins de Douglas, de Cèdres exotiques";"5"
"12364";"7";"G3.F22 Plantations de Pins exotiques";"G3.F22";"Plantations de Pins exotiques";"5"
"12365";"7";"G3.F23 Autres plantations de conifères exotiques";"G3.F23";"Autres plantations de conifères exotiques";"5"
"653";"7";"G4 Formations mixtes d'espèces caducifoliées et de conifères";"G4";"Formations mixtes d'espèces caducifoliées et de conifères";"2"
"1901";"7";"G4.1 Forêts mixtes marécageuses";"G4.1";"Forêts mixtes marécageuses";"3"
"1911";"7";"G4.6 Forêts mixtes à Abies-Picea-Fagus";"G4.6";"Forêts mixtes à Abies-Picea-Fagus";"3"
"1830";"7";"G4.8 Forêts mixtes non riveraines à essences caducifoliées et conifères";"G4.8";"Forêts mixtes non riveraines à essences caducifoliées et conifères";"3"
"1831";"7";"G4.9 Forêts caducifoliées mixtes avec Cupressaceae ou Taxaceae";"G4.9";"Forêts caducifoliées mixtes avec Cupressaceae ou Taxaceae";"3"
"1833";"7";"G4.B Forêts mixtes méditerranéennes de Pinus et de Quercus thermophiles";"G4.B";"Forêts mixtes méditerranéennes de Pinus et de Quercus thermophiles";"3"
"1834";"7";"G4.C Boisements mixtes à Pinus sylvestris et à Quercus thermophiles";"G4.C";"Boisements mixtes à Pinus sylvestris et à Quercus thermophiles";"3"
"1835";"7";"G4.D Forêts mixtes de Pinus nigra et de Quercus sempervirents";"G4.D";"Forêts mixtes de Pinus nigra et de Quercus sempervirents";"3"
"1836";"7";"G4.E Forêts mixtes de pins méditerranéens et de chênes sempervirents";"G4.E";"Forêts mixtes de pins méditerranéens et de chênes sempervirents";"3"
"1837";"7";"G4.F Plantations forestières mixtes";"G4.F";"Plantations forestières mixtes";"3"
"624";"7";"G5 Alignements d'arbres, petits bois anthropiques, boisements récemment abattus, stades initiaux de boisements et taillis";"G5";"Alignements d'arbres, petits bois anthropiques, boisements récemment abattus, stades initiaux de boisements et taillis";"2"
"1849";"7";"G5.1 Alignements d'arbres";"G5.1";"Alignements d'arbres";"3"
"1850";"7";"G5.2 Petits bois anthropiques de feuillus caducifoliés";"G5.2";"Petits bois anthropiques de feuillus caducifoliés";"3"
"1851";"7";"G5.3 Petits bois anthropiques de feuillus sempervirents";"G5.3";"Petits bois anthropiques de feuillus sempervirents";"3"
"1852";"7";"G5.4 Petits bois anthropiques de conifères";"G5.4";"Petits bois anthropiques de conifères";"3"
"1858";"7";"G5.5 Petits bois anthropiques mixtes de feuillus et conifères";"G5.5";"Petits bois anthropiques mixtes de feuillus et conifères";"3"
"1859";"7";"G5.6 Stades initiaux et régénérations des forêts naturelles et semi-naturelles";"G5.6";"Stades initiaux et régénérations des forêts naturelles et semi-naturelles";"3"
"5743";"7";"G5.61 Prébois caducifoliés";"G5.61";"Prébois caducifoliés";"4"
"5744";"7";"G5.62 Prébois mixtes";"G5.62";"Prébois mixtes";"4"
"5745";"7";"G5.63 Prébois de conifères";"G5.63";"Prébois de conifères";"4"
"5746";"7";"G5.64 Prébois des tourbières hautes";"G5.64";"Prébois des tourbières hautes";"4"
"1860";"7";"G5.7 Taillis et stades initiaux des plantations";"G5.7";"Taillis et stades initiaux des plantations";"3"
"5754";"7";"G5.71 Taillis";"G5.71";"Taillis";"4"
"5755";"7";"G5.72 Stades initiaux des plantations de feuillus caducifoliés";"G5.72";"Stades initiaux des plantations de feuillus caducifoliés";"4"
"5756";"7";"G5.73 Stades initiaux des plantations de feuillus sempervirents";"G5.73";"Stades initiaux des plantations de feuillus sempervirents";"4"
"5757";"7";"G5.74 Stades initiaux des plantations de conifères";"G5.74";"Stades initiaux des plantations de conifères";"4"
"5758";"7";"G5.75 Stades initiaux des plantations mixtes de feuillus et conifères";"G5.75";"Stades initiaux des plantations mixtes de feuillus et conifères";"4"
"5759";"7";"G5.76 Arbres plantés en vue d'une récolte précoce de l'arbre entier";"G5.76";"Arbres plantés en vue d'une récolte précoce de l'arbre entier";"4"
"1862";"7";"G5.8 Coupes forestières récentes";"G5.8";"Coupes forestières récentes";"3"
"5765";"7";"G5.81 Coupes forestières récentes, occupées précédemment par des arbres feuillus";"G5.81";"Coupes forestières récentes, occupées précédemment par des arbres feuillus";"4"
"5766";"7";"G5.82 Coupes forestières récentes, occupées précédemment par des conifères";"G5.82";"Coupes forestières récentes, occupées précédemment par des conifères";"4"
"5767";"7";"G5.83 Coupes forestières récentes, occupées précédemment par des boisements mixtes de feuillus et de conifères";"G5.83";"Coupes forestières récentes, occupées précédemment par des boisements mixtes de feuillus et de conifères";"4"
"5768";"7";"G5.84 Clairières herbacées";"G5.84";"Clairières herbacées";"4"
"12297";"7";"G5.841 Clairières à Épilobe et Digitale";"G5.841";"Clairières à Épilobe et Digitale";"5"
"12298";"7";"G5.842 Clairières à Bardane et Belladone";"G5.842";"Clairières à Bardane et Belladone";"5"
"5769";"7";"G5.85 Clairières à couvert arbustif";"G5.85";"Clairières à couvert arbustif";"4"
"87";"7";"H Habitats continentaux sans végétation ou à végétation clairsemée";"H";"Habitats continentaux sans végétation ou à végétation clairsemée";"1"
"634";"7";"H1 Grottes, systèmes de grottes, passages et plans d'eau souterrains terrestres";"H1";"Grottes, systèmes de grottes, passages et plans d'eau souterrains terrestres";"2"
"1869";"7";"H1.1 Entrées des grottes";"H1.1";"Entrées des grottes";"3"
"1870";"7";"H1.2 Intérieurs des grottes";"H1.2";"Intérieurs des grottes";"3"
"5790";"7";"H1.21 Grottes à vertébrés troglobiontes";"H1.21";"Grottes à vertébrés troglobiontes";"4"
"12310";"7";"H1.212 Grottes à poissons troglobiontes";"H1.212";"Grottes à poissons troglobiontes";"5"
"5791";"7";"H1.22 Grottes à vertébrés subtroglophiles";"H1.22";"Grottes à vertébrés subtroglophiles";"4"
"12311";"7";"H1.221 Grottes continentales à vertébrés subtroglophiles";"H1.221";"Grottes continentales à vertébrés subtroglophiles";"5"
"12312";"7";"H1.222 Grottes insulaires à vertébrés subtroglophiles";"H1.222";"Grottes insulaires à vertébrés subtroglophiles";"5"
"5798";"7";"H1.23 Grottes à invertébrés troglobiontes";"H1.23";"Grottes à invertébrés troglobiontes";"4"
"12318";"7";"H1.231 Grottes tempérées à invertébrés troglobiontes";"H1.231";"Grottes tempérées à invertébrés troglobiontes";"5"
"12319";"7";"H1.232 Grottes glaciaires à invertébrés troglobiontes";"H1.232";"Grottes glaciaires à invertébrés troglobiontes";"5"
"12320";"7";"H1.233 Grottes hydrothermales à invertébrés troglobiontes";"H1.233";"Grottes hydrothermales à invertébrés troglobiontes";"5"
"12327";"7";"H1.234 Grottes soufrées à invertébrés troglobiontes";"H1.234";"Grottes soufrées à invertébrés troglobiontes";"5"
"5814";"7";"H1.24 Grottes à invertébrés troglophiles";"H1.24";"Grottes à invertébrés troglophiles";"4"
"5815";"7";"H1.25 Grottes à invertébrés subtroglophiles";"H1.25";"Grottes à invertébrés subtroglophiles";"4"
"5816";"7";"H1.26 Grottes sans vertébrés ni invertébrés";"H1.26";"Grottes sans vertébrés ni invertébrés";"4"
"1883";"7";"H1.3 Passages souterrains sombres";"H1.3";"Passages souterrains sombres";"3"
"1886";"7";"H1.5 Plans d'eau stagnante souterrains";"H1.5";"Plans d'eau stagnante souterrains";"3"
"5826";"7";"H1.51 Plans d'eau stagnante souterrains permanents";"H1.51";"Plans d'eau stagnante souterrains permanents";"4"
"5827";"7";"H1.52 Plans d'eau stagnante souterrains temporaires";"H1.52";"Plans d'eau stagnante souterrains temporaires";"4"
"1887";"7";"H1.6 Masses d'eau courante souterraines";"H1.6";"Masses d'eau courante souterraines";"3"
"5828";"7";"H1.61 Masses d'eau courante souterrains permanents";"H1.61";"Masses d'eau courante souterrains permanents";"4"
"5829";"7";"H1.62 Masses d'eau courante souterrains temporaires";"H1.62";"Masses d'eau courante souterrains temporaires";"4"
"1888";"7";"H1.7 Mines et tunnels souterrains désaffectés";"H1.7";"Mines et tunnels souterrains désaffectés";"3"
"650";"7";"H2 Éboulis";"H2";"Éboulis";"2"
"1891";"7";"H2.3 Éboulis siliceux acides des montagnes tempérées";"H2.3";"Éboulis siliceux acides des montagnes tempérées";"3"
"5847";"7";"H2.31 Éboulis siliceux alpins";"H2.31";"Éboulis siliceux alpins";"4"
"12344";"7";"H2.311 Éboulis à Oxyria à deux styles";"H2.311";"Éboulis à Oxyria à deux styles";"5"
"18502";"7";"H2.3111 Éboulis à Oxyria à deux styles des Alpes";"H2.3111";"Éboulis à Oxyria à deux styles des Alpes";"6"
"18503";"7";"H2.3112 Éboulis à Oxyria à deux styles des Alpes sud-occidentales";"H2.3112";"Éboulis à Oxyria à deux styles des Alpes sud-occidentales";"6"
"18504";"7";"H2.3113 Éboulis à Oxyria à deux styles pyrénéens";"H2.3113";"Éboulis à Oxyria à deux styles pyrénéens";"6"
"18505";"7";"H2.3114 Éboulis à Oxyria à deux styles corses";"H2.3114";"Éboulis à Oxyria à deux styles corses";"6"
"12345";"7";"H2.312 Éboulis à Androsace";"H2.312";"Éboulis à Androsace";"5"
"12355";"7";"H2.313 Éboulis à Luzule marron";"H2.313";"Éboulis à Luzule marron";"5"
"18515";"7";"H2.3131 Éboulis des Alpes à Luzule";"H2.3131";"Éboulis des Alpes à Luzule";"6"
"12356";"7";"H2.314 Éboulis silicatés et froids à gros blocs";"H2.314";"Éboulis silicatés et froids à gros blocs";"5"
"5863";"7";"H2.32 Éboulis siliceux médio-européens des hautes terres";"H2.32";"Éboulis siliceux médio-européens des hautes terres";"4"
"1903";"7";"H2.4 Éboulis calcaires et ultrabasiques des zones montagneuses tempérées";"H2.4";"Éboulis calcaires et ultrabasiques des zones montagneuses tempérées";"3"
"5865";"7";"H2.41 Éboulis des Alpes sur calcschistes";"H2.41";"Éboulis des Alpes sur calcschistes";"4"
"5866";"7";"H2.42 Éboulis à Thlaspi rotundifolium";"H2.42";"Éboulis à Thlaspi rotundifolium";"4"
"5867";"7";"H2.43 Éboulis calcaires fins";"H2.43";"Éboulis calcaires fins";"4"
"12370";"7";"H2.431 Éboulis à Pétasite";"H2.431";"Éboulis à Pétasite";"5"
"12371";"7";"H2.432 Éboulis à Liondent des montagnes";"H2.432";"Éboulis à Liondent des montagnes";"5"
"1912";"7";"H2.5 Éboulis siliceux acides des expositions chaudes";"H2.5";"Éboulis siliceux acides des expositions chaudes";"3"
"5880";"7";"H2.51 Éboulis pyrénéo-alpins siliceux thermophiles";"H2.51";"Éboulis pyrénéo-alpins siliceux thermophiles";"4"
"5882";"7";"H2.53 Éboulis ibéro-pyrénéens acidophiles à fougères";"H2.53";"Éboulis ibéro-pyrénéens acidophiles à fougères";"4"
"1824";"7";"H2.6 Éboulis calcaires et ultrabasiques des expositions chaudes";"H2.6";"Éboulis calcaires et ultrabasiques des expositions chaudes";"3"
"5709";"7";"H2.61 Éboulis thermophiles périalpins";"H2.61";"Éboulis thermophiles périalpins";"4"
"12277";"7";"H2.611 Éboulis à Calamagrostide argentée";"H2.611";"Éboulis à Calamagrostide argentée";"5"
"12278";"7";"H2.612 Éboulis calcaires submontagnards";"H2.612";"Éboulis calcaires submontagnards";"5"
"18487";"7";"H2.6121 Éboulis à Galéopsis à feuilles étroites";"H2.6121";"Éboulis à Galéopsis à feuilles étroites";"6"
"18488";"7";"H2.6122 Éboulis à Oseille ronde";"H2.6122";"Éboulis à Oseille ronde";"6"
"18489";"7";"H2.6123 Éboulis calcaires à fougères";"H2.6123";"Éboulis calcaires à fougères";"6"
"18490";"7";"H2.6124 Éboulis à Dompte-venin";"H2.6124";"Éboulis à Dompte-venin";"6"
"12285";"7";"H2.613 Éboulis du Bassin parisien";"H2.613";"Éboulis du Bassin parisien";"5"
"5726";"7";"H2.62 Éboulis cévenno-provençaux";"H2.62";"Éboulis cévenno-provençaux";"4"
"5727";"7";"H2.63 Éboulis calcaires pyrénéens";"H2.63";"Éboulis calcaires pyrénéens";"4"
"5728";"7";"H2.64 Éboulis calcaires oro-cantabriques";"H2.64";"Éboulis calcaires oro-cantabriques";"4"
"5729";"7";"H2.65 Éboulis calciphiles ibériques à fougères";"H2.65";"Éboulis calciphiles ibériques à fougères";"4"
"625";"7";"H3 Falaises continentales, pavements rocheux et affleurements rocheux";"H3";"Falaises continentales, pavements rocheux et affleurements rocheux";"2"
"1863";"7";"H3.1 Falaises continentales siliceuses acides";"H3.1";"Falaises continentales siliceuses acides";"3"
"5760";"7";"H3.11 Falaises siliceuses montagnardes médio-européennes";"H3.11";"Falaises siliceuses montagnardes médio-européennes";"4"
"12295";"7";"H3.111 Falaises siliceuses médio-européennes de haute altitude";"H3.111";"Falaises siliceuses médio-européennes de haute altitude";"5"
"12296";"7";"H3.112 Falaises siliceuses montagnardes et collinéennes hercynio-alpines";"H3.112";"Falaises siliceuses montagnardes et collinéennes hercynio-alpines";"5"
"12299";"7";"H3.113 Falaises de serpentine hercynio-alpines";"H3.113";"Falaises de serpentine hercynio-alpines";"5"
"5771";"7";"H3.13 Falaises siliceuses des Alpes sud-occidentales";"H3.13";"Falaises siliceuses des Alpes sud-occidentales";"4"
"5772";"7";"H3.14 Falaises montagnardes et alpines cyrno-sardes";"H3.14";"Falaises montagnardes et alpines cyrno-sardes";"4"
"5779";"7";"H3.16 Falaises siliceuses montagnardes péripyrénéennes";"H3.16";"Falaises siliceuses montagnardes péripyrénéennes";"4"
"5781";"7";"H3.18 Falaises siliceuses thermophiles ouest-méditerranéennes";"H3.18";"Falaises siliceuses thermophiles ouest-méditerranéennes";"4"
"5792";"7";"H3.1B Falaises continentales siliceuses nues";"H3.1B";"Falaises continentales siliceuses nues";"4"
"12313";"7";"H3.1B1 Falaises siliceuses de haute altitude et arctiques";"H3.1B1";"Falaises siliceuses de haute altitude et arctiques";"5"
"12314";"7";"H3.1B2 Falaises siliceuses montagnardes";"H3.1B2";"Falaises siliceuses montagnardes";"5"
"12316";"7";"H3.1B4 Falaises siliceuses némorales de basse altitude";"H3.1B4";"Falaises siliceuses némorales de basse altitude";"5"
"12317";"7";"H3.1B5 Falaises siliceuses méditerranéennes";"H3.1B5";"Falaises siliceuses méditerranéennes";"5"
"5793";"7";"H3.1C Carrières de silice désaffectées";"H3.1C";"Carrières de silice désaffectées";"4"
"1872";"7";"H3.2 Falaises continentales basiques et ultrabasiques";"H3.2";"Falaises continentales basiques et ultrabasiques";"3"
"5799";"7";"H3.21 Communautés chasmophytiques calcicoles euméditerranéennes tyrrhénio-adriatiques";"H3.21";"Communautés chasmophytiques calcicoles euméditerranéennes tyrrhénio-adriatiques";"4"
"12321";"7";"H3.211 Falaises à Doradille de Pétrarque";"H3.211";"Falaises à Doradille de Pétrarque";"5"
"12324";"7";"H3.214 Falaises à Chou insulaire";"H3.214";"Falaises à Chou insulaire";"5"
"18491";"7";"H3.2143 Falaises ouest-méditerranéennes à Polypode";"H3.2143";"Falaises ouest-méditerranéennes à Polypode";"6"
"5830";"7";"H3.22 Communautés chasmophytiques calcicoles des Pyrénées centrales";"H3.22";"Communautés chasmophytiques calcicoles des Pyrénées centrales";"4"
"5831";"7";"H3.23 Communautés chasmophytiques calcicoles liguro-apennines";"H3.23";"Communautés chasmophytiques calcicoles liguro-apennines";"4"
"5836";"7";"H3.25 Communautés chasmophytiques alpines et subméditerranéennes";"H3.25";"Communautés chasmophytiques alpines et subméditerranéennes";"4"
"12339";"7";"H3.251 Communautés héliophiles des falaises calcaires alpines";"H3.251";"Communautés héliophiles des falaises calcaires alpines";"5"
"12340";"7";"H3.252 Falaises calcaires médio-européennes à fougères";"H3.252";"Falaises calcaires médio-européennes à fougères";"5"
"5871";"7";"H3.2E Falaises continentales calcaires nues";"H3.2E";"Falaises continentales calcaires nues";"4"
"12366";"7";"H3.2E1 Falaises calcaires de haute altitude et arctiques";"H3.2E1";"Falaises calcaires de haute altitude et arctiques";"5"
"12367";"7";"H3.2E2 Falaises calcaires des montagnes";"H3.2E2";"Falaises calcaires des montagnes";"5"
"12369";"7";"H3.2E4 Falaises calcaires némorales de basse altitude";"H3.2E4";"Falaises calcaires némorales de basse altitude";"5"
"12279";"7";"H3.2E5 Falaises calcaires méditerranéennes";"H3.2E5";"Falaises calcaires méditerranéennes";"5"
"5710";"7";"H3.2F Carrières désaffectées de craie et de calcaire";"H3.2F";"Carrières désaffectées de craie et de calcaire";"4"
"5712";"7";"H3.2H Falaises continentales basaltiques et ultrabasiques nues";"H3.2H";"Falaises continentales basaltiques et ultrabasiques nues";"4"
"12280";"7";"H3.2H1 Falaises basaltiques et ultrabasiques de haute altitude et arctiques";"H3.2H1";"Falaises basaltiques et ultrabasiques de haute altitude et arctiques";"5"
"12281";"7";"H3.2H2 Falaises basaltiques et ultrabasiques des montagnes";"H3.2H2";"Falaises basaltiques et ultrabasiques des montagnes";"5"
"12283";"7";"H3.2H4 Falaises basaltiques et ultrabasiques némorales de basse altitude";"H3.2H4";"Falaises basaltiques et ultrabasiques némorales de basse altitude";"5"
"12284";"7";"H3.2H5 Falaises basaltiques et ultrabasiques méditerranéennes";"H3.2H5";"Falaises basaltiques et ultrabasiques méditerranéennes";"5"
"1839";"7";"H3.4 Falaises continentales humides";"H3.4";"Falaises continentales humides";"3"
"5723";"7";"H3.41 Falaises continentales humides méditerranéennes";"H3.41";"Falaises continentales humides méditerranéennes";"4"
"5724";"7";"H3.42 Falaises continentales humides septentrionales";"H3.42";"Falaises continentales humides septentrionales";"4"
"1853";"7";"H3.5 Pavements rocheux quasi nus, y compris pavements calcaires";"H3.5";"Pavements rocheux quasi nus, y compris pavements calcaires";"3"
"5736";"7";"H3.51 Pavements, dalles rocheuses, dômes rocheux";"H3.51";"Pavements, dalles rocheuses, dômes rocheux";"4"
"12290";"7";"H3.511 Pavements calcaires";"H3.511";"Pavements calcaires";"5"
"1861";"7";"H3.6 Affleurements et rochers érodés";"H3.6";"Affleurements et rochers érodés";"3"
"5752";"7";"H3.61 Affleurements et rochers érodés nus";"H3.61";"Affleurements et rochers érodés nus";"4"
"5753";"7";"H3.62 Affleurements et rochers érodés à végétation clairsemée";"H3.62";"Affleurements et rochers érodés à végétation clairsemée";"4"
"626";"7";"H4 Habitats dominés par la neige ou la glace";"H4";"Habitats dominés par la neige ou la glace";"2"
"1864";"7";"H4.1 Névés";"H4.1";"Névés";"3"
"1865";"7";"H4.2 Calottes glaciaires et glaciers vrais";"H4.2";"Calottes glaciaires et glaciers vrais";"3"
"5762";"7";"H4.22 Glaciers de cirque et de vallée";"H4.22";"Glaciers de cirque et de vallée";"4"
"5763";"7";"H4.23 Petits glaciers (Glacierets)";"H4.23";"Petits glaciers (Glacierets)";"4"
"1866";"7";"H4.3 Glaciers rocheux et moraines sans végétation à dominance de glace";"H4.3";"Glaciers rocheux et moraines sans végétation à dominance de glace";"3"
"5764";"7";"H4.31 Glaciers rocheux";"H4.31";"Glaciers rocheux";"4"
"5774";"7";"H4.32 Moraines à cœur de glace";"H4.32";"Moraines à cœur de glace";"4"
"630";"7";"H5 Habitats continentaux divers sans végétation ou à végétation clairsemée";"H5";"Habitats continentaux divers sans végétation ou à végétation clairsemée";"2"
"1868";"7";"H5.2 Moraines glaciaires avec peu ou pas de végétation";"H5.2";"Moraines glaciaires avec peu ou pas de végétation";"3"
"5777";"7";"H5.21 Jeunes moraines glaciaires sans végétation";"H5.21";"Jeunes moraines glaciaires sans végétation";"4"
"5778";"7";"H5.22 Moraines glaciaires faiblement végétalisées";"H5.22";"Moraines glaciaires faiblement végétalisées";"4"
"1871";"7";"H5.3 Habitats sans végétation ou à végétation clairsemée sur substrats minéraux ne résultant pas d'une activité glaciaire récente";"H5.3";"Habitats sans végétation ou à végétation clairsemée sur substrats minéraux ne résultant pas d'une activité glaciaire récente";"3"
"5784";"7";"H5.31 Argile et limon avec peu ou pas de végétation";"H5.31";"Argile et limon avec peu ou pas de végétation";"4"
"5785";"7";"H5.32 Sable stable avec peu ou pas de végétation";"H5.32";"Sable stable avec peu ou pas de végétation";"4"
"5786";"7";"H5.33 Dunes lacustres";"H5.33";"Dunes lacustres";"4"
"12306";"7";"H5.331 Dunes lacustres du lac Léman";"H5.331";"Dunes lacustres du lac Léman";"5"
"5788";"7";"H5.35 Graviers avec peu ou pas de végétation";"H5.35";"Graviers avec peu ou pas de végétation";"4"
"5789";"7";"H5.36 Sols rocheux peu profonds sans végétation ou à végétation clairsemée";"H5.36";"Sols rocheux peu profonds sans végétation ou à végétation clairsemée";"4"
"5794";"7";"H5.37 Champs de blocs";"H5.37";"Champs de blocs";"4"
"1873";"7";"H5.4 Substrats organiques secs avec peu ou pas de végétation";"H5.4";"Substrats organiques secs avec peu ou pas de végétation";"3"
"1874";"7";"H5.5 Zones incendiées avec peu ou pas de végétation";"H5.5";"Zones incendiées avec peu ou pas de végétation";"3"
"5795";"7";"H5.51 Sols incendiées récemment sans végétation";"H5.51";"Sols incendiées récemment sans végétation";"4"
"5796";"7";"H5.52 Zones incendiées faiblement végétalisées";"H5.52";"Zones incendiées faiblement végétalisées";"4"
"1875";"7";"H5.6 Zones piétinées";"H5.6";"Zones piétinées";"3"
"5797";"7";"H5.61 Sentiers";"H5.61";"Sentiers";"4"
"637";"7";"H6 Reliefs volcaniques récents";"H6";"Reliefs volcaniques récents";"2"
"1876";"7";"H6.1 Reliefs volcaniques actifs";"H6.1";"Reliefs volcaniques actifs";"3"
"5820";"7";"H6.17 Fumerolles, solfatares et mofettes périalpines";"H6.17";"Fumerolles, solfatares et mofettes périalpines";"4"
"88";"7";"I Habitats agricoles, horticoles et domestiques régulièrement ou récemment cultivés";"I";"Habitats agricoles, horticoles et domestiques régulièrement ou récemment cultivés";"1"
"651";"7";"I1 Cultures et jardins maraîchers";"I1";"Cultures et jardins maraîchers";"2"
"1892";"7";"I1.1 Monocultures intensives";"I1.1";"Monocultures intensives";"3"
"5839";"7";"I1.11 Grandes monocultures intensives (> 25ha)";"I1.11";"Grandes monocultures intensives (> 25ha)";"4"
"5840";"7";"I1.12 Monocultures intensives de taille moyenne (1-25ha)";"I1.12";"Monocultures intensives de taille moyenne (1-25ha)";"4"
"5841";"7";"I1.13 Petites monocultures intensives (< 1ha)";"I1.13";"Petites monocultures intensives (< 1ha)";"4"
"1893";"7";"I1.2 Cultures mixtes des jardins maraîchers et horticulture";"I1.2";"Cultures mixtes des jardins maraîchers et horticulture";"3"
"5842";"7";"I1.21 Jardins maraîchers et horticulture à grande échelle";"I1.21";"Jardins maraîchers et horticulture à grande échelle";"4"
"5843";"7";"I1.22 Jardins maraîchers et horticulture à petite échelle, incluant les jardins ouvriers";"I1.22";"Jardins maraîchers et horticulture à petite échelle, incluant les jardins ouvriers";"4"
"1894";"7";"I1.3 Terres arables à monocultures extensives";"I1.3";"Terres arables à monocultures extensives";"3"
"1895";"7";"I1.4 Cultures inondées ou inondables, y compris les rizières";"I1.4";"Cultures inondées ou inondables, y compris les rizières";"3"
"1896";"7";"I1.5 Friches, jachères ou terres arables récemment abandonnées";"I1.5";"Friches, jachères ou terres arables récemment abandonnées";"3"
"5850";"7";"I1.51 Terres labourées nues";"I1.51";"Terres labourées nues";"4"
"5851";"7";"I1.52 Jachères non inondées avec communautés rudérales annuelles";"I1.52";"Jachères non inondées avec communautés rudérales annuelles";"4"
"5852";"7";"I1.53 Jachères non inondées avec communautés rudérales annuelles ou vivaces";"I1.53";"Jachères non inondées avec communautés rudérales annuelles ou vivaces";"4"
"5853";"7";"I1.54 Jachères inondées avec communautés rudérales annuelles";"I1.54";"Jachères inondées avec communautés rudérales annuelles";"4"
"5854";"7";"I1.55 Jachères inondées avec communautés rudérales annuelles ou vivaces";"I1.55";"Jachères inondées avec communautés rudérales annuelles ou vivaces";"4"
"652";"7";"I2 Zones cultivées des jardins et des parcs";"I2";"Zones cultivées des jardins et des parcs";"2"
"1898";"7";"I2.1 Grands jardins ornementaux";"I2.1";"Grands jardins ornementaux";"3"
"5858";"7";"I2.11 Parterres, tonnelles et massifs d'arbustes des jardins publics";"I2.11";"Parterres, tonnelles et massifs d'arbustes des jardins publics";"4"
"5859";"7";"I2.12 Jardins botaniques";"I2.12";"Jardins botaniques";"4"
"1899";"7";"I2.2 Petits jardins ornementaux et domestiques";"I2.2";"Petits jardins ornementaux et domestiques";"3"
"5860";"7";"I2.21 Jardins ornementaux";"I2.21";"Jardins ornementaux";"4"
"5861";"7";"I2.22 Jardins potagers de subsistance";"I2.22";"Jardins potagers de subsistance";"4"
"5862";"7";"I2.23 Petits parcs et squares citadins";"I2.23";"Petits parcs et squares citadins";"4"
"1900";"7";"I2.3 Zones de jardins abandonnées récemment";"I2.3";"Zones de jardins abandonnées récemment";"3"
"89";"7";"J Zones bâties, sites industriels et autres habitats artificiels";"J";"Zones bâties, sites industriels et autres habitats artificiels";"1"
"654";"7";"J1 Bâtiments des villes et des villages";"J1";"Bâtiments des villes et des villages";"2"
"1904";"7";"J1.1 Bâtiments résidentiels des villes et des centres-villes";"J1.1";"Bâtiments résidentiels des villes et des centres-villes";"3"
"1905";"7";"J1.2 Bâtiments résidentiels des villages et des périphéries urbaines";"J1.2";"Bâtiments résidentiels des villages et des périphéries urbaines";"3"
"1906";"7";"J1.3 Bâtiments publics des zones urbaines et périphériques";"J1.3";"Bâtiments publics des zones urbaines et périphériques";"3"
"5872";"7";"J1.31 Murs des vieilles villes";"J1.31";"Murs des vieilles villes";"4"
"1907";"7";"J1.4 Sites industriels et commerciaux en activité des zones urbaines et périphériques";"J1.4";"Sites industriels et commerciaux en activité des zones urbaines et périphériques";"3"
"5873";"7";"J1.41 Unités commerciales urbaines et suburbaines";"J1.41";"Unités commerciales urbaines et suburbaines";"4"
"5874";"7";"J1.42 Usines des zones urbaines et suburbaines";"J1.42";"Usines des zones urbaines et suburbaines";"4"
"1817";"7";"J1.5 Constructions abandonnées des villes et des villages";"J1.5";"Constructions abandonnées des villes et des villages";"3"
"5702";"7";"J1.51 Terrains vagues des zones urbaines et suburbaines";"J1.51";"Terrains vagues des zones urbaines et suburbaines";"4"
"1818";"7";"J1.6 Sites de construction et de démolition en zones urbaines et suburbaines";"J1.6";"Sites de construction et de démolition en zones urbaines et suburbaines";"3"
"1819";"7";"J1.7 Habitats résidentiels très denses, temporaires";"J1.7";"Habitats résidentiels très denses, temporaires";"3"
"620";"7";"J2 Constructions à faible densité";"J2";"Constructions à faible densité";"2"
"1820";"7";"J2.1 Habitats résidentiels dispersés";"J2.1";"Habitats résidentiels dispersés";"3"
"1821";"7";"J2.2 Bâtiments ruraux publics";"J2.2";"Bâtiments ruraux publics";"3"
"1822";"7";"J2.3 Sites industriels et commerciaux encore en activité en zone rurale";"J2.3";"Sites industriels et commerciaux encore en activité en zone rurale";"3"
"5703";"7";"J2.31 Unités commerciales rurales";"J2.31";"Unités commerciales rurales";"4"
"5704";"7";"J2.32 Sites industriels ruraux";"J2.32";"Sites industriels ruraux";"4"
"1825";"7";"J2.4 Constructions agricoles";"J2.4";"Constructions agricoles";"3"
"5713";"7";"J2.41 Bâtiments agricoles (non isolés)";"J2.41";"Bâtiments agricoles (non isolés)";"4"
"5714";"7";"J2.42 Bâtiments agricoles isolés";"J2.42";"Bâtiments agricoles isolés";"4"
"5715";"7";"J2.43 Serres";"J2.43";"Serres";"4"
"1826";"7";"J2.5 Délimitations construites";"J2.5";"Délimitations construites";"3"
"5716";"7";"J2.51 Clôtures";"J2.51";"Clôtures";"4"
"5717";"7";"J2.52 Murs de champs";"J2.52";"Murs de champs";"4"
"5718";"7";"J2.53 Digues en milieu marin";"J2.53";"Digues en milieu marin";"4"
"1827";"7";"J2.6 Constructions abandonnées en milieu rural";"J2.6";"Constructions abandonnées en milieu rural";"3"
"5719";"7";"J2.61 Terrains vagues des constructions rurales abandonnées";"J2.61";"Terrains vagues des constructions rurales abandonnées";"4"
"1828";"7";"J2.7 Sites ruraux de construction et de démolition";"J2.7";"Sites ruraux de construction et de démolition";"3"
"621";"7";"J3 Sites industriels d'extraction";"J3";"Sites industriels d'extraction";"2"
"1829";"7";"J3.1 Mines souterraines en activité";"J3.1";"Mines souterraines en activité";"3"
"1840";"7";"J3.2 Sites d'extraction minière à ciel ouvert en activité, y compris les carrières";"J3.2";"Sites d'extraction minière à ciel ouvert en activité, y compris les carrières";"3"
"1841";"7";"J3.3 Zones de surface récemment abandonnées de sites industriels d'extraction";"J3.3";"Zones de surface récemment abandonnées de sites industriels d'extraction";"3"
"622";"7";"J4 Réseaux de transport et autres zones de construction à surface dure";"J4";"Réseaux de transport et autres zones de construction à surface dure";"2"
"1842";"7";"J4.1 Sites routiers, ferroviaires et autres constructions désaffectées sur des surfaces dures";"J4.1";"Sites routiers, ferroviaires et autres constructions désaffectées sur des surfaces dures";"3"
"1843";"7";"J4.2 Réseaux routiers";"J4.2";"Réseaux routiers";"3"
"1844";"7";"J4.3 Réseaux ferroviaires";"J4.3";"Réseaux ferroviaires";"3"
"1845";"7";"J4.4 Pistes d'aviation et aires de stationnement des aéroports";"J4.4";"Pistes d'aviation et aires de stationnement des aéroports";"3"
"1846";"7";"J4.5 Surfaces dures des ports";"J4.5";"Surfaces dures des ports";"3"
"1847";"7";"J4.6 Surfaces pavées et espaces récréatifs";"J4.6";"Surfaces pavées et espaces récréatifs";"3"
"1848";"7";"J4.7 Parties construites des cimetières";"J4.7";"Parties construites des cimetières";"3"
"623";"7";"J5 Plans d'eau construits très artificiels et structures connexes";"J5";"Plans d'eau construits très artificiels et structures connexes";"2"
"1854";"7";"J5.1 Plans d'eau stagnante salée et saumâtre très artificiels";"J5.1";"Plans d'eau stagnante salée et saumâtre très artificiels";"3"
"5737";"7";"J5.11 Lagunes industrielles et canaux salés et saumâtres";"J5.11";"Lagunes industrielles et canaux salés et saumâtres";"4"
"5738";"7";"J5.12 Salines";"J5.12";"Salines";"4"
"1855";"7";"J5.2 Eaux courantes très artificielles salées et saumâtres";"J5.2";"Eaux courantes très artificielles salées et saumâtres";"3"
"1856";"7";"J5.3 Eaux stagnantes très artificielles non salées";"J5.3";"Eaux stagnantes très artificielles non salées";"3"
"5739";"7";"J5.31 Étangs et lacs à substrat entièrement artificiel";"J5.31";"Étangs et lacs à substrat entièrement artificiel";"4"
"5740";"7";"J5.32 Étangs piscicoles gérés de façon intensive";"J5.32";"Étangs piscicoles gérés de façon intensive";"4"
"5741";"7";"J5.33 Réservoirs de stockage d'eau";"J5.33";"Réservoirs de stockage d'eau";"4"
"5742";"7";"J5.34 Plans d'eau stagnante des sites industriels d'extraction chimique extrême";"J5.34";"Plans d'eau stagnante des sites industriels d'extraction chimique extrême";"4"
"1857";"7";"J5.4 Eaux courantes très artificielles non salées";"J5.4";"Eaux courantes très artificielles non salées";"3"
"5806";"7";"J5.41 Canaux d'eau non salée complètement artificiels";"J5.41";"Canaux d'eau non salée complètement artificiels";"4"
"12325";"7";"J5.411 Égouts";"J5.411";"Égouts";"5"
"5807";"7";"J5.42 Évacuations des sites industriels d'extraction chimique extrême";"J5.42";"Évacuations des sites industriels d'extraction chimique extrême";"4"
"5808";"7";"J5.43 Cours d'eau souterrains artificiels";"J5.43";"Cours d'eau souterrains artificiels";"4"
"1877";"7";"J5.5 Fontaines et cascades non salées fortement artificielles";"J5.5";"Fontaines et cascades non salées fortement artificielles";"3"
"645";"7";"J6 Dépôts de déchets";"J6";"Dépôts de déchets";"2"
"1878";"7";"J6.1 Déchets provenant de la construction et de la démolition de bâtiments";"J6.1";"Déchets provenant de la construction et de la démolition de bâtiments";"3"
"1879";"7";"J6.2 Déchets ménagers et sites d'enfouissement";"J6.2";"Déchets ménagers et sites d'enfouissement";"3"
"1880";"7";"J6.3 Déchets organiques non agricoles";"J6.3";"Déchets organiques non agricoles";"3"
"5809";"7";"J6.31 Stations d'épuration des eaux usées et bassins de décantation";"J6.31";"Stations d'épuration des eaux usées et bassins de décantation";"4"
"12326";"7";"J6.311 Déchets organiques solides";"J6.311";"Déchets organiques solides";"5"
"1881";"7";"J6.4 Déchets agricoles et horticoles";"J6.4";"Déchets agricoles et horticoles";"3"
"5810";"7";"J6.41 Déchets agricoles et horticoles solides";"J6.41";"Déchets agricoles et horticoles solides";"4"
"5811";"7";"J6.42 Déchets agricoles liquides (lisier)";"J6.42";"Déchets agricoles liquides (lisier)";"4"
"1882";"7";"J6.5 Déchets industriels";"J6.5";"Déchets industriels";"3"
"5812";"7";"J6.51 Terrils miniers";"J6.51";"Terrils miniers";"4"
"5813";"7";"J6.52 Amas de détritus et restes industriels";"J6.52";"Amas de détritus et restes industriels";"4"
"86";"7";"X Complexes d'habitats";"X";"Complexes d'habitats";"1"
"627";"7";"X01 Estuaires";"X01";"Estuaires";"2"
"635";"7";"X02 Lagunes littorales salées";"X02";"Lagunes littorales salées";"2"
"636";"7";"X03 Lagunes littorales saumâtres";"X03";"Lagunes littorales saumâtres";"2"
"646";"7";"X04 Complexes de tourbières hautes";"X04";"Complexes de tourbières hautes";"2"
"647";"7";"X05 Combes à neige";"X05";"Combes à neige";"2"
"648";"7";"X06 Cultures ombragées par des arbres";"X06";"Cultures ombragées par des arbres";"2"
"649";"7";"X07 Cultures intensives parsemées de bandes de végétation naturelle et/ou semi-naturelle";"X07";"Cultures intensives parsemées de bandes de végétation naturelle et/ou semi-naturelle";"2"
"628";"7";"X09 Pâturages boisés (avec une strate arborée recouvrant le pâturage)";"X09";"Pâturages boisés (avec une strate arborée recouvrant le pâturage)";"2"
"629";"7";"X10 Bocages";"X10";"Bocages";"2"
"638";"7";"X11 Grands parcs";"X11";"Grands parcs";"2"
"639";"7";"X13 Terrains faiblement boisés avec des arbres feuillus caducifoliés";"X13";"Terrains faiblement boisés avec des arbres feuillus caducifoliés";"2"
"640";"7";"X14 Terrains faiblement boisés avec des arbres feuillus sempervirents";"X14";"Terrains faiblement boisés avec des arbres feuillus sempervirents";"2"
"641";"7";"X15 Terrains faiblement boisés avec des conifères";"X15";"Terrains faiblement boisés avec des conifères";"2"
"642";"7";"X16 Terrains faiblement boisés avec des arbres feuillus et des conifères";"X16";"Terrains faiblement boisés avec des arbres feuillus et des conifères";"2"
"631";"7";"X20 Écotones de la limite de développement des arbres";"X20";"Écotones de la limite de développement des arbres";"2"
"632";"7";"X22 Petits jardins non domestiques des centres-villes";"X22";"Petits jardins non domestiques des centres-villes";"2"
"633";"7";"X23 Grands jardins non domestiques";"X23";"Grands jardins non domestiques";"2"
"655";"7";"X24 Jardins domestiques des villes et des centres-villes";"X24";"Jardins domestiques des villes et des centres-villes";"2"
"656";"7";"X25 Jardins domestiques des villages et des périphéries urbaines";"X25";"Jardins domestiques des villages et des périphéries urbaines";"2"
"658";"7";"X28 Complexes de tourbières de couverture";"X28";"Complexes de tourbières de couverture";"2"
"661";"7";"X31 Mosaïques de substrats mobiles et non-mobile de la zone intertidale";"X31";"Mosaïques de substrats mobiles et non-mobile de la zone intertidale";"2"
"662";"7";"X32 Mosaïques de substrats mobiles et non-mobile de l'infralittoral";"X32";"Mosaïques de substrats mobiles et non-mobile de l'infralittoral";"2"
"663";"7";"X33 Mosaïques de substrats mobiles et non-mobiles du circalittoral";"X33";"Mosaïques de substrats mobiles et non-mobiles du circalittoral";"2"
"664";"7";"X34 Grottes anchialines";"X34";"Grottes anchialines";"2"
"200";"8";"1 Habitats côtiers et végétations halophytiques";"1";"Habitats côtiers et végétations halophytiques";"1"
"834";"8";"11 Eaux marines et milieux à marées";"11";"Eaux marines et milieux à marées";"2"
"2707";"8";"1110 Bancs de sable à faible couverture permanente d'eau marine";"1110";"Bancs de sable à faible couverture permanente d'eau marine";"3"
"2708";"8";"1120 Herbiers à Posidonia (Posidonion oceanicae)";"1120";"Herbiers à Posidonia (Posidonion oceanicae)";"3"
"2709";"8";"1130 Estuaires";"1130";"Estuaires";"3"
"2710";"8";"1140 Replats boueux ou sableux exondés à marée basse";"1140";"Replats boueux ou sableux exondés à marée basse";"3"
"2711";"8";"1150 Lagunes côtières";"1150";"Lagunes côtières";"3"
"2712";"8";"1160 Grandes criques et baies peu profondes";"1160";"Grandes criques et baies peu profondes";"3"
"2713";"8";"1170 Récifs";"1170";"Récifs";"3"
"2714";"8";"1180 Structures sous-marines causées par des émissions de gaz";"1180";"Structures sous-marines causées par des émissions de gaz";"3"
"835";"8";"12 Falaises maritimes et plages de galets";"12";"Falaises maritimes et plages de galets";"2"
"2716";"8";"1210 Végétation annuelle des laisses de mer";"1210";"Végétation annuelle des laisses de mer";"3"
"2717";"8";"1220 Végétation vivace des rivages de galets";"1220";"Végétation vivace des rivages de galets";"3"
"2656";"8";"1230 Falaises avec végétation des côtes atlantiques et baltiques";"1230";"Falaises avec végétation des côtes atlantiques et baltiques";"3"
"2657";"8";"1240 Falaises avec végétation des côtes méditerranéennes avec Limonium spp. endémiques";"1240";"Falaises avec végétation des côtes méditerranéennes avec Limonium spp. endémiques";"3"
"825";"8";"13 Marais et prés-salés atlantiques et continentaux";"13";"Marais et prés-salés atlantiques et continentaux";"2"
"2706";"8";"1310 Végétations pionnières à Salicornia et autres espèces annuelles des zones boueuses et sableuses";"1310";"Végétations pionnières à Salicornia et autres espèces annuelles des zones boueuses et sableuses";"3"
"2660";"8";"1320 Prés à Spartina (Spartinion maritimae)";"1320";"Prés à Spartina (Spartinion maritimae)";"3"
"2659";"8";"1330 Prés-salés atlantiques (Glauco-Puccinellietalia maritimae)";"1330";"Prés-salés atlantiques (Glauco-Puccinellietalia maritimae)";"3"
"2662";"8";"1340 Prés-salés intérieurs";"1340";"Prés-salés intérieurs";"3"
"826";"8";"14 Marais et prés-salés méditerranéens et thermo-atlantiques";"14";"Marais et prés-salés méditerranéens et thermo-atlantiques";"2"
"2661";"8";"1410 Prés-salés méditerranéens (Juncetalia maritimi)";"1410";"Prés-salés méditerranéens (Juncetalia maritimi)";"3"
"2663";"8";"1420 Fourrés halophiles méditerranéens et thermo-atlantiques (Sarcocornietea fruticosi)";"1420";"Fourrés halophiles méditerranéens et thermo-atlantiques (Sarcocornietea fruticosi)";"3"
"2664";"8";"1430 Fourrés halo-nitrophiles (Pegano-Salsoletea)";"1430";"Fourrés halo-nitrophiles (Pegano-Salsoletea)";"3"
"827";"8";"15 Steppes intérieures halophiles et gypsophiles";"15";"Steppes intérieures halophiles et gypsophiles";"2"
"2705";"8";"1510 Steppes salées méditerranéennes (Limonietalia)";"1510";"Steppes salées méditerranéennes (Limonietalia)";"3"
"197";"8";"2 Dunes maritimes et intérieures";"2";"Dunes maritimes et intérieures";"1"
"831";"8";"21 Dunes maritimes des rivages atlantiques, de la mer du Nord et de la Baltique";"21";"Dunes maritimes des rivages atlantiques, de la mer du Nord et de la Baltique";"2"
"2682";"8";"2110 Dunes mobiles embryonnaires";"2110";"Dunes mobiles embryonnaires";"3"
"2683";"8";"2120 Dunes mobiles du cordon littoral à Ammophila arenaria (“dunes blanches”)";"2120";"Dunes mobiles du cordon littoral à Ammophila arenaria (“dunes blanches”)";"3"
"2684";"8";"2130 Dunes côtières fixées à végétation herbacée (“dunes grises”)";"2130";"Dunes côtières fixées à végétation herbacée (“dunes grises”)";"3"
"7238";"8";"2131 Dunes grises septentrionales (Galio-Koelerion albescentis)";"2131";"Dunes grises septentrionales (Galio-Koelerion albescentis)";"4"
"7239";"8";"2132 Dunes grises de la Biscaye (Euphorbio-Helichrysion)";"2132";"Dunes grises de la Biscaye (Euphorbio-Helichrysion)";"4"
"7241";"8";"2135 Pelouses dunaires du Mesobromion";"2135";"Pelouses dunaires du Mesobromion";"4"
"7242";"8";"2136 Ourlets thermophiles dunaires inclus dans les systèmes de dunes grises (Trifolio-Geranietea sanguinei, Galio maritimi-Geranion sanguinei)";"2136";"Ourlets thermophiles dunaires inclus dans les systèmes de dunes grises (Trifolio-Geranietea sanguinei, Galio maritimi-Geranion sanguinei)";"4"
"7244";"8";"2137 Communautés herbacées annuelles des dunes grises (Thero-Airion, Botrychio-Polygaletum, Tuberarion guttatae)";"2137";"Communautés herbacées annuelles des dunes grises (Thero-Airion, Botrychio-Polygaletum, Tuberarion guttatae)";"4"
"2687";"8";"2150 Dunes fixées décalcifiées atlantiques (Calluno-Ulicetea)";"2150";"Dunes fixées décalcifiées atlantiques (Calluno-Ulicetea)";"3"
"2689";"8";"2160 Dunes à Hippophae rhamnoides";"2160";"Dunes à Hippophae rhamnoides";"3"
"2688";"8";"2170 Dunes à Salix repens ssp. argentea (Salicion arenariae)";"2170";"Dunes à Salix repens ssp. argentea (Salicion arenariae)";"3"
"2685";"8";"2180 Dunes boisées des régions atlantique, continentale et boréale";"2180";"Dunes boisées des régions atlantique, continentale et boréale";"3"
"2666";"8";"2190 Dépressions humides intradunales";"2190";"Dépressions humides intradunales";"3"
"7233";"8";"2191 Mares dunaires";"2191";"Mares dunaires";"4"
"7234";"8";"2192 Pelouses pionnières des pannes";"2192";"Pelouses pionnières des pannes";"4"
"7235";"8";"2193 Bas-marais dunaires";"2193";"Bas-marais dunaires";"4"
"7236";"8";"2194 Prairies humides dunaires";"2194";"Prairies humides dunaires";"4"
"7237";"8";"2195 Roselières et cariçaies dunaires";"2195";"Roselières et cariçaies dunaires";"4"
"828";"8";"22 Dunes maritimes des rivages méditerranéens";"22";"Dunes maritimes des rivages méditerranéens";"2"
"2668";"8";"2210 Dunes fixées du littoral du Crucianellion maritimae";"2210";"Dunes fixées du littoral du Crucianellion maritimae";"3"
"2669";"8";"2230 Dunes avec pelouses des Malcolmietalia";"2230";"Dunes avec pelouses des Malcolmietalia";"3"
"2670";"8";"2240 Dunes avec pelouses des Brachypodietalia et des plantes annuelles";"2240";"Dunes avec pelouses des Brachypodietalia et des plantes annuelles";"3"
"2868";"8";"2250 Dunes littorales à Juniperus spp.";"2250";"Dunes littorales à Juniperus spp.";"3"
"2671";"8";"2260 Dunes à végétation sclérophylle des Cisto-Lavanduletalia";"2260";"Dunes à végétation sclérophylle des Cisto-Lavanduletalia";"3"
"2674";"8";"2270 Dunes avec forêts à Pinus pinea et/ou Pinus pinaster";"2270";"Dunes avec forêts à Pinus pinea et/ou Pinus pinaster";"3"
"829";"8";"23 Dunes intérieures, anciennes et décalcifiées";"23";"Dunes intérieures, anciennes et décalcifiées";"2"
"2701";"8";"2330 Dunes intérieures avec pelouses ouvertes à Corynephorus et Agrostis";"2330";"Dunes intérieures avec pelouses ouvertes à Corynephorus et Agrostis";"3"
"199";"8";"3 Habitats d'eaux douces";"3";"Habitats d'eaux douces";"1"
"833";"8";"31 Eaux dormantes";"31";"Eaux dormantes";"2"
"2703";"8";"3110 Eaux oligotrophes très peu minéralisées des plaines sablonneuses (Littorelletalia uniflorae)";"3110";"Eaux oligotrophes très peu minéralisées des plaines sablonneuses (Littorelletalia uniflorae)";"3"
"2704";"8";"3120 Eaux oligotrophes très peu minéralisées sur sols généralement sableux de l'ouest méditerranéen à Isoetes spp.";"3120";"Eaux oligotrophes très peu minéralisées sur sols généralement sableux de l'ouest méditerranéen à Isoetes spp.";"3"
"2756";"8";"3130 Eaux stagnantes, oligotrophes à mésotrophes avec végétation des Littorelletea uniflorae et/ou des Isoeto-Nanojuncetea";"3130";"Eaux stagnantes, oligotrophes à mésotrophes avec végétation des Littorelletea uniflorae et/ou des Isoeto-Nanojuncetea";"3"
"7249";"8";"3131 Eaux oligotrophes de l'espace médio-européen et péri-alpin avec végétation à Littorella ou Isoetes";"3131";"Eaux oligotrophes de l'espace médio-européen et péri-alpin avec végétation à Littorella ou Isoetes";"4"
"7250";"8";"3132 Eaux oligotrophes de l'espace médio-européen et péri-alpin avec végétation annuelle des rives exondées (Nanocyperetalia)";"3132";"Eaux oligotrophes de l'espace médio-européen et péri-alpin avec végétation annuelle des rives exondées (Nanocyperetalia)";"4"
"2757";"8";"3140 Eaux oligo-mésotrophes calcaires avec végétation benthique à Chara spp.";"3140";"Eaux oligo-mésotrophes calcaires avec végétation benthique à Chara spp.";"3"
"2758";"8";"3150 Lacs eutrophes naturels avec végétation du Magnopotamion ou de l'Hydrocharition";"3150";"Lacs eutrophes naturels avec végétation du Magnopotamion ou de l'Hydrocharition";"3"
"2759";"8";"3160 Lacs et mares dystrophes naturels";"3160";"Lacs et mares dystrophes naturels";"3"
"2760";"8";"3170 Mares temporaires méditerranéennes";"3170";"Mares temporaires méditerranéennes";"3"
"838";"8";"32 Eaux courantes";"32";"Eaux courantes";"2"
"2765";"8";"3220 Rivières alpines avec végétation ripicole herbacée";"3220";"Rivières alpines avec végétation ripicole herbacée";"3"
"7251";"8";"3221 Communautés fluviatiles subalpines à épilobes de Fleischer";"3221";"Communautés fluviatiles subalpines à épilobes de Fleischer";"4"
"2873";"8";"3230 Rivières alpines avec végétation ripicole ligneuse à Myricaria germanica";"3230";"Rivières alpines avec végétation ripicole ligneuse à Myricaria germanica";"3"
"2766";"8";"3240 Rivières alpines avec végétation ripicole ligneuse à Salix elaeagnos";"3240";"Rivières alpines avec végétation ripicole ligneuse à Salix elaeagnos";"3"
"2769";"8";"3250 Rivières permanentes méditerranéennes à Glaucium flavum";"3250";"Rivières permanentes méditerranéennes à Glaucium flavum";"3"
"2767";"8";"3260 Rivières des étages planitiaire à montagnard avec végétation du Ranunculion fluitantis et du Callitricho-Batrachion";"3260";"Rivières des étages planitiaire à montagnard avec végétation du Ranunculion fluitantis et du Callitricho-Batrachion";"3"
"2768";"8";"3270 Rivières avec berges vaseuses avec végétation du Chenopodion rubri p.p. et du Bidention p.p.";"3270";"Rivières avec berges vaseuses avec végétation du Chenopodion rubri p.p. et du Bidention p.p.";"3"
"2691";"8";"3280 Rivières permanentes méditerranéennes du Paspalo-Agrostidion avec rideaux boisés riverains à Salix et Populus alba";"3280";"Rivières permanentes méditerranéennes du Paspalo-Agrostidion avec rideaux boisés riverains à Salix et Populus alba";"3"
"2692";"8";"3290 Rivières intermittentes méditerranéennes du Paspalo-Agrostidion";"3290";"Rivières intermittentes méditerranéennes du Paspalo-Agrostidion";"3"
"198";"8";"4 Landes et fourrés tempérés";"4";"Landes et fourrés tempérés";"1"
"832";"8";"40 Landes et fourrés tempérés";"40";"Landes et fourrés tempérés";"2"
"2871";"8";"4010 Landes humides atlantiques septentrionales à Erica tetralix";"4010";"Landes humides atlantiques septentrionales à Erica tetralix";"3"
"2694";"8";"4020 Landes humides atlantiques tempérées à Erica ciliaris et Erica tetralix";"4020";"Landes humides atlantiques tempérées à Erica ciliaris et Erica tetralix";"3"
"2872";"8";"4030 Landes sèches européennes";"4030";"Landes sèches européennes";"3"
"2700";"8";"4040 Landes sèches atlantiques littorales à Erica vagans";"4040";"Landes sèches atlantiques littorales à Erica vagans";"3"
"2696";"8";"4060 Landes alpines et boréales";"4060";"Landes alpines et boréales";"3"
"2697";"8";"4070 Fourrés à Pinus mugo et Rhododendron hirsutum (Mugo-Rhododendretum hirsuti)";"4070";"Fourrés à Pinus mugo et Rhododendron hirsutum (Mugo-Rhododendretum hirsuti)";"3"
"2698";"8";"4080 Fourrés de Salix spp. subarctiques";"4080";"Fourrés de Salix spp. subarctiques";"3"
"2699";"8";"4090 Landes oroméditerranéennes endémiques à Genêts épineux";"4090";"Landes oroméditerranéennes endémiques à Genêts épineux";"3"
"203";"8";"5 Fourrés sclérophylles (matorrals)";"5";"Fourrés sclérophylles (matorrals)";"1"
"844";"8";"51 Fourrés subméditerranéens et tempérés";"51";"Fourrés subméditerranéens et tempérés";"2"
"2804";"8";"5110 Formations stables xérothermophiles à Buxus sempervirens des pentes rocheuses (Berberidion p.p.)";"5110";"Formations stables xérothermophiles à Buxus sempervirens des pentes rocheuses (Berberidion p.p.)";"3"
"2809";"8";"5120 Formations montagnardes à Cytisus purgans";"5120";"Formations montagnardes à Cytisus purgans";"3"
"2807";"8";"5130 Formations à Juniperus communis sur landes ou pelouses calcaires";"5130";"Formations à Juniperus communis sur landes ou pelouses calcaires";"3"
"845";"8";"52 Matorrals arborescents méditerranéens";"52";"Matorrals arborescents méditerranéens";"2"
"2849";"8";"5210 Matorrals arborescents à Juniperus spp.";"5210";"Matorrals arborescents à Juniperus spp.";"3"
"7276";"8";"5211 Matorral arborescent à Juniperus oxycedrus";"5211";"Matorral arborescent à Juniperus oxycedrus";"4"
"7277";"8";"5212 Matorral arborescent à Juniperus phoenicea";"5212";"Matorral arborescent à Juniperus phoenicea";"4"
"7279";"8";"5214 Matorral arborescent à Juniperus communis";"5214";"Matorral arborescent à Juniperus communis";"4"
"7281";"8";"5216 Matorral arborescent à Juniperus thurifera";"5216";"Matorral arborescent à Juniperus thurifera";"4"
"2851";"8";"5230 Matorrals arborescents à Laurus nobilis";"5230";"Matorrals arborescents à Laurus nobilis";"3"
"854";"8";"53 Fourrés thermoméditerranéens et présteppiques";"53";"Fourrés thermoméditerranéens et présteppiques";"2"
"2852";"8";"5310 Taillis de Laurus nobilis";"5310";"Taillis de Laurus nobilis";"3"
"2853";"8";"5320 Formations basses d'euphorbes près des falaises";"5320";"Formations basses d'euphorbes près des falaises";"3"
"2867";"8";"5330 Fourrés thermoméditerranéens et prédésertiques";"5330";"Fourrés thermoméditerranéens et prédésertiques";"3"
"7282";"8";"5331 Formations à Euphorbe arborescente";"5331";"Formations à Euphorbe arborescente";"4"
"7283";"8";"5332 Garrigues à Diss";"5332";"Garrigues à Diss";"4"
"7284";"8";"5333 Fruticées à Palmier nain";"5333";"Fruticées à Palmier nain";"4"
"7286";"8";"5335 Rétamaies thermoméditerranéennes";"5335";"Rétamaies thermoméditerranéennes";"4"
"855";"8";"54 Phryganes";"54";"Phryganes";"2"
"2856";"8";"5410 Phryganes ouest-méditerranéennes des sommets de falaise (Astragalo-Plantaginetum subulatae)";"5410";"Phryganes ouest-méditerranéennes des sommets de falaise (Astragalo-Plantaginetum subulatae)";"3"
"205";"8";"6 Formations herbeuses naturelles et semi-naturelles";"6";"Formations herbeuses naturelles et semi-naturelles";"1"
"856";"8";"61 Pelouses naturelles";"61";"Pelouses naturelles";"2"
"2857";"8";"6110 Pelouses rupicoles calcaires ou basiphiles de l'Alysso-Sedion albi";"6110";"Pelouses rupicoles calcaires ou basiphiles de l'Alysso-Sedion albi";"3"
"2858";"8";"6120 Pelouses calcaires de sables xériques";"6120";"Pelouses calcaires de sables xériques";"3"
"2859";"8";"6130 Pelouses calaminaires des Violetalia calaminariae";"6130";"Pelouses calaminaires des Violetalia calaminariae";"3"
"2860";"8";"6140 Pelouses pyrénéennes siliceuses à Festuca eskia";"6140";"Pelouses pyrénéennes siliceuses à Festuca eskia";"3"
"2861";"8";"6150 Pelouses boréo-alpines siliceuses";"6150";"Pelouses boréo-alpines siliceuses";"3"
"2869";"8";"6170 Pelouses calcaires alpines et subalpines";"6170";"Pelouses calcaires alpines et subalpines";"3"
"7287";"8";"6171 Pelouses à Carex ferruginea et communautés apparentées";"6171";"Pelouses à Carex ferruginea et communautés apparentées";"4"
"7288";"8";"6172 Pelouses à Elyna myosuroidis des arêtes venteuses";"6172";"Pelouses à Elyna myosuroidis des arêtes venteuses";"4"
"7289";"8";"6173 Pelouses en gradins et pelouses en guirlandes";"6173";"Pelouses en gradins et pelouses en guirlandes";"4"
"7290";"8";"6174 Communautés alpines des sols à métaux lourds";"6174";"Communautés alpines des sols à métaux lourds";"4"
"7291";"8";"6175 Pelouses oroméditerranéennes écorchées";"6175";"Pelouses oroméditerranéennes écorchées";"4"
"852";"8";"62 Formations herbeuses sèches semi-naturelles et faciès d'embuissonnement";"62";"Formations herbeuses sèches semi-naturelles et faciès d'embuissonnement";"2"
"2842";"8";"6210 Pelouses sèches semi-naturelles et faciès d'embuissonnement sur calcaires (Festuco-Brometalia) (* sites d'orchidées remarquables)";"6210";"Pelouses sèches semi-naturelles et faciès d'embuissonnement sur calcaires (Festuco-Brometalia) (* sites d'orchidées remarquables)";"3"
"7267";"8";"6211 Pelouses steppiques subcontinentales";"6211";"Pelouses steppiques subcontinentales";"4"
"7268";"8";"6212 Pelouses calcaires semi-sèches subatlantiques";"6212";"Pelouses calcaires semi-sèches subatlantiques";"4"
"7269";"8";"6213 Pelouses subatlantiques calcaires très sèches";"6213";"Pelouses subatlantiques calcaires très sèches";"4"
"7270";"8";"6214 Pelouses calcaréo-siliceuses d'Europe centrale";"6214";"Pelouses calcaréo-siliceuses d'Europe centrale";"4"
"2802";"8";"6220 Parcours substeppiques de graminées et annuelles des Thero-Brachypodietea";"6220";"Parcours substeppiques de graminées et annuelles des Thero-Brachypodietea";"3"
"2797";"8";"6230 Formations herbeuses à Nardus, riches en espèces, sur substrats siliceux des zones montagnardes (et des zones submontagnardes de l'Europe continentale)";"6230";"Formations herbeuses à Nardus, riches en espèces, sur substrats siliceux des zones montagnardes (et des zones submontagnardes de l'Europe continentale)";"3"
"850";"8";"64 Prairies humides semi-naturelles à hautes herbes";"64";"Prairies humides semi-naturelles à hautes herbes";"2"
"2833";"8";"6410 Prairies à Molinia sur sols calcaires, tourbeux ou argilo-limoneux (Molinion caeruleae)";"6410";"Prairies à Molinia sur sols calcaires, tourbeux ou argilo-limoneux (Molinion caeruleae)";"3"
"2834";"8";"6420 Prairies humides méditerranéennes à grandes herbes du Molinio-Holoschoenion";"6420";"Prairies humides méditerranéennes à grandes herbes du Molinio-Holoschoenion";"3"
"2835";"8";"6430 Mégaphorbiaies hygrophiles d'ourlets planitiaires et des étages montagnard à alpin";"6430";"Mégaphorbiaies hygrophiles d'ourlets planitiaires et des étages montagnard à alpin";"3"
"7265";"8";"6431 Mégaphorbiaies des franges";"6431";"Mégaphorbiaies des franges";"4"
"7266";"8";"6432 Mégaphorbiaies subalpines et alpines";"6432";"Mégaphorbiaies subalpines et alpines";"4"
"2836";"8";"6440 Prairies alluviales inondables du Cnidion dubii";"6440";"Prairies alluviales inondables du Cnidion dubii";"3"
"851";"8";"65 Pelouses mésophiles";"65";"Pelouses mésophiles";"2"
"2839";"8";"6510 Prairies de fauche de basse altitude (Alopecurus pratensis, Sanguisorba officinalis)";"6510";"Prairies de fauche de basse altitude (Alopecurus pratensis, Sanguisorba officinalis)";"3"
"2840";"8";"6520 Prairies de fauche de montagne";"6520";"Prairies de fauche de montagne";"3"
"204";"8";"7 Tourbières hautes, tourbières basses et bas-marais";"7";"Tourbières hautes, tourbières basses et bas-marais";"1"
"847";"8";"71 Tourbières acides à sphaignes";"71";"Tourbières acides à sphaignes";"2"
"2821";"8";"7110 Tourbières hautes actives";"7110";"Tourbières hautes actives";"3"
"2826";"8";"7120 Tourbières hautes dégradées encore susceptibles de régénération naturelle";"7120";"Tourbières hautes dégradées encore susceptibles de régénération naturelle";"3"
"2822";"8";"7130 Tourbières de couverture (* pour les tourbières actives)";"7130";"Tourbières de couverture (* pour les tourbières actives)";"3"
"2823";"8";"7140 Tourbières de transition et tremblantes";"7140";"Tourbières de transition et tremblantes";"3"
"2825";"8";"7150 Dépressions sur substrats tourbeux du Rhynchosporion";"7150";"Dépressions sur substrats tourbeux du Rhynchosporion";"3"
"848";"8";"72 Bas-marais calcaires";"72";"Bas-marais calcaires";"2"
"2777";"8";"7210 Marais calcaires à Cladium mariscus et espèces du Caricion davallianae";"7210";"Marais calcaires à Cladium mariscus et espèces du Caricion davallianae";"3"
"2778";"8";"7220 Sources pétrifiantes avec formation de travertins (Cratoneurion)";"7220";"Sources pétrifiantes avec formation de travertins (Cratoneurion)";"3"
"2874";"8";"7230 Tourbières basses alcalines";"7230";"Tourbières basses alcalines";"3"
"2779";"8";"7240 Formations pionnières alpines du Caricion bicoloris-atrofuscae";"7240";"Formations pionnières alpines du Caricion bicoloris-atrofuscae";"3"
"202";"8";"8 Habitats rocheux et grottes";"8";"Habitats rocheux et grottes";"1"
"841";"8";"81 Éboulis rocheux";"81";"Éboulis rocheux";"2"
"2781";"8";"8110 Éboulis siliceux de l'étage montagnard à nival (Androsacetalia alpinae et Galeopsietalia ladani)";"8110";"Éboulis siliceux de l'étage montagnard à nival (Androsacetalia alpinae et Galeopsietalia ladani)";"3"
"2782";"8";"8120 Éboulis calcaires et de schistes calcaires des étages montagnard à alpin (Thlaspietea rotundifolii)";"8120";"Éboulis calcaires et de schistes calcaires des étages montagnard à alpin (Thlaspietea rotundifolii)";"3"
"2783";"8";"8130 Éboulis ouest-méditerranéens et thermophiles";"8130";"Éboulis ouest-méditerranéens et thermophiles";"3"
"2785";"8";"8150 Éboulis médio-européens siliceux des régions hautes";"8150";"Éboulis médio-européens siliceux des régions hautes";"3"
"2786";"8";"8160 Éboulis médio-européens calcaires des étages collinéen à montagnard";"8160";"Éboulis médio-européens calcaires des étages collinéen à montagnard";"3"
"842";"8";"82 Pentes rocheuses avec végétation chasmophytique";"82";"Pentes rocheuses avec végétation chasmophytique";"2"
"2876";"8";"8210 Pentes rocheuses calcaires avec végétation chasmophytique";"8210";"Pentes rocheuses calcaires avec végétation chasmophytique";"3"
"7253";"8";"8211 Falaises calcaires eu-méditerranéennes occidentales et oro-ibériques";"8211";"Falaises calcaires eu-méditerranéennes occidentales et oro-ibériques";"4"
"7254";"8";"8212 Falaises calcaires centre-pyrénéennes";"8212";"Falaises calcaires centre-pyrénéennes";"4"
"7257";"8";"8215 Falaises calcaires alpines et subméditerranéennes";"8215";"Falaises calcaires alpines et subméditerranéennes";"4"
"2787";"8";"8220 Pentes rocheuses siliceuses avec végétation chasmophytique";"8220";"Pentes rocheuses siliceuses avec végétation chasmophytique";"3"
"2788";"8";"8230 Roches siliceuses avec végétation pionnière du Sedo-Scleranthion ou du Sedo albi-Veronicion dillenii";"8230";"Roches siliceuses avec végétation pionnière du Sedo-Scleranthion ou du Sedo albi-Veronicion dillenii";"3"
"2864";"8";"8240 Pavements calcaires";"8240";"Pavements calcaires";"3"
"843";"8";"83 Autres habitats rocheux";"83";"Autres habitats rocheux";"2"
"2789";"8";"8310 Grottes non exploitées par le tourisme";"8310";"Grottes non exploitées par le tourisme";"3"
"2771";"8";"8330 Grottes marines submergées ou semi-submergées";"8330";"Grottes marines submergées ou semi-submergées";"3"
"2772";"8";"8340 Glaciers permanents";"8340";"Glaciers permanents";"3"
"201";"8";"9 Forêts";"9";"Forêts";"1"
"846";"8";"91 Forêts de l'Europe tempérée";"91";"Forêts de l'Europe tempérée";"2"
"2813";"8";"9110 Hêtraies du Luzulo-Fagetum";"9110";"Hêtraies du Luzulo-Fagetum";"3"
"2865";"8";"9120 Hêtraies acidophiles atlantiques à sous-bois à Ilex et parfois à Taxus (Quercion robori-petraeae ou Ilici-Fagenion)";"9120";"Hêtraies acidophiles atlantiques à sous-bois à Ilex et parfois à Taxus (Quercion robori-petraeae ou Ilici-Fagenion)";"3"
"2814";"8";"9130 Hêtraies de l'Asperulo-Fagetum";"9130";"Hêtraies de l'Asperulo-Fagetum";"3"
"2816";"8";"9140 Hêtraies subalpines médio-européennes à Acer et Rumex arifolius";"9140";"Hêtraies subalpines médio-européennes à Acer et Rumex arifolius";"3"
"2815";"8";"9150 Hêtraies calcicoles médio-européennes du Cephalanthero-Fagion";"9150";"Hêtraies calcicoles médio-européennes du Cephalanthero-Fagion";"3"
"2817";"8";"9160 Chênaies pédonculées ou chênaies-charmaies sub-atlantiques et médio-européennes du Carpinion betuli";"9160";"Chênaies pédonculées ou chênaies-charmaies sub-atlantiques et médio-européennes du Carpinion betuli";"3"
"2818";"8";"9170 Chênaies-charmaies du Galio-Carpinetum";"9170";"Chênaies-charmaies du Galio-Carpinetum";"3"
"2819";"8";"9180 Forêts de pentes, éboulis ou ravins du Tilio-Acerion";"9180";"Forêts de pentes, éboulis ou ravins du Tilio-Acerion";"3"
"2791";"8";"9190 Vieilles chênaies acidophiles des plaines sablonneuses à Quercus robur";"9190";"Vieilles chênaies acidophiles des plaines sablonneuses à Quercus robur";"3"
"2790";"8";"91A0 Vieilles chênaies des îles Britanniques à Ilex et Blechnum";"91A0";"Vieilles chênaies des îles Britanniques à Ilex et Blechnum";"3"
"2792";"8";"91B0 Frênaies thermophiles à Fraxinus angustifolia";"91B0";"Frênaies thermophiles à Fraxinus angustifolia";"3"
"2754";"8";"91D0 Tourbières boisées";"91D0";"Tourbières boisées";"3"
"7245";"8";"91D1 Boulaies à sphaignes";"91D1";"Boulaies à sphaignes";"4"
"7246";"8";"91D2 Tourbières boisées à Pin sylvestre";"91D2";"Tourbières boisées à Pin sylvestre";"4"
"7247";"8";"91D3 Tourbières boisées à Pin à crochets";"91D3";"Tourbières boisées à Pin à crochets";"4"
"7248";"8";"91D4 Pessières tourbeuses";"91D4";"Pessières tourbeuses";"4"
"2794";"8";"91E0 Forêts alluviales à Alnus glutinosa et Fraxinus excelsior (Alno-Padion, Alnion incanae, Salicion albae)";"91E0";"Forêts alluviales à Alnus glutinosa et Fraxinus excelsior (Alno-Padion, Alnion incanae, Salicion albae)";"3"
"2795";"8";"91F0 Forêts mixtes à Quercus robur, Ulmus laevis, Ulmus minor, Fraxinus excelsior ou Fraxinus angustifolia, riveraines des grands fleuves (Ulmenion minoris)";"91F0";"Forêts mixtes à Quercus robur, Ulmus laevis, Ulmus minor, Fraxinus excelsior ou Fraxinus angustifolia, riveraines des grands fleuves (Ulmenion minoris)";"3"
"836";"8";"92 Forêts méditerranéennes à feuilles caduques";"92";"Forêts méditerranéennes à feuilles caduques";"2"
"2721";"8";"9230 Chênaies galicio-portugaises à Quercus robur et Quercus pyrenaica";"9230";"Chênaies galicio-portugaises à Quercus robur et Quercus pyrenaica";"3"
"2732";"8";"9260 Forêts de Castanea sativa";"9260";"Forêts de Castanea sativa";"3"
"2736";"8";"92A0 Forêts-galeries à Salix alba et Populus alba";"92A0";"Forêts-galeries à Salix alba et Populus alba";"3"
"2723";"8";"92D0 Galeries et fourrés riverains méridionaux (Nerio-Tamaricetea et Securinegion tinctoriae)";"92D0";"Galeries et fourrés riverains méridionaux (Nerio-Tamaricetea et Securinegion tinctoriae)";"3"
"837";"8";"93 Forêts sclérophylles méditerranéennes";"93";"Forêts sclérophylles méditerranéennes";"2"
"2727";"8";"9320 Forêts à Olea et Ceratonia";"9320";"Forêts à Olea et Ceratonia";"3"
"2728";"8";"9330 Forêts à Quercus suber";"9330";"Forêts à Quercus suber";"3"
"2729";"8";"9340 Forêts à Quercus ilex et Quercus rotundifolia";"9340";"Forêts à Quercus ilex et Quercus rotundifolia";"3"
"2880";"8";"9380 Forêts à Ilex aquifolium";"9380";"Forêts à Ilex aquifolium";"3"
"857";"8";"94 Forêts de conifères des montagnes tempérées";"94";"Forêts de conifères des montagnes tempérées";"2"
"2843";"8";"9410 Forêts acidophiles à Picea des étages montagnard à alpin (Vaccinio-Piceetea)";"9410";"Forêts acidophiles à Picea des étages montagnard à alpin (Vaccinio-Piceetea)";"3"
"7271";"8";"9411 Pessières subalpines des Alpes";"9411";"Pessières subalpines des Alpes";"4"
"7272";"8";"9412 Pessières montagnardes intra-alpines";"9412";"Pessières montagnardes intra-alpines";"4"
"2883";"8";"9420 Forêts alpines à Larix decidua et/ou Pinus cembra";"9420";"Forêts alpines à Larix decidua et/ou Pinus cembra";"3"
"7274";"8";"9421 Cembraies et mélézeins silicicoles orientaux";"9421";"Cembraies et mélézeins silicicoles orientaux";"4"
"2845";"8";"9430 Forêts montagnardes et subalpines à Pinus uncinata (* si sur substrat gypseux ou calcaire)";"9430";"Forêts montagnardes et subalpines à Pinus uncinata (* si sur substrat gypseux ou calcaire)";"3"
"853";"8";"95 Forêts de conifères des montagnes méditerranéennes et macaronésiennes";"95";"Forêts de conifères des montagnes méditerranéennes et macaronésiennes";"2"
"2848";"8";"9530 Pinèdes (sub-)méditerranéennes de pins noirs endémiques";"9530";"Pinèdes (sub-)méditerranéennes de pins noirs endémiques";"3"
"7297";"8";"9533 Pinèdes de Pin de Salzmann";"9533";"Pinèdes de Pin de Salzmann";"4"
"7298";"8";"9534 Pinèdes corses de Laricio";"9534";"Pinèdes corses de Laricio";"4"
"2884";"8";"9540 Pinèdes méditerranéennes de pins mésogéens endémiques";"9540";"Pinèdes méditerranéennes de pins mésogéens endémiques";"3"
"2885";"8";"9560 Forêts endémiques à Juniperus spp.";"9560";"Forêts endémiques à Juniperus spp.";"3"
"7301";"8";"9561 Thuriféraies";"9561";"Thuriféraies";"4"
"2844";"8";"9580 Bois méditerranéens à Taxus baccata";"9580";"Bois méditerranéens à Taxus baccata";"3"
"7307";"8";"9582 Bois d'if corses";"9582";"Bois d'if corses";"4"
"25141";"18";"""NW European association group""";"";"""NW European association group""";"7"
"365";"18";"1 Adiantetea capilli-veneris";"1";"Adiantetea capilli-veneris";"1"
"3546";"18";"1.0.1 Adiantetalia capilli-veneris";"1.0.1";"Adiantetalia capilli-veneris";"3"
"16658";"18";"1.0.1.0.1 Adiantion capilli-veneris";"1.0.1.0.1";"Adiantion capilli-veneris";"5"
"366";"18";"10 Betulo carpaticae-Alnetea viridis";"10";"Betulo carpaticae-Alnetea viridis";"1"
"3547";"18";"10.0.1 Alnetalia viridis";"10.0.1";"Alnetalia viridis";"3"
"16659";"18";"10.0.1.0.1 Alnion viridis";"10.0.1.0.1";"Alnion viridis";"5"
"16660";"18";"10.0.1.0.2 Salicion helveticae";"10.0.1.0.2";"Salicion helveticae";"5"
"16661";"18";"10.0.1.0.3 Salicion lapponi-glaucosericeae";"10.0.1.0.3";"Salicion lapponi-glaucosericeae";"5"
"367";"18";"11 Bidentetea tripartitae";"11";"Bidentetea tripartitae";"1"
"3548";"18";"11.0.1 Bidentetalia tripartitae";"11.0.1";"Bidentetalia tripartitae";"3"
"16662";"18";"11.0.1.0.1 Bidention tripartitae";"11.0.1.0.1";"Bidention tripartitae";"5"
"16663";"18";"11.0.1.0.2 Chenopodion rubri";"11.0.1.0.2";"Chenopodion rubri";"5"
"368";"18";"12 Cakiletea maritimae";"12";"Cakiletea maritimae";"1"
"3549";"18";"12.0.1 Cakiletalia integrifoliae";"12.0.1";"Cakiletalia integrifoliae";"3"
"16664";"18";"12.0.1.0.1 Atriplicion littoralis";"12.0.1.0.1";"Atriplicion littoralis";"5"
"16665";"18";"12.0.1.0.2 Atriplici laciniatae-Salsolion kali";"12.0.1.0.2";"Atriplici laciniatae-Salsolion kali";"5"
"3550";"18";"12.0.2 Euphorbietalia peplis";"12.0.2";"Euphorbietalia peplis";"3"
"16666";"18";"12.0.2.0.1 Euphorbion peplis";"12.0.2.0.1";"Euphorbion peplis";"5"
"369";"18";"13 Calluno vulgaris-Ulicetea minoris";"13";"Calluno vulgaris-Ulicetea minoris";"1"
"3551";"18";"13.0.1 Ulicetalia minoris";"13.0.1";"Ulicetalia minoris";"3"
"16667";"18";"13.0.1.0.1 Cisto salviifolii-Ericion cinereae";"13.0.1.0.1";"Cisto salviifolii-Ericion cinereae";"5"
"16668";"18";"13.0.1.0.2 Daboecion cantabricae";"13.0.1.0.2";"Daboecion cantabricae";"5"
"16669";"18";"13.0.1.0.3 Dactylido oceanicae-Ulicion maritimi";"13.0.1.0.3";"Dactylido oceanicae-Ulicion maritimi";"5"
"16670";"18";"13.0.1.0.4 Ulicion minoris";"13.0.1.0.4";"Ulicion minoris";"5"
"20767";"18";"13.0.1.0.4.1 Ulici minoris-Ericenion ciliaris";"13.0.1.0.4.1";"Ulici minoris-Ericenion ciliaris";"6"
"20768";"18";"13.0.1.0.4.2 Ulicenion minoris";"13.0.1.0.4.2";"Ulicenion minoris";"6"
"16671";"18";"13.0.1.0.5 Genistion micrantho-anglicae";"13.0.1.0.5";"Genistion micrantho-anglicae";"5"
"3552";"18";"13.0.2 Vaccinio myrtilli-Genistetalia pilosae";"13.0.2";"Vaccinio myrtilli-Genistetalia pilosae";"3"
"16672";"18";"13.0.2.0.1 Calluno vulgaris-Arctostaphylion uvae-ursi";"13.0.2.0.1";"Calluno vulgaris-Arctostaphylion uvae-ursi";"5"
"16673";"18";"13.0.2.0.2 Genistion tinctorio-germanicae";"13.0.2.0.2";"Genistion tinctorio-germanicae";"5"
"16674";"18";"13.0.2.0.3 Genisto pilosae-Vaccinion uliginosi";"13.0.2.0.3";"Genisto pilosae-Vaccinion uliginosi";"5"
"370";"18";"14 Cardaminetea hirsutae";"14";"Cardaminetea hirsutae";"1"
"3553";"18";"14.0.1 Geranio purpurei-Cardaminetalia hirsutae";"14.0.1";"Geranio purpurei-Cardaminetalia hirsutae";"3"
"16675";"18";"14.0.1.0.1 Drabo muralis-Cardaminion hirsutae";"14.0.1.0.1";"Drabo muralis-Cardaminion hirsutae";"5"
"16676";"18";"14.0.1.0.2 Geranio pusilli-Anthriscion caucalidis";"14.0.1.0.2";"Geranio pusilli-Anthriscion caucalidis";"5"
"16677";"18";"14.0.1.0.3 Valantio muralis-Galion muralis";"14.0.1.0.3";"Valantio muralis-Galion muralis";"5"
"16678";"18";"14.0.1.0.4 Arabidopsion thalianae";"14.0.1.0.4";"Arabidopsion thalianae";"5"
"371";"18";"15 Caricetea curvulae";"15";"Caricetea curvulae";"1"
"3554";"18";"15.0.1 Caricetalia curvulae";"15.0.1";"Caricetalia curvulae";"3"
"16679";"18";"15.0.1.0.1 Festucion variae";"15.0.1.0.1";"Festucion variae";"5"
"16680";"18";"15.0.1.0.2 Festucion eskiae";"15.0.1.0.2";"Festucion eskiae";"5"
"16681";"18";"15.0.1.0.3 Caricion curvulae";"15.0.1.0.3";"Caricion curvulae";"5"
"16682";"18";"15.0.1.0.4 Festucion supinae";"15.0.1.0.4";"Festucion supinae";"5"
"16683";"18";"15.0.1.0.5 Nardion strictae";"15.0.1.0.5";"Nardion strictae";"5"
"3555";"18";"15.0.2 Saginetalia piliferae";"15.0.2";"Saginetalia piliferae";"3"
"16684";"18";"15.0.2.0.1 Caricion caryophyllae";"15.0.2.0.1";"Caricion caryophyllae";"5"
"16685";"18";"15.0.2.0.2 Plantaginion insularis";"15.0.2.0.2";"Plantaginion insularis";"5"
"372";"18";"16 Carici caryophyllae-Genistetea lobelii";"16";"Carici caryophyllae-Genistetea lobelii";"1"
"3556";"18";"16.0.1 Carlinetalia macrocephalae";"16.0.1";"Carlinetalia macrocephalae";"3"
"16686";"18";"16.0.1.0.1 Anthyllidion hermanniae";"16.0.1.0.1";"Anthyllidion hermanniae";"5"
"373";"18";"17 Carici rupestris-Kobresietea bellardii";"17";"Carici rupestris-Kobresietea bellardii";"1"
"3557";"18";"17.0.1 Oxytropido-Elynetalia myosuroidis";"17.0.1";"Oxytropido-Elynetalia myosuroidis";"3"
"16479";"18";"17.0.1.0.1 Oxytropido-Elynion myosuroidis";"17.0.1.0.1";"Oxytropido-Elynion myosuroidis";"5"
"327";"18";"18 Charetea fragilis";"18";"Charetea fragilis";"1"
"3480";"18";"18.0.1 Nitelletalia flexilis";"18.0.1";"Nitelletalia flexilis";"3"
"16480";"18";"18.0.1.0.1 Nitellion flexilis";"18.0.1.0.1";"Nitellion flexilis";"5"
"16481";"18";"18.0.1.0.2 Nitellion syncarpo-tenuissimae";"18.0.1.0.2";"Nitellion syncarpo-tenuissimae";"5"
"3481";"18";"18.0.2 Charetalia hispidae";"18.0.2";"Charetalia hispidae";"3"
"16482";"18";"18.0.2.0.1 Charion fragilis";"18.0.2.0.1";"Charion fragilis";"5"
"16483";"18";"18.0.2.0.2 Charion vulgaris";"18.0.2.0.2";"Charion vulgaris";"5"
"16484";"18";"18.0.2.0.3 Charion canescentis";"18.0.2.0.3";"Charion canescentis";"5"
"328";"18";"19 Cisto ladaniferi-Lavanduletea stoechadis";"19";"Cisto ladaniferi-Lavanduletea stoechadis";"1"
"3482";"18";"19.0.1 Lavanduletalia stoechadis";"19.0.1";"Lavanduletalia stoechadis";"3"
"16485";"18";"19.0.1.0.1 Cistion ladaniferi";"19.0.1.0.1";"Cistion ladaniferi";"5"
"16486";"18";"19.0.1.0.2 Cistion laurifolii";"19.0.1.0.2";"Cistion laurifolii";"5"
"16487";"18";"19.0.1.0.3 Teucrion mari";"19.0.1.0.3";"Teucrion mari";"5"
"329";"18";"2 Agropyretea pungentis";"2";"Agropyretea pungentis";"1"
"3483";"18";"2.0.1 Agropyretalia pungentis";"2.0.1";"Agropyretalia pungentis";"3"
"16488";"18";"2.0.1.0.1 Agropyrion pungentis";"2.0.1.0.1";"Agropyrion pungentis";"5"
"16489";"18";"2.0.1.0.2 Brachypodio pinnati-Agropyrion pungentis";"2.0.1.0.2";"Brachypodio pinnati-Agropyrion pungentis";"5"
"3484";"18";"2.0.2 Agropyretalia intermedii-repentis";"2.0.2";"Agropyretalia intermedii-repentis";"3"
"16490";"18";"2.0.2.0.1 Convolvulo arvensis-Agropyrion repentis";"2.0.2.0.1";"Convolvulo arvensis-Agropyrion repentis";"5"
"16491";"18";"2.0.2.0.2 Falcario vulgaris-Poion angustifoliae";"2.0.2.0.2";"Falcario vulgaris-Poion angustifoliae";"5"
"16492";"18";"2.0.2.0.3 Bromo-Oryzopsion miliaceae";"2.0.2.0.3";"Bromo-Oryzopsion miliaceae";"5"
"16493";"18";"2.0.2.0.4 Artemisio absinthii-Agropyrion intermedii";"2.0.2.0.4";"Artemisio absinthii-Agropyrion intermedii";"5"
"330";"18";"20 Crataego monogynae-Prunetea spinosae";"20";"Crataego monogynae-Prunetea spinosae";"1"
"3485";"18";"20.0.1 Salicetalia arenariae";"20.0.1";"Salicetalia arenariae";"3"
"16494";"18";"20.0.1.0.1 Salicion arenariae";"20.0.1.0.1";"Salicion arenariae";"5"
"16495";"18";"20.0.1.0.2 Ligustro vulgaris-Hippophaion rhamnoidis";"20.0.1.0.2";"Ligustro vulgaris-Hippophaion rhamnoidis";"5"
"3486";"18";"20.0.2 Prunetalia spinosae";"20.0.2";"Prunetalia spinosae";"3"
"16512";"18";"20.0.2.0.1 Cytision sessilifolii";"20.0.2.0.1";"Cytision sessilifolii";"5"
"16513";"18";"20.0.2.0.10 Salici cinereae-Rhamnion catharticae";"20.0.2.0.10";"Salici cinereae-Rhamnion catharticae";"5"
"20720";"18";"20.0.2.0.10.1 Hippophaenion fluviatilis";"20.0.2.0.10.1";"Hippophaenion fluviatilis";"6"
"20721";"18";"20.0.2.0.10.2 Salici cinereae-Viburnenion opuli";"20.0.2.0.10.2";"Salici cinereae-Viburnenion opuli";"6"
"20722";"18";"20.0.2.0.10.3 Humulo lupuli-Sambucenion nigrae";"20.0.2.0.10.3";"Humulo lupuli-Sambucenion nigrae";"6"
"16514";"18";"20.0.2.0.11 Pruno spinosae-Rubion radulae";"20.0.2.0.11";"Pruno spinosae-Rubion radulae";"5"
"20723";"18";"20.0.2.0.11.1 Rubo-Prunenion spinosae";"20.0.2.0.11.1";"Rubo-Prunenion spinosae";"6"
"20724";"18";"20.0.2.0.11.2 Frangulo alni-Rubenion";"20.0.2.0.11.2";"Frangulo alni-Rubenion";"6"
"20725";"18";"20.0.2.0.11.3 Lonicero-Rubenion sylvatici";"20.0.2.0.11.3";"Lonicero-Rubenion sylvatici";"6"
"16515";"18";"20.0.2.0.2 Pruno spinosae-Rubion ulmifolii";"20.0.2.0.2";"Pruno spinosae-Rubion ulmifolii";"5"
"16516";"18";"20.0.2.0.3 Tamo communis-Viburnion lantanae";"20.0.2.0.3";"Tamo communis-Viburnion lantanae";"5"
"16517";"18";"20.0.2.0.4 Lonicerion periclymeni";"20.0.2.0.4";"Lonicerion periclymeni";"5"
"16518";"18";"20.0.2.0.5 Frangulo alni-Pyrion cordatae";"20.0.2.0.5";"Frangulo alni-Pyrion cordatae";"5"
"16519";"18";"20.0.2.0.6 Ulici europaei-Rubion ulmifolii";"20.0.2.0.6";"Ulici europaei-Rubion ulmifolii";"5"
"16520";"18";"20.0.2.0.7 Berberidion vulgaris";"20.0.2.0.7";"Berberidion vulgaris";"5"
"20726";"18";"20.0.2.0.7.1 Berberidenion vulgaris";"20.0.2.0.7.1";"Berberidenion vulgaris";"6"
"20727";"18";"20.0.2.0.7.2 Berberido vulgaris-Juniperenion sabinae";"20.0.2.0.7.2";"Berberido vulgaris-Juniperenion sabinae";"6"
"20728";"18";"20.0.2.0.7.3 Rosenion micranthae";"20.0.2.0.7.3";"Rosenion micranthae";"6"
"16521";"18";"20.0.2.0.8 Carpino betuli-Prunion spinosae";"20.0.2.0.8";"Carpino betuli-Prunion spinosae";"5"
"16522";"18";"20.0.2.0.9 Corylo avellanae-Populion tremulae";"20.0.2.0.9";"Corylo avellanae-Populion tremulae";"5"
"3492";"18";"20.0.3 Sambucetalia racemosae";"20.0.3";"Sambucetalia racemosae";"3"
"16523";"18";"20.0.3.0.1 Sambuco racemosae-Salicion capreae";"20.0.3.0.1";"Sambuco racemosae-Salicion capreae";"5"
"334";"18";"21 Crithmo maritimi-Staticetea";"21";"Crithmo maritimi-Staticetea";"1"
"3493";"18";"21.0.1 Crithmo maritimi-Staticetalia";"21.0.1";"Crithmo maritimi-Staticetalia";"3"
"16524";"18";"21.0.1.0.1 Crithmo maritimi-Limonion binervosi";"21.0.1.0.1";"Crithmo maritimi-Limonion binervosi";"5"
"16535";"18";"21.0.1.0.2 Crithmo maritimi-Staticion";"21.0.1.0.2";"Crithmo maritimi-Staticion";"5"
"16536";"18";"21.0.1.0.3 Erodion corsici";"21.0.1.0.3";"Erodion corsici";"5"
"335";"18";"22 Cytisetea scopario-striati";"22";"Cytisetea scopario-striati";"1"
"3494";"18";"22.0.1 Cytisetalia scopario-striati";"22.0.1";"Cytisetalia scopario-striati";"3"
"16525";"18";"22.0.1.0.1 Ulici europaei-Cytision striati";"22.0.1.0.1";"Ulici europaei-Cytision striati";"5"
"16526";"18";"22.0.1.0.2 Sarothamnion scoparii";"22.0.1.0.2";"Sarothamnion scoparii";"5"
"16527";"18";"22.0.1.0.3 Cytision oromediterraneo-scoparii";"22.0.1.0.3";"Cytision oromediterraneo-scoparii";"5"
"336";"18";"23 Epilobietea angustifolii";"23";"Epilobietea angustifolii";"1"
"3495";"18";"23.0.1 Atropetalia belladonnae";"23.0.1";"Atropetalia belladonnae";"3"
"16528";"18";"23.0.1.0.1 Atropion belladonnae";"23.0.1.0.1";"Atropion belladonnae";"5"
"16529";"18";"23.0.1.0.2 Epilobion angustifolii";"23.0.1.0.2";"Epilobion angustifolii";"5"
"337";"18";"24 Erico carneae-Pinetea sylvestris";"24";"Erico carneae-Pinetea sylvestris";"1"
"3496";"18";"24.0.1 Junipero hemisphaericae-Pinetalia sylvestris";"24.0.1";"Junipero hemisphaericae-Pinetalia sylvestris";"3"
"16530";"18";"24.0.1.0.1 Junipero intermediae-Pinion catalaunicae";"24.0.1.0.1";"Junipero intermediae-Pinion catalaunicae";"5"
"3497";"18";"24.0.2 Buxo sempervirentis-Pinetalia sylvestris";"24.0.2";"Buxo sempervirentis-Pinetalia sylvestris";"3"
"16531";"18";"24.0.2.0.1 Cephalanthero rubrae-Pinion sylvestris";"24.0.2.0.1";"Cephalanthero rubrae-Pinion sylvestris";"5"
"3498";"18";"24.0.3 Astragalo monspessulani-Pinetalia sylvestris";"24.0.3";"Astragalo monspessulani-Pinetalia sylvestris";"3"
"16532";"18";"24.0.3.0.1 Ononido rotundifolii-Pinion sylvestris";"24.0.3.0.1";"Ononido rotundifolii-Pinion sylvestris";"5"
"20729";"18";"24.0.3.0.1.1 Ononido rotundifolii-Pinenion sylvestris";"24.0.3.0.1.1";"Ononido rotundifolii-Pinenion sylvestris";"6"
"3499";"18";"24.0.4 Erico carneae-Pinetalia sylvestris";"24.0.4";"Erico carneae-Pinetalia sylvestris";"3"
"16533";"18";"24.0.4.0.1 Erico carneae-Pinion sylvestris";"24.0.4.0.1";"Erico carneae-Pinion sylvestris";"5"
"20730";"18";"24.0.4.0.1.1 Erico carneae-Pinenion sylvestris";"24.0.4.0.1.1";"Erico carneae-Pinenion sylvestris";"6"
"20731";"18";"24.0.4.0.1.2 Molinio arundinaceae-Pinenion sylvestris";"24.0.4.0.1.2";"Molinio arundinaceae-Pinenion sylvestris";"6"
"3500";"18";"24.0.5 Junipero-Pinetalia mugo";"24.0.5";"Junipero-Pinetalia mugo";"3"
"16534";"18";"24.0.5.0.1 Rhododendro hirsuti-Pinion mugo";"24.0.5.0.1";"Rhododendro hirsuti-Pinion mugo";"5"
"338";"18";"25 Euphorbio paraliae-Ammophiletea australis";"25";"Euphorbio paraliae-Ammophiletea australis";"1"
"3501";"18";"25.0.1 Ammophiletalia australis";"25.0.1";"Ammophiletalia australis";"3"
"16537";"18";"25.0.1.0.1 Ammophilion arenariae";"25.0.1.0.1";"Ammophilion arenariae";"5"
"20732";"18";"25.0.1.0.1.1 Agropyro boreoatlantici-Minuartienion peploidis";"25.0.1.0.1.1";"Agropyro boreoatlantici-Minuartienion peploidis";"6"
"20733";"18";"25.0.1.0.1.2 Ammophilenion arenariae";"25.0.1.0.1.2";"Ammophilenion arenariae";"6"
"20734";"18";"25.0.1.0.1.3 Euphorbio paraliae-Festucenion arenariae";"25.0.1.0.1.3";"Euphorbio paraliae-Festucenion arenariae";"6"
"16538";"18";"25.0.1.0.2 Ammophilion australis";"25.0.1.0.2";"Ammophilion australis";"5"
"20735";"18";"25.0.1.0.2.1 Sporobolenion arenarii";"25.0.1.0.2.1";"Sporobolenion arenarii";"6"
"20736";"18";"25.0.1.0.2.2 Sporobolo arenarii-Elymenion farcti";"25.0.1.0.2.2";"Sporobolo arenarii-Elymenion farcti";"6"
"20737";"18";"25.0.1.0.2.3 Ammophilenion australis";"25.0.1.0.2.3";"Ammophilenion australis";"6"
"16539";"18";"25.0.1.0.3 Crucianellion maritimae";"25.0.1.0.3";"Crucianellion maritimae";"5"
"339";"18";"26 Festuco valesiacae-Brometea erecti";"26";"Festuco valesiacae-Brometea erecti";"1"
"3502";"18";"26.0.1 Festucetalia valesiacae";"26.0.1";"Festucetalia valesiacae";"3"
"16540";"18";"26.0.1.0.1 Stipo capillatae-Poion carniolicae";"26.0.1.0.1";"Stipo capillatae-Poion carniolicae";"5"
"3503";"18";"26.0.2 Brometalia erecti";"26.0.2";"Brometalia erecti";"3"
"16541";"18";"26.0.2.0.1 Potentillo montanae-Brachypodion rupestris";"26.0.2.0.1";"Potentillo montanae-Brachypodion rupestris";"5"
"16542";"18";"26.0.2.0.2 Gentianello amarellae-Avenulion pratensis";"26.0.2.0.2";"Gentianello amarellae-Avenulion pratensis";"5"
"16543";"18";"26.0.2.0.3 Mesobromion erecti";"26.0.2.0.3";"Mesobromion erecti";"5"
"20738";"18";"26.0.2.0.3.1 Mesobromenion erecti";"26.0.2.0.3.1";"Mesobromenion erecti";"6"
"20739";"18";"26.0.2.0.3.2 Chamaespartio sagittalis-Agrostidenion tenuis";"26.0.2.0.3.2";"Chamaespartio sagittalis-Agrostidenion tenuis";"6"
"20740";"18";"26.0.2.0.3.3 Tetragonolobo maritimi-Mesobromenion erecti";"26.0.2.0.3.3";"Tetragonolobo maritimi-Mesobromenion erecti";"6"
"20741";"18";"26.0.2.0.3.4 Teucrio montani-Mesobromenion erecti";"26.0.2.0.3.4";"Teucrio montani-Mesobromenion erecti";"6"
"20742";"18";"26.0.2.0.3.5 Seslerio caeruleae-Mesobromenion erecti";"26.0.2.0.3.5";"Seslerio caeruleae-Mesobromenion erecti";"6"
"20743";"18";"26.0.2.0.3.6 Festucenion timbalii";"26.0.2.0.3.6";"Festucenion timbalii";"6"
"16544";"18";"26.0.2.0.4 Xerobromion erecti";"26.0.2.0.4";"Xerobromion erecti";"5"
"20744";"18";"26.0.2.0.4.1 Xerobromenion erecti";"26.0.2.0.4.1";"Xerobromenion erecti";"6"
"20745";"18";"26.0.2.0.4.2 Seslerio caeruleae-Xerobromenion erecti";"26.0.2.0.4.2";"Seslerio caeruleae-Xerobromenion erecti";"6"
"16545";"18";"26.0.2.0.5 Diantho gratianopolitani-Melicion ciliatae";"26.0.2.0.5";"Diantho gratianopolitani-Melicion ciliatae";"5"
"16546";"18";"26.0.2.0.6 Festuco amethystinae-Bromion erecti";"26.0.2.0.6";"Festuco amethystinae-Bromion erecti";"5"
"16547";"18";"26.0.2.0.7 Koelerio macranthae-Phleion phleoidis";"26.0.2.0.7";"Koelerio macranthae-Phleion phleoidis";"5"
"20746";"18";"26.0.2.0.7.1 Dactylorhizo latifoliae-Saxifragenion granulatae";"26.0.2.0.7.1";"Dactylorhizo latifoliae-Saxifragenion granulatae";"6"
"20747";"18";"26.0.2.0.7.2 Armerienion elongatae";"26.0.2.0.7.2";"Armerienion elongatae";"6"
"3504";"18";"26.0.3 Ononidetalia striatae";"26.0.3";"Ononidetalia striatae";"3"
"16548";"18";"26.0.3.0.1 Ononidion striatae";"26.0.3.0.1";"Ononidion striatae";"5"
"16549";"18";"26.0.3.0.2 Seslerion elegantissimae";"26.0.3.0.2";"Seslerion elegantissimae";"5"
"16550";"18";"26.0.3.0.3 Genistion lobelii";"26.0.3.0.3";"Genistion lobelii";"5"
"16552";"18";"26.0.3.0.5 Lavandulo angustifoliae-Genistion cinereae";"26.0.3.0.5";"Lavandulo angustifoliae-Genistion cinereae";"5"
"20748";"18";"26.0.3.0.5.1 Lavandulo angustifoliae-Genistenion cinereae";"26.0.3.0.5.1";"Lavandulo angustifoliae-Genistenion cinereae";"6"
"20749";"18";"26.0.3.0.5.2 Lilio pomponii-Artemisenion albae";"26.0.3.0.5.2";"Lilio pomponii-Artemisenion albae";"6"
"16553";"18";"26.0.3.0.6 Ononidion cenisiae";"26.0.3.0.6";"Ononidion cenisiae";"5"
"20750";"18";"26.0.3.0.6.1 Ononidenion cristatae";"26.0.3.0.6.1";"Ononidenion cristatae";"6"
"20751";"18";"26.0.3.0.6.2 Ononido cristatae-Helictotrichenion sempervirentis";"26.0.3.0.6.2";"Ononido cristatae-Helictotrichenion sempervirentis";"6"
"16554";"18";"26.0.3.0.7 Festucion scopariae";"26.0.3.0.7";"Festucion scopariae";"5"
"340";"18";"27 Festuco-Seslerietea caeruleae";"27";"Festuco-Seslerietea caeruleae";"1"
"3505";"18";"27.0.1 Seslerietalia caeruleae";"27.0.1";"Seslerietalia caeruleae";"3"
"16555";"18";"27.0.1.0.1 Avenion sempervirentis";"27.0.1.0.1";"Avenion sempervirentis";"5"
"16556";"18";"27.0.1.0.2 Seslerion caeruleae";"27.0.1.0.2";"Seslerion caeruleae";"5"
"20752";"18";"27.0.1.0.2.1 Drabo aizoidis-Seslerienion caeruleae";"27.0.1.0.2.1";"Drabo aizoidis-Seslerienion caeruleae";"6"
"20753";"18";"27.0.1.0.2.2 Seslerienion caeruleae";"27.0.1.0.2.2";"Seslerienion caeruleae";"6"
"20754";"18";"27.0.1.0.2.3 Agrostio capillaris-Seslerienion caeruleae";"27.0.1.0.2.3";"Agrostio capillaris-Seslerienion caeruleae";"6"
"16557";"18";"27.0.1.0.3 Caricion ferrugineae";"27.0.1.0.3";"Caricion ferrugineae";"5"
"16558";"18";"27.0.1.0.4 Primulion intricatae";"27.0.1.0.4";"Primulion intricatae";"5"
"16559";"18";"27.0.1.0.5 Laserpitio nestleri-Ranunculion thorae";"27.0.1.0.5";"Laserpitio nestleri-Ranunculion thorae";"5"
"341";"18";"28 Filipendulo ulmariae-Convolvuletea sepium";"28";"Filipendulo ulmariae-Convolvuletea sepium";"1"
"3506";"18";"28.0.1 Convolvuletalia sepium";"28.0.1";"Convolvuletalia sepium";"3"
"16560";"18";"28.0.1.0.1 Convolvulion sepium";"28.0.1.0.1";"Convolvulion sepium";"5"
"16561";"18";"28.0.1.0.2 Angelicion litoralis";"28.0.1.0.2";"Angelicion litoralis";"5"
"16562";"18";"28.0.1.0.3 Dorycnion recti";"28.0.1.0.3";"Dorycnion recti";"5"
"3507";"18";"28.0.2 Petasito hybridi-Chaerophylletalia hirsuti";"28.0.2";"Petasito hybridi-Chaerophylletalia hirsuti";"3"
"16563";"18";"28.0.2.0.1 Petasition officinalis";"28.0.2.0.1";"Petasition officinalis";"5"
"3508";"18";"28.0.3 Filipenduletalia ulmariae";"28.0.3";"Filipenduletalia ulmariae";"3"
"16564";"18";"28.0.3.0.1 Thalictro flavi-Filipendulion ulmariae";"28.0.3.0.1";"Thalictro flavi-Filipendulion ulmariae";"5"
"16565";"18";"28.0.3.0.2 Filipendulo ulmariae-Petasition";"28.0.3.0.2";"Filipendulo ulmariae-Petasition";"5"
"342";"18";"29 Galio aparines-Urticetea dioicae";"29";"Galio aparines-Urticetea dioicae";"1"
"3509";"18";"29.0.1 Galio aparines-Alliarietalia petiolatae";"29.0.1";"Galio aparines-Alliarietalia petiolatae";"3"
"16566";"18";"29.0.1.0.1 Aegopodion podagrariae";"29.0.1.0.1";"Aegopodion podagrariae";"5"
"16567";"18";"29.0.1.0.2 Geo urbani-Alliarion petiolatae";"29.0.1.0.2";"Geo urbani-Alliarion petiolatae";"5"
"3510";"18";"29.0.2 Impatienti noli-tangere-Stachyetalia sylvaticae";"29.0.2";"Impatienti noli-tangere-Stachyetalia sylvaticae";"3"
"16568";"18";"29.0.2.0.1 Impatienti noli-tangere-Stachyion sylvaticae";"29.0.2.0.1";"Impatienti noli-tangere-Stachyion sylvaticae";"5"
"343";"18";"3 Agrostietea stoloniferae";"3";"Agrostietea stoloniferae";"1"
"3511";"18";"3.0.1 Potentillo anserinae-Polygonetalia avicularis";"3.0.1";"Potentillo anserinae-Polygonetalia avicularis";"3"
"16569";"18";"3.0.1.0.1 Bromion racemosi";"3.0.1.0.1";"Bromion racemosi";"5"
"16570";"18";"3.0.1.0.2 Alopecurion utriculati";"3.0.1.0.2";"Alopecurion utriculati";"5"
"16571";"18";"3.0.1.0.3 Alopecurion pratensis";"3.0.1.0.3";"Alopecurion pratensis";"5"
"16572";"18";"3.0.1.0.4 Loto tenuis-Trifolion fragiferi";"3.0.1.0.4";"Loto tenuis-Trifolion fragiferi";"5"
"16573";"18";"3.0.1.0.5 Mentho longifoliae-Juncion inflexi";"3.0.1.0.5";"Mentho longifoliae-Juncion inflexi";"5"
"16574";"18";"3.0.1.0.6 Potentillion anserinae";"3.0.1.0.6";"Potentillion anserinae";"5"
"3512";"18";"3.0.2 Eleocharitetalia palustris";"3.0.2";"Eleocharitetalia palustris";"3"
"16575";"18";"3.0.2.0.1 Oenanthion fistulosae";"3.0.2.0.1";"Oenanthion fistulosae";"5"
"16576";"18";"3.0.2.0.2 Cnidion venosi";"3.0.2.0.2";"Cnidion venosi";"5"
"3513";"18";"3.0.3 Paspalo distichi-Polypogonetalia semiverticillatae";"3.0.3";"Paspalo distichi-Polypogonetalia semiverticillatae";"3"
"16577";"18";"3.0.3.0.1 Paspalo distichi-Agrostion semiverticillatae";"3.0.3.0.1";"Paspalo distichi-Agrostion semiverticillatae";"5"
"344";"18";"30 Glycerio fluitantis-Nasturtietea officinalis";"30";"Glycerio fluitantis-Nasturtietea officinalis";"1"
"3514";"18";"30.0.1 Nasturtio officinalis-Glycerietalia fluitantis";"30.0.1";"Nasturtio officinalis-Glycerietalia fluitantis";"3"
"16578";"18";"30.0.1.0.1 Glycerio fluitantis-Sparganion neglecti";"30.0.1.0.1";"Glycerio fluitantis-Sparganion neglecti";"5"
"16579";"18";"30.0.1.0.2 Apion nodiflori";"30.0.1.0.2";"Apion nodiflori";"5"
"345";"18";"31 Halodulo wrigthii-Thalassietea testudinum";"31";"Halodulo wrigthii-Thalassietea testudinum";"1"
"3515";"18";"31.0.1 Thalassio testudinum-Syringodietalia filiformis";"31.0.1";"Thalassio testudinum-Syringodietalia filiformis";"3"
"16580";"18";"31.0.1.0.1 Syringodio filiformis-Thalassion testudinum";"31.0.1.0.1";"Syringodio filiformis-Thalassion testudinum";"5"
"346";"18";"32 Helianthemetea guttati";"32";"Helianthemetea guttati";"1"
"3516";"18";"32.0.1 Helianthemetalia guttati";"32.0.1";"Helianthemetalia guttati";"3"
"16581";"18";"32.0.1.0.1 Vulpion ligusticae";"32.0.1.0.1";"Vulpion ligusticae";"5"
"16582";"18";"32.0.1.0.2 Helianthemion guttati";"32.0.1.0.2";"Helianthemion guttati";"5"
"16583";"18";"32.0.1.0.3 Thero-Airion";"32.0.1.0.3";"Thero-Airion";"5"
"3517";"18";"32.0.2 Malcolmietalia ramosissimae";"32.0.2";"Malcolmietalia ramosissimae";"3"
"16584";"18";"32.0.2.0.1 Maresio nanae-Malcolmion ramosissimae";"32.0.2.0.1";"Maresio nanae-Malcolmion ramosissimae";"5"
"16585";"18";"32.0.2.0.2 Laguro ovati-Vulpion fasciculatae";"32.0.2.0.2";"Laguro ovati-Vulpion fasciculatae";"5"
"347";"18";"33 Honckenyo peploidis-Elymetea arenarii";"33";"Honckenyo peploidis-Elymetea arenarii";"1"
"3518";"18";"33.0.1 Honckenyo peploidis-Elymetalia arenarii";"33.0.1";"Honckenyo peploidis-Elymetalia arenarii";"3"
"16586";"18";"33.0.1.0.1 Honckenyo peploidis-Elymion arenarii";"33.0.1.0.1";"Honckenyo peploidis-Elymion arenarii";"5"
"16587";"18";"33.0.1.0.2 Honckenyo latifoliae-Crambion maritimae";"33.0.1.0.2";"Honckenyo latifoliae-Crambion maritimae";"5"
"348";"18";"34 Isoeto durieui-Juncetea bufonii";"34";"Isoeto durieui-Juncetea bufonii";"1"
"3519";"18";"34.0.1 Isoetetalia durieui";"34.0.1";"Isoetetalia durieui";"3"
"16588";"18";"34.0.1.0.1 Isoetion durieui";"34.0.1.0.1";"Isoetion durieui";"5"
"16589";"18";"34.0.1.0.2 Cicendion filiformis";"34.0.1.0.2";"Cicendion filiformis";"5"
"3520";"18";"34.0.2 Elatino triandrae-Cyperetalia fusci";"34.0.2";"Elatino triandrae-Cyperetalia fusci";"3"
"16590";"18";"34.0.2.0.1 Helochloion schoenoidis";"34.0.2.0.1";"Helochloion schoenoidis";"5"
"16591";"18";"34.0.2.0.2 Lythrion tribracteati";"34.0.2.0.2";"Lythrion tribracteati";"5"
"16592";"18";"34.0.2.0.3 Elatino triandrae-Eleocharition ovatae";"34.0.2.0.3";"Elatino triandrae-Eleocharition ovatae";"5"
"3521";"18";"34.0.3 Nanocyperetalia flavescentis";"34.0.3";"Nanocyperetalia flavescentis";"3"
"16593";"18";"34.0.3.0.1 Radiolion linoidis";"34.0.3.0.1";"Radiolion linoidis";"5"
"16594";"18";"34.0.3.0.2 Nanocyperion flavescentis";"34.0.3.0.2";"Nanocyperion flavescentis";"5"
"349";"18";"35 Juncetea maritimi";"35";"Juncetea maritimi";"1"
"3522";"18";"35.0.1 Juncetalia maritimi";"35.0.1";"Juncetalia maritimi";"3"
"16595";"18";"35.0.1.0.1 Juncion maritimi";"35.0.1.0.1";"Juncion maritimi";"5"
"20755";"18";"35.0.1.0.1.1 Puccinellienion festuciformis";"35.0.1.0.1.1";"Puccinellienion festuciformis";"6"
"20756";"18";"35.0.1.0.1.2 Juncenion maritimi";"35.0.1.0.1.2";"Juncenion maritimi";"6"
"20757";"18";"35.0.1.0.1.3 Puccinellio festuciformis-Caricenion extensae";"35.0.1.0.1.3";"Puccinellio festuciformis-Caricenion extensae";"6"
"16596";"18";"35.0.1.0.2 Halo-Artemision coerulescentis";"35.0.1.0.2";"Halo-Artemision coerulescentis";"5"
"16597";"18";"35.0.1.0.3 Plantaginion crassifoliae";"35.0.1.0.3";"Plantaginion crassifoliae";"5"
"353";"18";"36 Koelerio glaucae-Corynephoretea canescentis";"36";"Koelerio glaucae-Corynephoretea canescentis";"1"
"3527";"18";"36.0.1 Corynephoretalia canescentis";"36.0.1";"Corynephoretalia canescentis";"3"
"16598";"18";"36.0.1.0.1 Corynephorion canescentis";"36.0.1.0.1";"Corynephorion canescentis";"5"
"16599";"18";"36.0.1.0.2 Armerion junceae";"36.0.1.0.2";"Armerion junceae";"5"
"16600";"18";"36.0.1.0.3 Koelerion glaucae";"36.0.1.0.3";"Koelerion glaucae";"5"
"16601";"18";"36.0.1.0.4 Sileno conicae-Cerastion semidecandri";"36.0.1.0.4";"Sileno conicae-Cerastion semidecandri";"5"
"3523";"18";"36.0.2 Artemisio lloydii-Koelerietalia albescentis";"36.0.2";"Artemisio lloydii-Koelerietalia albescentis";"3"
"16602";"18";"36.0.2.0.1 Koelerion albescentis";"36.0.2.0.1";"Koelerion albescentis";"5"
"16603";"18";"36.0.2.0.2 Euphorbio portandlicae-Helichrysion staechadis";"36.0.2.0.2";"Euphorbio portandlicae-Helichrysion staechadis";"5"
"350";"18";"37 Lemnetea minoris";"37";"Lemnetea minoris";"1"
"3524";"18";"37.0.1 Lemnetalia minoris";"37.0.1";"Lemnetalia minoris";"3"
"16604";"18";"37.0.1.0.1 Lemnion minoris";"37.0.1.0.1";"Lemnion minoris";"5"
"16605";"18";"37.0.1.0.2 Lemnion trisulcae";"37.0.1.0.2";"Lemnion trisulcae";"5"
"16606";"18";"37.0.1.0.3 Hydrocharition morsus-ranae";"37.0.1.0.3";"Hydrocharition morsus-ranae";"5"
"351";"18";"38 Littorelletea uniflorae";"38";"Littorelletea uniflorae";"1"
"3525";"18";"38.0.1 Littorelletalia uniflorae";"38.0.1";"Littorelletalia uniflorae";"3"
"16607";"18";"38.0.1.0.1 Littorellion uniflorae";"38.0.1.0.1";"Littorellion uniflorae";"5"
"16608";"18";"38.0.1.0.2 Lobelion dortmannae";"38.0.1.0.2";"Lobelion dortmannae";"5"
"16609";"18";"38.0.1.0.3 Elodo palustris-Sparganion";"38.0.1.0.3";"Elodo palustris-Sparganion";"5"
"16610";"18";"38.0.1.0.4 Eleocharition acicularis";"38.0.1.0.4";"Eleocharition acicularis";"5"
"352";"18";"39 Loiseleurio procumbentis-Vaccinietea microphylli";"39";"Loiseleurio procumbentis-Vaccinietea microphylli";"1"
"3526";"18";"39.0.1 Rhododendro ferruginei-Vaccinietalia microphylli";"39.0.1";"Rhododendro ferruginei-Vaccinietalia microphylli";"3"
"16611";"18";"39.0.1.0.1 Arctostaphylo-Cetrarion nivalis";"39.0.1.0.1";"Arctostaphylo-Cetrarion nivalis";"5"
"16612";"18";"39.0.1.0.2 Loiseleurio procumbentis-Vaccinion microphylli";"39.0.1.0.2";"Loiseleurio procumbentis-Vaccinion microphylli";"5"
"16613";"18";"39.0.1.0.3 Rhododendro ferruginei-Vaccinion myrtilli";"39.0.1.0.3";"Rhododendro ferruginei-Vaccinion myrtilli";"5"
"16614";"18";"39.0.1.0.4 Juniperion nanae";"39.0.1.0.4";"Juniperion nanae";"5"
"16615";"18";"39.0.1.0.5 Ericion carneae";"39.0.1.0.5";"Ericion carneae";"5"
"354";"18";"4 Alnetea glutinosae";"4";"Alnetea glutinosae";"1"
"3528";"18";"4.0.1 Salicetalia auritae";"4.0.1";"Salicetalia auritae";"3"
"16616";"18";"4.0.1.0.1 Salicion cinereae";"4.0.1.0.1";"Salicion cinereae";"5"
"3529";"18";"4.0.2 Alnetalia glutinosae";"4.0.2";"Alnetalia glutinosae";"3"
"16617";"18";"4.0.2.0.1 Alnion glutinosae";"4.0.2.0.1";"Alnion glutinosae";"5"
"16618";"18";"4.0.2.0.2 Sphagno-Alnion glutinosae";"4.0.2.0.2";"Sphagno-Alnion glutinosae";"5"
"355";"18";"40 Lygeo sparti-Stipetea tenacissimae";"40";"Lygeo sparti-Stipetea tenacissimae";"1"
"3530";"18";"40.0.1 Lygeo sparti-Stipetalia tenacissimae";"40.0.1";"Lygeo sparti-Stipetalia tenacissimae";"3"
"16619";"18";"40.0.1.0.1 Phlomido lychnitidis-Brachypodion retusi";"40.0.1.0.1";"Phlomido lychnitidis-Brachypodion retusi";"5"
"3531";"18";"40.0.2 Hyparrhenietalia hirtae";"40.0.2";"Hyparrhenietalia hirtae";"3"
"16620";"18";"40.0.2.0.1 Saturejo graecae-Hyparrhenion hirtae";"40.0.2.0.1";"Saturejo graecae-Hyparrhenion hirtae";"5"
"3532";"18";"40.0.3 Brachypodietalia phoenicoidis";"40.0.3";"Brachypodietalia phoenicoidis";"3"
"16621";"18";"40.0.3.0.1 Brachypodion phoenicoidis";"40.0.3.0.1";"Brachypodion phoenicoidis";"5"
"356";"18";"41 Melampyro pratensis-Holcetea mollis";"41";"Melampyro pratensis-Holcetea mollis";"1"
"3533";"18";"41.0.1 Melampyro pratensis-Holcetalia mollis";"41.0.1";"Melampyro pratensis-Holcetalia mollis";"3"
"16622";"18";"41.0.1.0.1 Potentillo erectae-Holcion mollis";"41.0.1.0.1";"Potentillo erectae-Holcion mollis";"5"
"16623";"18";"41.0.1.0.2 Holco mollis-Pteridion aquilini";"41.0.1.0.2";"Holco mollis-Pteridion aquilini";"5"
"16624";"18";"41.0.1.0.3 Melampyrion pratensis";"41.0.1.0.3";"Melampyrion pratensis";"5"
"16625";"18";"41.0.1.0.4 Conopodio majoris-Teucrion scorodoniae";"41.0.1.0.4";"Conopodio majoris-Teucrion scorodoniae";"5"
"16626";"18";"41.0.1.0.5 Melampyro sylvatici-Poion chaixii";"41.0.1.0.5";"Melampyro sylvatici-Poion chaixii";"5"
"357";"18";"42 Molinio caeruleae-Juncetea acutiflori";"42";"Molinio caeruleae-Juncetea acutiflori";"1"
"3534";"18";"42.0.1 Molinietalia caeruleae";"42.0.1";"Molinietalia caeruleae";"3"
"16627";"18";"42.0.1.0.1 Calthion palustris";"42.0.1.0.1";"Calthion palustris";"5"
"16628";"18";"42.0.1.0.2 Juncion acutiflori";"42.0.1.0.2";"Juncion acutiflori";"5"
"20758";"18";"42.0.1.0.2.1 Caro verticillati-Juncenion acutiflori";"42.0.1.0.2.1";"Caro verticillati-Juncenion acutiflori";"6"
"20759";"18";"42.0.1.0.2.2 Anagallido tenellae-Juncenion acutiflori";"42.0.1.0.2.2";"Anagallido tenellae-Juncenion acutiflori";"6"
"20760";"18";"42.0.1.0.2.3 Serratulo seoanei-Molinienion caeruleae";"42.0.1.0.2.3";"Serratulo seoanei-Molinienion caeruleae";"6"
"20761";"18";"42.0.1.0.2.4 Polygono bistortae-Juncenion acutiflori";"42.0.1.0.2.4";"Polygono bistortae-Juncenion acutiflori";"6"
"20762";"18";"42.0.1.0.2.5 Juncenion acutiflori";"42.0.1.0.2.5";"Juncenion acutiflori";"6"
"16629";"18";"42.0.1.0.3 Molinion caeruleae";"42.0.1.0.3";"Molinion caeruleae";"5"
"20763";"18";"42.0.1.0.3.1 Allio angulosi-Molinienion caeruleae";"42.0.1.0.3.1";"Allio angulosi-Molinienion caeruleae";"6"
"20764";"18";"42.0.1.0.3.2 Carici davallianae-Molinienion caeruleae";"42.0.1.0.3.2";"Carici davallianae-Molinienion caeruleae";"6"
"16630";"18";"42.0.1.0.4 Deschampsio mediae-Molinion arundinaceae";"42.0.1.0.4";"Deschampsio mediae-Molinion arundinaceae";"5"
"3535";"18";"42.0.2 Holoschoenetalia vulgaris";"42.0.2";"Holoschoenetalia vulgaris";"3"
"16631";"18";"42.0.2.0.1 Molinio arundinaceae-Holoschoenion vulgaris";"42.0.2.0.1";"Molinio arundinaceae-Holoschoenion vulgaris";"5"
"16632";"18";"42.0.2.0.2 Deschampsion mediae";"42.0.2.0.2";"Deschampsion mediae";"5"
"358";"18";"43 Montio fontanae-Cardaminetea amarae";"43";"Montio fontanae-Cardaminetea amarae";"1"
"3536";"18";"43.0.1 Cardamino amarae-Chrysosplenietalia alternifolii";"43.0.1";"Cardamino amarae-Chrysosplenietalia alternifolii";"3"
"16633";"18";"43.0.1.0.1 Cochlearion pyrenaicae";"43.0.1.0.1";"Cochlearion pyrenaicae";"5"
"16634";"18";"43.0.1.0.2 Pellion endiviifoliae";"43.0.1.0.2";"Pellion endiviifoliae";"5"
"16635";"18";"43.0.1.0.3 Riccardio pinguis-Eucladion verticillati";"43.0.1.0.3";"Riccardio pinguis-Eucladion verticillati";"5"
"16636";"18";"43.0.1.0.4 Caricion remotae";"43.0.1.0.4";"Caricion remotae";"5"
"20765";"18";"43.0.1.0.4.1 Caricenion remotae";"43.0.1.0.4.1";"Caricenion remotae";"6"
"3537";"18";"43.0.2 Montio fontanae-Cardaminetalia amarae";"43.0.2";"Montio fontanae-Cardaminetalia amarae";"3"
"16637";"18";"43.0.2.0.1 Epilobio nutantis-Montion fontanae";"43.0.2.0.1";"Epilobio nutantis-Montion fontanae";"5"
"16638";"18";"43.0.2.0.2 Cratoneurion commutati";"43.0.2.0.2";"Cratoneurion commutati";"5"
"16639";"18";"43.0.2.0.3 Cardamino amarae-Montion fontanae";"43.0.2.0.3";"Cardamino amarae-Montion fontanae";"5"
"20766";"18";"43.0.2.0.3.1 Cardamino amarae-Montienion fontanae";"43.0.2.0.3.1";"Cardamino amarae-Montienion fontanae";"6"
"16640";"18";"43.0.2.0.4 Dermatocarpion rivulorum";"43.0.2.0.4";"Dermatocarpion rivulorum";"5"
"359";"18";"44 Mulgedio alpini-Aconitetea variegati";"44";"Mulgedio alpini-Aconitetea variegati";"1"
"3538";"18";"44.0.1 Calamagrostietalia villosae";"44.0.1";"Calamagrostietalia villosae";"3"
"16641";"18";"44.0.1.0.1 Calamagrostion arundinaceae";"44.0.1.0.1";"Calamagrostion arundinaceae";"5"
"16642";"18";"44.0.1.0.2 Calamagrostion villosae";"44.0.1.0.2";"Calamagrostion villosae";"5"
"3539";"18";"44.0.2 Adenostyletalia alliariae";"44.0.2";"Adenostyletalia alliariae";"3"
"16643";"18";"44.0.2.0.1 Adenostylion alliariae";"44.0.2.0.1";"Adenostylion alliariae";"5"
"16644";"18";"44.0.2.0.2 Arunco dioici-Petasition albi";"44.0.2.0.2";"Arunco dioici-Petasition albi";"5"
"16645";"18";"44.0.2.0.3 Doronicion corsici";"44.0.2.0.3";"Doronicion corsici";"5"
"360";"18";"45 Nardetea strictae";"45";"Nardetea strictae";"1"
"3540";"18";"45.0.1 Nardetalia strictae";"45.0.1";"Nardetalia strictae";"3"
"16646";"18";"45.0.1.0.1 Agrostion curtisii";"45.0.1.0.1";"Agrostion curtisii";"5"
"16647";"18";"45.0.1.0.2 Galio saxatilis-Festucion filiformis";"45.0.1.0.2";"Galio saxatilis-Festucion filiformis";"5"
"16648";"18";"45.0.1.0.3 Violion caninae";"45.0.1.0.3";"Violion caninae";"5"
"16649";"18";"45.0.1.0.4 Carici arenariae-Festucion filiformis";"45.0.1.0.4";"Carici arenariae-Festucion filiformis";"5"
"16650";"18";"45.0.1.0.5 Nardo strictae-Juncion squarrosi";"45.0.1.0.5";"Nardo strictae-Juncion squarrosi";"5"
"361";"18";"46 Nerio oleandri-Tamaricetea africanae";"46";"Nerio oleandri-Tamaricetea africanae";"1"
"3541";"18";"46.0.1 Tamaricetalia africanae";"46.0.1";"Tamaricetalia africanae";"3"
"16651";"18";"46.0.1.0.1 Tamaricion africanae";"46.0.1.0.1";"Tamaricion africanae";"5"
"16652";"18";"46.0.1.0.2 Rubo ulmifolii-Nerion oleandri";"46.0.1.0.2";"Rubo ulmifolii-Nerion oleandri";"5"
"16653";"18";"46.0.1.0.3 Imperato cylindricae-Erianthion ravennae";"46.0.1.0.3";"Imperato cylindricae-Erianthion ravennae";"5"
"362";"18";"47 Oryzetea sativae";"47";"Oryzetea sativae";"1"
"3542";"18";"47.0.1 Cypero difformis-Echinochloetalia oryzoidis";"47.0.1";"Cypero difformis-Echinochloetalia oryzoidis";"3"
"16654";"18";"47.0.1.0.1 Oryzo sativae-Echinochloion oryzoidis";"47.0.1.0.1";"Oryzo sativae-Echinochloion oryzoidis";"5"
"363";"18";"48 Oxycocco palustris-Sphagnetea magellanici";"48";"Oxycocco palustris-Sphagnetea magellanici";"1"
"3543";"18";"48.0.1 Erico tetralicis-Sphagnetalia papillosi";"48.0.1";"Erico tetralicis-Sphagnetalia papillosi";"3"
"16655";"18";"48.0.1.0.1 Oxycocco palustris-Ericion tetralicis";"48.0.1.0.1";"Oxycocco palustris-Ericion tetralicis";"5"
"16656";"18";"48.0.1.0.2 Ericion tetralicis";"48.0.1.0.2";"Ericion tetralicis";"5"
"3544";"18";"48.0.2 Sphagnetalia medii";"48.0.2";"Sphagnetalia medii";"3"
"16657";"18";"48.0.2.0.1 Sphagnion medii";"48.0.2.0.1";"Sphagnion medii";"5"
"364";"18";"49 Parietarietea judaicae";"49";"Parietarietea judaicae";"1"
"3545";"18";"49.0.1 Parietarietalia judaicae";"49.0.1";"Parietarietalia judaicae";"3"
"16496";"18";"49.0.1.0.1 Parietario judaicae-Galion muralis";"49.0.1.0.1";"Parietario judaicae-Galion muralis";"5"
"16497";"18";"49.0.1.0.2 Cymbalario muralis-Asplenion rutae-murariae";"49.0.1.0.2";"Cymbalario muralis-Asplenion rutae-murariae";"5"
"16498";"18";"49.0.1.0.3 Brassicion oleraceae";"49.0.1.0.3";"Brassicion oleraceae";"5"
"331";"18";"5 Anogrammo leptophyllae-Polypodietea cambrici";"5";"Anogrammo leptophyllae-Polypodietea cambrici";"1"
"3487";"18";"5.0.1 Anomodonto viticulosi-Polypodietalia cambrici";"5.0.1";"Anomodonto viticulosi-Polypodietalia cambrici";"3"
"16499";"18";"5.0.1.0.1 Bartramio strictae-Polypodion serrati";"5.0.1.0.1";"Bartramio strictae-Polypodion serrati";"5"
"16500";"18";"5.0.1.0.2 Hymenophyllion tunbrigensis";"5.0.1.0.2";"Hymenophyllion tunbrigensis";"5"
"16501";"18";"5.0.1.0.3 Polypodion serrati";"5.0.1.0.3";"Polypodion serrati";"5"
"16502";"18";"5.0.1.0.4 Selaginello denticulatae-Anogrammion leptophyllae";"5.0.1.0.4";"Selaginello denticulatae-Anogrammion leptophyllae";"5"
"332";"18";"50 Pegano harmalae-Salsoletea vermiculatae";"50";"Pegano harmalae-Salsoletea vermiculatae";"1"
"3488";"18";"50.0.1 Salsolo vermiculatae-Peganetalia harmalae";"50.0.1";"Salsolo vermiculatae-Peganetalia harmalae";"3"
"16503";"18";"50.0.1.0.1 Salsolo vermiculatae-Artemision arborescentis";"50.0.1.0.1";"Salsolo vermiculatae-Artemision arborescentis";"5"
"333";"18";"51 Phragmiti australis-Magnocaricetea elatae";"51";"Phragmiti australis-Magnocaricetea elatae";"1"
"3489";"18";"51.0.1 Phragmitetalia australis";"51.0.1";"Phragmitetalia australis";"3"
"16504";"18";"51.0.1.0.1 Phragmition communis";"51.0.1.0.1";"Phragmition communis";"5"
"16505";"18";"51.0.1.0.2 Oenanthion aquaticae";"51.0.1.0.2";"Oenanthion aquaticae";"5"
"16506";"18";"51.0.1.0.3 Phalaridion arundinaceae";"51.0.1.0.3";"Phalaridion arundinaceae";"5"
"3490";"18";"51.0.2 Magnocaricetalia elatae";"51.0.2";"Magnocaricetalia elatae";"3"
"16507";"18";"51.0.2.0.1 Magnocaricion elatae";"51.0.2.0.1";"Magnocaricion elatae";"5"
"16508";"18";"51.0.2.0.2 Caricion gracilis";"51.0.2.0.2";"Caricion gracilis";"5"
"16509";"18";"51.0.2.0.3 Carici pseudocyperi-Rumicion hydrolapathi";"51.0.2.0.3";"Carici pseudocyperi-Rumicion hydrolapathi";"5"
"3491";"18";"51.0.3 Scirpetalia compacti";"51.0.3";"Scirpetalia compacti";"3"
"16510";"18";"51.0.3.0.1 Scirpion compacti";"51.0.3.0.1";"Scirpion compacti";"5"
"16511";"18";"51.0.3.0.2 Scirpion compacto-littoralis";"51.0.3.0.2";"Scirpion compacto-littoralis";"5"
"305";"18";"52 Pino sylvestris-Juniperetea sabinae";"52";"Pino sylvestris-Juniperetea sabinae";"1"
"3438";"18";"52.0.1 Pino sylvestris-Juniperetalia sabinae";"52.0.1";"Pino sylvestris-Juniperetalia sabinae";"3"
"16373";"18";"52.0.1.0.1 Juniperion thuriferae";"52.0.1.0.1";"Juniperion thuriferae";"5"
"306";"18";"53 Polygono arenastri-Poetea annuae";"53";"Polygono arenastri-Poetea annuae";"1"
"3439";"18";"53.0.1 Polygono arenastri-Poetalia annuae";"53.0.1";"Polygono arenastri-Poetalia annuae";"3"
"16374";"18";"53.0.1.0.1 Saginion procumbentis";"53.0.1.0.1";"Saginion procumbentis";"5"
"16375";"18";"53.0.1.0.2 Polygono arenastri-Coronopodion squamati";"53.0.1.0.2";"Polygono arenastri-Coronopodion squamati";"5"
"16376";"18";"53.0.1.0.3 Polycarpion tetraphylli";"53.0.1.0.3";"Polycarpion tetraphylli";"5"
"16377";"18";"53.0.1.0.4 Sclerochloo durae-Coronopodion squamati";"53.0.1.0.4";"Sclerochloo durae-Coronopodion squamati";"5"
"307";"18";"54 Posidonietea oceanicae";"54";"Posidonietea oceanicae";"1"
"3440";"18";"54.0.1 Posidonietalia oceanicae";"54.0.1";"Posidonietalia oceanicae";"3"
"16378";"18";"54.0.1.0.1 Posidonion oceanicae";"54.0.1.0.1";"Posidonion oceanicae";"5"
"308";"18";"55 Potametea pectinati";"55";"Potametea pectinati";"1"
"3441";"18";"55.0.1 Potametalia pectinati";"55.0.1";"Potametalia pectinati";"3"
"16379";"18";"55.0.1.0.1 Nymphaeion albae";"55.0.1.0.1";"Nymphaeion albae";"5"
"16380";"18";"55.0.1.0.2 Potamion pectinati";"55.0.1.0.2";"Potamion pectinati";"5"
"16381";"18";"55.0.1.0.3 Potamion polygonifolii";"55.0.1.0.3";"Potamion polygonifolii";"5"
"16382";"18";"55.0.1.0.4 Ranunculion aquatilis";"55.0.1.0.4";"Ranunculion aquatilis";"5"
"16383";"18";"55.0.1.0.5 Batrachion fluitantis";"55.0.1.0.5";"Batrachion fluitantis";"5"
"309";"18";"56 Quercetea ilicis";"56";"Quercetea ilicis";"1"
"3442";"18";"56.0.1 Quercetalia ilicis";"56.0.1";"Quercetalia ilicis";"3"
"16384";"18";"56.0.1.0.1 Quercion ilicis";"56.0.1.0.1";"Quercion ilicis";"5"
"20668";"18";"56.0.1.0.1.1 Quercenion ilicis";"56.0.1.0.1.1";"Quercenion ilicis";"6"
"20669";"18";"56.0.1.0.1.2 Quercenion suberis";"56.0.1.0.1.2";"Quercenion suberis";"6"
"20670";"18";"56.0.1.0.1.3 Querco ilicis-Pinenion maritimi";"56.0.1.0.1.3";"Querco ilicis-Pinenion maritimi";"6"
"3443";"18";"56.0.2 Pistacio lentisci-Rhamnetalia alaterni";"56.0.2";"Pistacio lentisci-Rhamnetalia alaterni";"3"
"16385";"18";"56.0.2.0.1 Ericion arboreae";"56.0.2.0.1";"Ericion arboreae";"5"
"16386";"18";"56.0.2.0.2 Oleo sylvestris-Ceratonion siliquae";"56.0.2.0.2";"Oleo sylvestris-Ceratonion siliquae";"5"
"16387";"18";"56.0.2.0.3 Rhamno lycioidis-Quercion cocciferae";"56.0.2.0.3";"Rhamno lycioidis-Quercion cocciferae";"5"
"16388";"18";"56.0.2.0.4 Juniperion turbinatae";"56.0.2.0.4";"Juniperion turbinatae";"5"
"310";"18";"57 Querco roboris-Fagetea sylvaticae";"57";"Querco roboris-Fagetea sylvaticae";"1"
"3444";"18";"57.0.1 Quercetalia pubescenti-sessiliflorae";"57.0.1";"Quercetalia pubescenti-sessiliflorae";"3"
"16389";"18";"57.0.1.0.1 Quercion pubescenti-sessiliflorae";"57.0.1.0.1";"Quercion pubescenti-sessiliflorae";"5"
"20671";"18";"57.0.1.0.1.1 Buxo sempervirentis-Quercenion pubescentis";"57.0.1.0.1.1";"Buxo sempervirentis-Quercenion pubescentis";"6"
"20672";"18";"57.0.1.0.1.2 Sorbo ariae-Quercenion pubescentis";"57.0.1.0.1.2";"Sorbo ariae-Quercenion pubescentis";"6"
"16390";"18";"57.0.1.0.2 Potentillo albae-Quercion petraeae";"57.0.1.0.2";"Potentillo albae-Quercion petraeae";"5"
"16391";"18";"57.0.1.0.3 Carpinion orientalis";"57.0.1.0.3";"Carpinion orientalis";"5"
"3445";"18";"57.0.2 Quercetalia roboris";"57.0.2";"Quercetalia roboris";"3"
"16392";"18";"57.0.2.0.1 Quercion robori-pyrenaicae";"57.0.2.0.1";"Quercion robori-pyrenaicae";"5"
"20673";"18";"57.0.2.0.1.1 Quercenion robori-pyrenaicae";"57.0.2.0.1.1";"Quercenion robori-pyrenaicae";"6"
"16393";"18";"57.0.2.0.2 Quercion roboris";"57.0.2.0.2";"Quercion roboris";"5"
"20674";"18";"57.0.2.0.2.1 Hyperico montani-Quercenion robori-petraeae";"57.0.2.0.2.1";"Hyperico montani-Quercenion robori-petraeae";"6"
"20675";"18";"57.0.2.0.2.2 Ilici aquifolii-Quercenion petraeae";"57.0.2.0.2.2";"Ilici aquifolii-Quercenion petraeae";"6"
"20676";"18";"57.0.2.0.2.3 Quercenion robori-petraeae";"57.0.2.0.2.3";"Quercenion robori-petraeae";"6"
"16394";"18";"57.0.2.0.3 Molinio caeruleae-Quercion roboris";"57.0.2.0.3";"Molinio caeruleae-Quercion roboris";"5"
"3446";"18";"57.0.3 Fagetalia sylvaticae";"57.0.3";"Fagetalia sylvaticae";"3"
"8578";"18";"57.0.3.1 Carpino betuli-Fagenalia sylvaticae";"57.0.3.1";"Carpino betuli-Fagenalia sylvaticae";"4"
"16395";"18";"57.0.3.1.1 Fraxino excelsioris-Quercion roboris";"57.0.3.1.1";"Fraxino excelsioris-Quercion roboris";"5"
"16396";"18";"57.0.3.1.2 Carpinion betuli";"57.0.3.1.2";"Carpinion betuli";"5"
"16397";"18";"57.0.3.1.3 Polysticho setiferi-Fraxinion excelsioris";"57.0.3.1.3";"Polysticho setiferi-Fraxinion excelsioris";"5"
"8579";"18";"57.0.3.2 Cephalanthero rubrae-Fagenalia sylvaticae";"57.0.3.2";"Cephalanthero rubrae-Fagenalia sylvaticae";"4"
"16398";"18";"57.0.3.2.1 Cephalanthero rubrae-Fagion sylvaticae";"57.0.3.2.1";"Cephalanthero rubrae-Fagion sylvaticae";"5"
"16399";"18";"57.0.3.2.2 Tilion platyphylli";"57.0.3.2.2";"Tilion platyphylli";"5"
"8580";"18";"57.0.3.3 Fagenalia sylvaticae";"57.0.3.3";"Fagenalia sylvaticae";"4"
"16400";"18";"57.0.3.3.1 Fagion sylvaticae";"57.0.3.3.1";"Fagion sylvaticae";"5"
"20677";"18";"57.0.3.3.1.1 Geranio nodosi-Fagenion sylvaticae";"57.0.3.3.1.1";"Geranio nodosi-Fagenion sylvaticae";"6"
"20678";"18";"57.0.3.3.1.2 Scillo lilio-hyacinthi-Fagenion sylvaticae";"57.0.3.3.1.2";"Scillo lilio-hyacinthi-Fagenion sylvaticae";"6"
"20679";"18";"57.0.3.3.1.3 Eu-Fagenion sylvaticae";"57.0.3.3.1.3";"Eu-Fagenion sylvaticae";"6"
"16401";"18";"57.0.3.3.2 Tilio platyphylli-Acerion pseudoplatani";"57.0.3.3.2";"Tilio platyphylli-Acerion pseudoplatani";"5"
"16402";"18";"57.0.3.3.3 Luzulo luzuloidis-Fagion sylvaticae";"57.0.3.3.3";"Luzulo luzuloidis-Fagion sylvaticae";"5"
"20680";"18";"57.0.3.3.3.1 Galio rotundifolii-Fagenion sylvaticae";"57.0.3.3.3.1";"Galio rotundifolii-Fagenion sylvaticae";"6"
"20681";"18";"57.0.3.3.3.2 Ilici aquifolii-Fagenion sylvaticae";"57.0.3.3.3.2";"Ilici aquifolii-Fagenion sylvaticae";"6"
"20682";"18";"57.0.3.3.3.3 Luzulo luzuloidis-Fagenion sylvaticae";"57.0.3.3.3.3";"Luzulo luzuloidis-Fagenion sylvaticae";"6"
"20683";"18";"57.0.3.3.3.4 Galio rotundifolii-Abietenion albae";"57.0.3.3.3.4";"Galio rotundifolii-Abietenion albae";"6"
"20684";"18";"57.0.3.3.3.5 Deschampsio flexuosae-Acerenion pseudoplatani";"57.0.3.3.3.5";"Deschampsio flexuosae-Acerenion pseudoplatani";"6"
"16403";"18";"57.0.3.3.4 Acerion pseudoplatani";"57.0.3.3.4";"Acerion pseudoplatani";"5"
"3447";"18";"57.0.4 Populetalia albae";"57.0.4";"Populetalia albae";"3"
"8581";"18";"57.0.4.1 Populenalia albae";"57.0.4.1";"Populenalia albae";"4"
"16404";"18";"57.0.4.1.1 Populion albae";"57.0.4.1.1";"Populion albae";"5"
"20685";"18";"57.0.4.1.1.1 Populenion albae";"57.0.4.1.1.1";"Populenion albae";"6"
"20686";"18";"57.0.4.1.1.2 Fraxino angustifoliae-Ulmenion minoris";"57.0.4.1.1.2";"Fraxino angustifoliae-Ulmenion minoris";"6"
"16405";"18";"57.0.4.1.2 Osmundo regalis-Alnion glutinosae";"57.0.4.1.2";"Osmundo regalis-Alnion glutinosae";"5"
"20687";"18";"57.0.4.1.2.1 Hyperico hircini-Alnenion glutinosae";"57.0.4.1.2.1";"Hyperico hircini-Alnenion glutinosae";"6"
"20688";"18";"57.0.4.1.2.2 Osmundo regalis-Alnenion glutinosae";"57.0.4.1.2.2";"Osmundo regalis-Alnenion glutinosae";"6"
"8582";"18";"57.0.4.2 Alno glutinosae-Ulmenalia minoris";"57.0.4.2";"Alno glutinosae-Ulmenalia minoris";"4"
"16406";"18";"57.0.4.2.1 Alnion incanae";"57.0.4.2.1";"Alnion incanae";"5"
"20689";"18";"57.0.4.2.1.1 Alnenion glutinoso-incanae";"57.0.4.2.1.1";"Alnenion glutinoso-incanae";"6"
"20697";"18";"57.0.4.2.1.2 Ulmenion minoris";"57.0.4.2.1.2";"Ulmenion minoris";"6"
"313";"18";"58 Rosmarinetea officinalis";"58";"Rosmarinetea officinalis";"1"
"3448";"18";"58.0.1 Rosmarinetalia officinalis";"58.0.1";"Rosmarinetalia officinalis";"3"
"16407";"18";"58.0.1.0.1 Rosmarinion officinalis";"58.0.1.0.1";"Rosmarinion officinalis";"5"
"16408";"18";"58.0.1.0.2 Helianthemo italici-Aphyllanthion monspeliensis";"58.0.1.0.2";"Helianthemo italici-Aphyllanthion monspeliensis";"5"
"3449";"18";"58.0.2 Helichrysetalia italici";"58.0.2";"Helichrysetalia italici";"3"
"16409";"18";"58.0.2.0.1 Euphorbion pithuysae";"58.0.2.0.1";"Euphorbion pithuysae";"5"
"16410";"18";"58.0.2.0.2 Dactylo hispanici-Helichrysion staechadis";"58.0.2.0.2";"Dactylo hispanici-Helichrysion staechadis";"5"
"311";"18";"59 Ruppietea maritimae";"59";"Ruppietea maritimae";"1"
"3450";"18";"59.0.1 Ruppietalia maritimae";"59.0.1";"Ruppietalia maritimae";"3"
"16411";"18";"59.0.1.0.1 Ruppion maritimae";"59.0.1.0.1";"Ruppion maritimae";"5"
"16412";"18";"59.0.1.0.2 Zannichellion pedicellatae";"59.0.1.0.2";"Zannichellion pedicellatae";"5"
"16413";"18";"59.0.1.0.3 Eleocharition parvulae";"59.0.1.0.3";"Eleocharition parvulae";"5"
"312";"18";"6 Arrhenatheretea elatioris";"6";"Arrhenatheretea elatioris";"1"
"3451";"18";"6.0.1 Arrhenatheretalia elatioris";"6.0.1";"Arrhenatheretalia elatioris";"3"
"16414";"18";"6.0.1.0.1 Arrhenatherion elatioris";"6.0.1.0.1";"Arrhenatherion elatioris";"5"
"20690";"18";"6.0.1.0.1.1 Centaureo jaceae-Arrhenatherenion elatioris";"6.0.1.0.1.1";"Centaureo jaceae-Arrhenatherenion elatioris";"6"
"20691";"18";"6.0.1.0.1.2 Colchico autumnalis-Arrhenatherenion elatioris";"6.0.1.0.1.2";"Colchico autumnalis-Arrhenatherenion elatioris";"6"
"20692";"18";"6.0.1.0.1.3 Rumici obtusifolii-Arrhenatherenion elatioris";"6.0.1.0.1.3";"Rumici obtusifolii-Arrhenatherenion elatioris";"6"
"16415";"18";"6.0.1.0.2 Brachypodio rupestris-Centaureion nemoralis";"6.0.1.0.2";"Brachypodio rupestris-Centaureion nemoralis";"5"
"16416";"18";"6.0.1.0.3 Triseto flavescentis-Polygonion bistortae";"6.0.1.0.3";"Triseto flavescentis-Polygonion bistortae";"5"
"20693";"18";"6.0.1.0.3.1 Violo sudeticae-Trisetenion flavescentis";"6.0.1.0.3.1";"Violo sudeticae-Trisetenion flavescentis";"6"
"20694";"18";"6.0.1.0.3.2 Lathyro linifolii-Trisetenion flavescentis";"6.0.1.0.3.2";"Lathyro linifolii-Trisetenion flavescentis";"6"
"20695";"18";"6.0.1.0.3.3 Campanulo rhomboidalis-Trisetenion flavescentis";"6.0.1.0.3.3";"Campanulo rhomboidalis-Trisetenion flavescentis";"6"
"3452";"18";"6.0.2 Trifolio repentis-Phleetalia pratensis";"6.0.2";"Trifolio repentis-Phleetalia pratensis";"3"
"16417";"18";"6.0.2.0.1 Cynosurion cristati";"6.0.2.0.1";"Cynosurion cristati";"5"
"20696";"18";"6.0.2.0.1.1 Bromo mollis-Cynosurenion cristati";"6.0.2.0.1.1";"Bromo mollis-Cynosurenion cristati";"6"
"20698";"18";"6.0.2.0.1.2 Sanguisorbo minoris-Cynosurenion cristati";"6.0.2.0.1.2";"Sanguisorbo minoris-Cynosurenion cristati";"6"
"20699";"18";"6.0.2.0.1.3 Polygalo vulgaris-Cynosurenion cristati";"6.0.2.0.1.3";"Polygalo vulgaris-Cynosurenion cristati";"6"
"20700";"18";"6.0.2.0.1.4 Cardamino pratensis-Cynosurenion cristati";"6.0.2.0.1.4";"Cardamino pratensis-Cynosurenion cristati";"6"
"20701";"18";"6.0.2.0.1.5 Alchemillo xantochlorae-Cynosurenion cristati";"6.0.2.0.1.5";"Alchemillo xantochlorae-Cynosurenion cristati";"6"
"16418";"18";"6.0.2.0.2 Poion alpinae";"6.0.2.0.2";"Poion alpinae";"5"
"3453";"18";"6.0.3 Plantaginetalia majoris";"6.0.3";"Plantaginetalia majoris";"3"
"16419";"18";"6.0.3.0.1 Lolio perennis-Plantaginion majoris";"6.0.3.0.1";"Lolio perennis-Plantaginion majoris";"5"
"16420";"18";"6.0.3.0.2 Trifolio fragiferi-Cynodontion dactylonis";"6.0.3.0.2";"Trifolio fragiferi-Cynodontion dactylonis";"5"
"16421";"18";"6.0.3.0.3 Poion supinae";"6.0.3.0.3";"Poion supinae";"5"
"314";"18";"60 Saginetea maritimae";"60";"Saginetea maritimae";"1"
"3454";"18";"60.0.1 Saginetalia maritimae";"60.0.1";"Saginetalia maritimae";"3"
"16422";"18";"60.0.1.0.1 Saginion maritimae";"60.0.1.0.1";"Saginion maritimae";"5"
"3455";"18";"60.0.2 Frankenietalia pulverulentae";"60.0.2";"Frankenietalia pulverulentae";"3"
"16423";"18";"60.0.2.0.1 Frankenion pulverulentae";"60.0.2.0.1";"Frankenion pulverulentae";"5"
"16424";"18";"60.0.2.0.2 Hordeion marini";"60.0.2.0.2";"Hordeion marini";"5"
"315";"18";"61 Salicetea herbaceae";"61";"Salicetea herbaceae";"1"
"3456";"18";"61.0.1 Arabidetalia caeruleae";"61.0.1";"Arabidetalia caeruleae";"3"
"16425";"18";"61.0.1.0.1 Arabidion caeruleae";"61.0.1.0.1";"Arabidion caeruleae";"5"
"3457";"18";"61.0.2 Salicetalia herbaceae";"61.0.2";"Salicetalia herbaceae";"3"
"16426";"18";"61.0.2.0.1 Salicion herbaceae";"61.0.2.0.1";"Salicion herbaceae";"5"
"316";"18";"62 Salicetea purpureae";"62";"Salicetea purpureae";"1"
"3458";"18";"62.0.1 Salicetalia purpureae";"62.0.1";"Salicetalia purpureae";"3"
"16427";"18";"62.0.1.0.1 Salicion triandrae";"62.0.1.0.1";"Salicion triandrae";"5"
"16428";"18";"62.0.1.0.2 Salicion incanae";"62.0.1.0.2";"Salicion incanae";"5"
"16429";"18";"62.0.1.0.3 Salicion triandro-neotrichae";"62.0.1.0.3";"Salicion triandro-neotrichae";"5"
"3459";"18";"62.0.2 Salicetalia albae";"62.0.2";"Salicetalia albae";"3"
"16430";"18";"62.0.2.0.1 Salicion albae";"62.0.2.0.1";"Salicion albae";"5"
"16431";"18";"62.0.2.0.2 Rubo caesii-Populion nigrae";"62.0.2.0.2";"Rubo caesii-Populion nigrae";"5"
"317";"18";"63 Salicornietea fruticosae";"63";"Salicornietea fruticosae";"1"
"3460";"18";"63.0.1 Salicornietalia fruticosae";"63.0.1";"Salicornietalia fruticosae";"3"
"16432";"18";"63.0.1.0.1 Halimionion portulacoidis";"63.0.1.0.1";"Halimionion portulacoidis";"5"
"16433";"18";"63.0.1.0.2 Salicornion fruticosae";"63.0.1.0.2";"Salicornion fruticosae";"5"
"20702";"18";"63.0.1.0.2.1 Sarcocornienion alpini";"63.0.1.0.2.1";"Sarcocornienion alpini";"6"
"20703";"18";"63.0.1.0.2.2 Arthrocnemenion fruticosi";"63.0.1.0.2.2";"Arthrocnemenion fruticosi";"6"
"20704";"18";"63.0.1.0.2.3 Arthrocnemenion glauci";"63.0.1.0.2.3";"Arthrocnemenion glauci";"6"
"20705";"18";"63.0.1.0.2.4 Suaedenion verae";"63.0.1.0.2.4";"Suaedenion verae";"6"
"3461";"18";"63.0.2 Limonietalia";"63.0.2";"Limonietalia";"3"
"16434";"18";"63.0.2.0.1 Limonion confusi";"63.0.2.0.1";"Limonion confusi";"5"
"16435";"18";"63.0.2.0.2 Limoniastrion monopetali";"63.0.2.0.2";"Limoniastrion monopetali";"5"
"318";"18";"64 Scheuchzerio palustris-Caricetea fuscae";"64";"Scheuchzerio palustris-Caricetea fuscae";"1"
"3462";"18";"64.0.1 Scheuchzerietalia palustris";"64.0.1";"Scheuchzerietalia palustris";"3"
"16436";"18";"64.0.1.0.1 Rhynchosporion albae";"64.0.1.0.1";"Rhynchosporion albae";"5"
"16437";"18";"64.0.1.0.2 Caricion lasiocarpae";"64.0.1.0.2";"Caricion lasiocarpae";"5"
"20706";"18";"64.0.1.0.2.1 Junco acutiflori-Caricenion lasiocarpae";"64.0.1.0.2.1";"Junco acutiflori-Caricenion lasiocarpae";"6"
"20707";"18";"64.0.1.0.2.2 Junco subnodulosi-Caricenion lasiocarpae";"64.0.1.0.2.2";"Junco subnodulosi-Caricenion lasiocarpae";"6"
"20708";"18";"64.0.1.0.2.3 Eriophorenion alpini";"64.0.1.0.2.3";"Eriophorenion alpini";"6"
"20709";"18";"64.0.1.0.2.4 Caricenion chordorrhizo-lasiocarpae";"64.0.1.0.2.4";"Caricenion chordorrhizo-lasiocarpae";"6"
"3463";"18";"64.0.2 Caricetalia fuscae";"64.0.2";"Caricetalia fuscae";"3"
"16438";"18";"64.0.2.0.1 Caricion fuscae";"64.0.2.0.1";"Caricion fuscae";"5"
"16439";"18";"64.0.2.0.2 Eriophorion scheuchzeri";"64.0.2.0.2";"Eriophorion scheuchzeri";"5"
"16440";"18";"64.0.2.0.3 Bellidi bernardii-Bellion nivalis";"64.0.2.0.3";"Bellidi bernardii-Bellion nivalis";"5"
"3464";"18";"64.0.3 Caricetalia davallianae";"64.0.3";"Caricetalia davallianae";"3"
"16441";"18";"64.0.3.0.1 Caricion davallianae";"64.0.3.0.1";"Caricion davallianae";"5"
"20710";"18";"64.0.3.0.1.1 Schoenenion nigricantis";"64.0.3.0.1.1";"Schoenenion nigricantis";"6"
"20711";"18";"64.0.3.0.1.2 Caricenion davallianae";"64.0.3.0.1.2";"Caricenion davallianae";"6"
"16442";"18";"64.0.3.0.2 Hydrocotylo vulgaris-Schoenion nigricantis";"64.0.3.0.2";"Hydrocotylo vulgaris-Schoenion nigricantis";"5"
"20712";"18";"64.0.3.0.2.1 Caricenion pulchello-trinervis";"64.0.3.0.2.1";"Caricenion pulchello-trinervis";"6"
"20713";"18";"64.0.3.0.2.2 Hydrocotylo vulgaris-Schoenenion nigricantis";"64.0.3.0.2.2";"Hydrocotylo vulgaris-Schoenenion nigricantis";"6"
"16443";"18";"64.0.3.0.3 Caricion incurvae";"64.0.3.0.3";"Caricion incurvae";"5"
"319";"18";"65 Sedo albi-Scleranthetea biennis";"65";"Sedo albi-Scleranthetea biennis";"1"
"3465";"18";"65.0.1 Sedo albi-Scleranthetalia biennis";"65.0.1";"Sedo albi-Scleranthetalia biennis";"3"
"16444";"18";"65.0.1.0.1 Sedo albi-Scleranthion biennis";"65.0.1.0.1";"Sedo albi-Scleranthion biennis";"5"
"16445";"18";"65.0.1.0.2 Sedion pyrenaici";"65.0.1.0.2";"Sedion pyrenaici";"5"
"16446";"18";"65.0.1.0.3 Sedion anglici";"65.0.1.0.3";"Sedion anglici";"5"
"3466";"18";"65.0.2 Alysso alyssoidis-Sedetalia albi";"65.0.2";"Alysso alyssoidis-Sedetalia albi";"3"
"16447";"18";"65.0.2.0.1 Alysso alyssoidis-Sedion albi";"65.0.2.0.1";"Alysso alyssoidis-Sedion albi";"5"
"16448";"18";"65.0.2.0.2 Sedo albi-Veronicion dillenii";"65.0.2.0.2";"Sedo albi-Veronicion dillenii";"5"
"16449";"18";"65.0.2.0.3 Sedion micrantho-sediformis";"65.0.2.0.3";"Sedion micrantho-sediformis";"5"
"320";"18";"66 Sisymbrietea officinalis";"66";"Sisymbrietea officinalis";"1"
"3467";"18";"66.0.1 Brometalia rubenti-tectorum";"66.0.1";"Brometalia rubenti-tectorum";"3"
"16450";"18";"66.0.1.0.1 Echio lycopsis-Galactition tomentosae";"66.0.1.0.1";"Echio lycopsis-Galactition tomentosae";"5"
"16451";"18";"66.0.1.0.2 Taeniathero caput-medusae-Aegilopion geniculatae";"66.0.1.0.2";"Taeniathero caput-medusae-Aegilopion geniculatae";"5"
"16452";"18";"66.0.1.0.3 Laguro ovati-Bromion rigidi";"66.0.1.0.3";"Laguro ovati-Bromion rigidi";"5"
"3468";"18";"66.0.2 Sisymbrietalia officinalis";"66.0.2";"Sisymbrietalia officinalis";"3"
"16453";"18";"66.0.2.0.1 Sisymbrion officinalis";"66.0.2.0.1";"Sisymbrion officinalis";"5"
"16454";"18";"66.0.2.0.2 Malvion neglectae";"66.0.2.0.2";"Malvion neglectae";"5"
"16455";"18";"66.0.2.0.3 Hordeion murini";"66.0.2.0.3";"Hordeion murini";"5"
"16456";"18";"66.0.2.0.4 Salsolion ruthenicae";"66.0.2.0.4";"Salsolion ruthenicae";"5"
"3469";"18";"66.0.3 Chenopodietalia muralis";"66.0.3";"Chenopodietalia muralis";"3"
"16457";"18";"66.0.3.0.1 Chenopodion muralis";"66.0.3.0.1";"Chenopodion muralis";"5"
"16458";"18";"66.0.3.0.2 Malvion parviflorae";"66.0.3.0.2";"Malvion parviflorae";"5"
"16459";"18";"66.0.3.0.3 Mesembryanthenion crystallini";"66.0.3.0.3";"Mesembryanthenion crystallini";"5"
"321";"18";"67 Spartinetea glabrae";"67";"Spartinetea glabrae";"1"
"3470";"18";"67.0.1 Spartinetalia glabrae";"67.0.1";"Spartinetalia glabrae";"3"
"16460";"18";"67.0.1.0.1 Spartinion anglicae";"67.0.1.0.1";"Spartinion anglicae";"5"
"322";"18";"68 Stellarietea mediae";"68";"Stellarietea mediae";"1"
"3471";"18";"68.0.1 Aperetalia spicae-venti";"68.0.1";"Aperetalia spicae-venti";"3"
"16461";"18";"68.0.1.0.1 Scleranthion annui";"68.0.1.0.1";"Scleranthion annui";"5"
"20714";"18";"68.0.1.0.1.1 Arnoseridenion minimae";"68.0.1.0.1.1";"Arnoseridenion minimae";"6"
"20715";"18";"68.0.1.0.1.2 Scleranthenion annui";"68.0.1.0.1.2";"Scleranthenion annui";"6"
"16462";"18";"68.0.1.0.2 Rumicion bucephalori";"68.0.1.0.2";"Rumicion bucephalori";"5"
"3472";"18";"68.0.2 Centaureetalia cyani";"68.0.2";"Centaureetalia cyani";"3"
"16463";"18";"68.0.2.0.1 Caucalidion lappulae";"68.0.2.0.1";"Caucalidion lappulae";"5"
"16464";"18";"68.0.2.0.2 Roemerion hybridae";"68.0.2.0.2";"Roemerion hybridae";"5"
"3473";"18";"68.0.3 Chenopodietalia albi";"68.0.3";"Chenopodietalia albi";"3"
"16465";"18";"68.0.3.0.1 Diplotaxion erucoidis";"68.0.3.0.1";"Diplotaxion erucoidis";"5"
"16466";"18";"68.0.3.0.2 Panico crus-galli-Setarion viridis";"68.0.3.0.2";"Panico crus-galli-Setarion viridis";"5"
"20716";"18";"68.0.3.0.2.1 Panico crus-galli-Setarenion viridis";"68.0.3.0.2.1";"Panico crus-galli-Setarenion viridis";"6"
"20717";"18";"68.0.3.0.2.2 Eu-Polygono persicariae-Chenopodenion polyspermi";"68.0.3.0.2.2";"Eu-Polygono persicariae-Chenopodenion polyspermi";"6"
"16467";"18";"68.0.3.0.3 Veronico agrestis-Euphorbion peplus";"68.0.3.0.3";"Veronico agrestis-Euphorbion peplus";"5"
"323";"18";"69 Stipo capensis-Trachynietea distachyae";"69";"Stipo capensis-Trachynietea distachyae";"1"
"3474";"18";"69.0.1 Brachypodietalia distachyae";"69.0.1";"Brachypodietalia distachyae";"3"
"16468";"18";"69.0.1.0.1 Trachynion distachyae";"69.0.1.0.1";"Trachynion distachyae";"5"
"324";"18";"7 Artemisietea vulgaris";"7";"Artemisietea vulgaris";"1"
"3475";"18";"7.0.1 Artemisietalia vulgaris";"7.0.1";"Artemisietalia vulgaris";"3"
"16469";"18";"7.0.1.0.1 Arction lappae";"7.0.1.0.1";"Arction lappae";"5"
"20718";"18";"7.0.1.0.1.1 Arctienion lappae";"7.0.1.0.1.1";"Arctienion lappae";"6"
"20719";"18";"7.0.1.0.1.2 Sambucenion ebuli";"7.0.1.0.1.2";"Sambucenion ebuli";"6"
"16470";"18";"7.0.1.0.2 Rumicion pseudalpini";"7.0.1.0.2";"Rumicion pseudalpini";"5"
"3476";"18";"7.0.2 Onopordetalia acanthii";"7.0.2";"Onopordetalia acanthii";"3"
"16471";"18";"7.0.2.0.1 Onopordion acanthii";"7.0.2.0.1";"Onopordion acanthii";"5"
"16472";"18";"7.0.2.0.2 Dauco carotae-Melilotion albi";"7.0.2.0.2";"Dauco carotae-Melilotion albi";"5"
"3477";"18";"7.0.3 Carthametalia lanati";"7.0.3";"Carthametalia lanati";"3"
"16473";"18";"7.0.3.0.1 Onopordion nervosi";"7.0.3.0.1";"Onopordion nervosi";"5"
"16474";"18";"7.0.3.0.2 Silybo mariani-Urticion piluliferae";"7.0.3.0.2";"Silybo mariani-Urticion piluliferae";"5"
"325";"18";"70 Thero-Suaedetea splendentis";"70";"Thero-Suaedetea splendentis";"1"
"3478";"18";"70.0.1 Thero-Salicornietalia dolichostachyae";"70.0.1";"Thero-Salicornietalia dolichostachyae";"3"
"16475";"18";"70.0.1.0.1 Salicornion dolichostachyo-fragilis";"70.0.1.0.1";"Salicornion dolichostachyo-fragilis";"5"
"16476";"18";"70.0.1.0.2 Salicornion europaeo-ramosissimae";"70.0.1.0.2";"Salicornion europaeo-ramosissimae";"5"
"16477";"18";"70.0.1.0.3 Salicornion patulae";"70.0.1.0.3";"Salicornion patulae";"5"
"3479";"18";"70.0.2 Thero-Suaedetalia splendentis";"70.0.2";"Thero-Suaedetalia splendentis";"3"
"16478";"18";"70.0.2.0.1 Thero-Suaedion splendentis";"70.0.2.0.1";"Thero-Suaedion splendentis";"5"
"326";"18";"71 Thlaspietea rotundifolii";"71";"Thlaspietea rotundifolii";"1"
"3416";"18";"71.0.1 Andryaletalia ragusinae";"71.0.1";"Andryaletalia ragusinae";"3"
"16316";"18";"71.0.1.0.1 Pimpinello tragium-Gouffeion arenarioidis";"71.0.1.0.1";"Pimpinello tragium-Gouffeion arenarioidis";"5"
"3417";"18";"71.0.2 Stipetalia calamagrostis";"71.0.2";"Stipetalia calamagrostis";"3"
"16317";"18";"71.0.2.0.1 Leontodontion hyoseroidis";"71.0.2.0.1";"Leontodontion hyoseroidis";"5"
"16318";"18";"71.0.2.0.2 Stipion calamagrostis";"71.0.2.0.2";"Stipion calamagrostis";"5"
"16319";"18";"71.0.2.0.3 Scrophularion juratensis";"71.0.2.0.3";"Scrophularion juratensis";"5"
"3418";"18";"71.0.3 Thlaspietalia rotundifolii";"71.0.3";"Thlaspietalia rotundifolii";"3"
"16320";"18";"71.0.3.0.1 Arabidion alpinae";"71.0.3.0.1";"Arabidion alpinae";"5"
"16321";"18";"71.0.3.0.2 Thlaspion rotundifolii";"71.0.3.0.2";"Thlaspion rotundifolii";"5"
"16322";"18";"71.0.3.0.3 Petasition paradoxi";"71.0.3.0.3";"Petasition paradoxi";"5"
"16323";"18";"71.0.3.0.4 Iberidion spathulatae";"71.0.3.0.4";"Iberidion spathulatae";"5"
"3419";"18";"71.0.4 Drabetalia hoppeanae";"71.0.4";"Drabetalia hoppeanae";"3"
"16324";"18";"71.0.4.0.1 Androsacion ciliatae";"71.0.4.0.1";"Androsacion ciliatae";"5"
"16325";"18";"71.0.4.0.2 Drabion hoppeanae";"71.0.4.0.2";"Drabion hoppeanae";"5"
"3420";"18";"71.0.5 Galeopsietalia segetum";"71.0.5";"Galeopsietalia segetum";"3"
"16326";"18";"71.0.5.0.1 Galeopsion segetum";"71.0.5.0.1";"Galeopsion segetum";"5"
"16327";"18";"71.0.5.0.2 Galeopsion pyrenaicae";"71.0.5.0.2";"Galeopsion pyrenaicae";"5"
"3421";"18";"71.0.6 Androsacetalia alpinae";"71.0.6";"Androsacetalia alpinae";"3"
"16328";"18";"71.0.6.0.1 Allosuro crispi-Athyrion alpestris";"71.0.6.0.1";"Allosuro crispi-Athyrion alpestris";"5"
"16329";"18";"71.0.6.0.2 Senecionion leucophylli";"71.0.6.0.2";"Senecionion leucophylli";"5"
"16330";"18";"71.0.6.0.3 Androsacion alpinae";"71.0.6.0.3";"Androsacion alpinae";"5"
"3422";"18";"71.0.7 Polystichetalia lonchitidis";"71.0.7";"Polystichetalia lonchitidis";"3"
"16331";"18";"71.0.7.0.1 Dryopteridion abbreviatae";"71.0.7.0.1";"Dryopteridion abbreviatae";"5"
"16332";"18";"71.0.7.0.2 Dryopteridion submontanae";"71.0.7.0.2";"Dryopteridion submontanae";"5"
"3423";"18";"71.0.8 Epilobietalia fleischeri";"71.0.8";"Epilobietalia fleischeri";"3"
"16333";"18";"71.0.8.0.1 Epilobion fleischeri";"71.0.8.0.1";"Epilobion fleischeri";"5"
"16334";"18";"71.0.8.0.2 Glaucion flavi";"71.0.8.0.2";"Glaucion flavi";"5"
"298";"18";"72 Trifolio medii-Geranietea sanguinei";"72";"Trifolio medii-Geranietea sanguinei";"1"
"3424";"18";"72.0.1 Origanetalia vulgaris";"72.0.1";"Origanetalia vulgaris";"3"
"16335";"18";"72.0.1.0.1 Geranion sanguinei";"72.0.1.0.1";"Geranion sanguinei";"5"
"16336";"18";"72.0.1.0.2 Trifolion medii";"72.0.1.0.2";"Trifolion medii";"5"
"20653";"18";"72.0.1.0.2.1 Trifolio medii-Geranienion sanguinei";"72.0.1.0.2.1";"Trifolio medii-Geranienion sanguinei";"6"
"20654";"18";"72.0.1.0.2.2 Trifolio medii-Agrimonienion medii";"72.0.1.0.2.2";"Trifolio medii-Agrimonienion medii";"6"
"20655";"18";"72.0.1.0.2.3 Trifolio medii-Teucrienion scorodoniae";"72.0.1.0.2.3";"Trifolio medii-Teucrienion scorodoniae";"6"
"16337";"18";"72.0.1.0.3 Knaution gracilis";"72.0.1.0.3";"Knaution gracilis";"5"
"16338";"18";"72.0.1.0.4 Galio littoralis-Geranion sanguinei";"72.0.1.0.4";"Galio littoralis-Geranion sanguinei";"5"
"299";"18";"73 Utricularietea intermedio-minoris";"73";"Utricularietea intermedio-minoris";"1"
"3425";"18";"73.0.1 Utricularietalia intermedio-minoris";"73.0.1";"Utricularietalia intermedio-minoris";"3"
"16339";"18";"73.0.1.0.1 Sphagno cuspidati-Utricularion minoris";"73.0.1.0.1";"Sphagno cuspidati-Utricularion minoris";"5"
"16340";"18";"73.0.1.0.2 Scorpidio scorpidioidis-Utricularion minoris";"73.0.1.0.2";"Scorpidio scorpidioidis-Utricularion minoris";"5"
"300";"18";"74 Vaccinio myrtilli-Piceetea abietis";"74";"Vaccinio myrtilli-Piceetea abietis";"1"
"3426";"18";"74.0.1 Pinetalia sylvestris";"74.0.1";"Pinetalia sylvestris";"3"
"16341";"18";"74.0.1.0.1 Dicrano undulati-Pinion sylvestris";"74.0.1.0.1";"Dicrano undulati-Pinion sylvestris";"5"
"16342";"18";"74.0.1.0.2 Deschampsio flexuosae-Pinion sylvestris";"74.0.1.0.2";"Deschampsio flexuosae-Pinion sylvestris";"5"
"16343";"18";"74.0.1.0.3 Cytision oromediterranei";"74.0.1.0.3";"Cytision oromediterranei";"5"
"20656";"18";"74.0.1.0.3.1 Cytiso oromediterranei-Pinenion sylvestris";"74.0.1.0.3.1";"Cytiso oromediterranei-Pinenion sylvestris";"6"
"20657";"18";"74.0.1.0.3.2 Cytisenion oromediterranei";"74.0.1.0.3.2";"Cytisenion oromediterranei";"6"
"3427";"18";"74.0.2 Sphagno-Betuletalia pubescentis";"74.0.2";"Sphagno-Betuletalia pubescentis";"3"
"16344";"18";"74.0.2.0.1 Betulion pubescentis";"74.0.2.0.1";"Betulion pubescentis";"5"
"3428";"18";"74.0.3 Piceetalia excelsae";"74.0.3";"Piceetalia excelsae";"3"
"16345";"18";"74.0.3.0.1 Piceion excelsae";"74.0.3.0.1";"Piceion excelsae";"5"
"20658";"18";"74.0.3.0.1.1 Vaccinio vitis-idaeae-Abietenion albae";"74.0.3.0.1.1";"Vaccinio vitis-idaeae-Abietenion albae";"6"
"20659";"18";"74.0.3.0.1.2 Rhododendro ferruginei-Abietenion albae";"74.0.3.0.1.2";"Rhododendro ferruginei-Abietenion albae";"6"
"20660";"18";"74.0.3.0.1.3 Eu-Vaccinio myrtilli-Piceenion abietis";"74.0.3.0.1.3";"Eu-Vaccinio myrtilli-Piceenion abietis";"6"
"3429";"18";"74.0.4 Junipero alpinae-Pinetalia mugo";"74.0.4";"Junipero alpinae-Pinetalia mugo";"3"
"16346";"18";"74.0.4.0.1 Pinion mugo";"74.0.4.0.1";"Pinion mugo";"5"
"301";"18";"75 Violetea calaminariae";"75";"Violetea calaminariae";"1"
"3430";"18";"75.0.1 Violetalia calaminariae";"75.0.1";"Violetalia calaminariae";"3"
"16347";"18";"75.0.1.0.1 Violion calaminariae";"75.0.1.0.1";"Violion calaminariae";"5"
"16348";"18";"75.0.1.0.2 Armerion halleri";"75.0.1.0.2";"Armerion halleri";"5"
"302";"18";"76 Zosteretea marinae";"76";"Zosteretea marinae";"1"
"3431";"18";"76.0.1 Zosteretalia marinae";"76.0.1";"Zosteretalia marinae";"3"
"16349";"18";"76.0.1.0.1 Zosterion marinae";"76.0.1.0.1";"Zosterion marinae";"5"
"303";"18";"8 Asplenietea trichomanis";"8";"Asplenietea trichomanis";"1"
"3432";"18";"8.0.1 Asplenietalia glandulosi";"8.0.1";"Asplenietalia glandulosi";"3"
"16350";"18";"8.0.1.0.1 Asplenion glandulosi";"8.0.1.0.1";"Asplenion glandulosi";"5"
"3433";"18";"8.0.2 Cheilanthetalia maranto-maderensis";"8.0.2";"Cheilanthetalia maranto-maderensis";"3"
"16351";"18";"8.0.2.0.1 Phagnalo saxatilis-Cheilanthion maderensis";"8.0.2.0.1";"Phagnalo saxatilis-Cheilanthion maderensis";"5"
"3434";"18";"8.0.3 Potentilletalia caulescentis";"8.0.3";"Potentilletalia caulescentis";"3"
"16352";"18";"8.0.3.0.1 Saxifragion lingulatae";"8.0.3.0.1";"Saxifragion lingulatae";"5"
"16353";"18";"8.0.3.0.2 Arenarion bertolonii";"8.0.3.0.2";"Arenarion bertolonii";"5"
"16354";"18";"8.0.3.0.3 Potentillion caulescentis";"8.0.3.0.3";"Potentillion caulescentis";"5"
"20661";"18";"8.0.3.0.3.1 Kernero saxatilis-Potentillenion caulescentis";"8.0.3.0.3.1";"Kernero saxatilis-Potentillenion caulescentis";"6"
"20662";"18";"8.0.3.0.3.2 Potentillenion caulescentis";"8.0.3.0.3.2";"Potentillenion caulescentis";"6"
"16355";"18";"8.0.3.0.4 Violo biflorae-Cystopteridion alpinae";"8.0.3.0.4";"Violo biflorae-Cystopteridion alpinae";"5"
"16356";"18";"8.0.3.0.5 Saxifragion mediae";"8.0.3.0.5";"Saxifragion mediae";"5"
"3435";"18";"8.0.4 Androsacetalia vandellii";"8.0.4";"Androsacetalia vandellii";"3"
"8576";"18";"8.0.4.1 Asplenienalia lanceolato-obovati";"8.0.4.1";"Asplenienalia lanceolato-obovati";"4"
"16357";"18";"8.0.4.1.1 Asplenion septentrionalis";"8.0.4.1.1";"Asplenion septentrionalis";"5"
"16358";"18";"8.0.4.1.2 Cheilanthion hispanicae";"8.0.4.1.2";"Cheilanthion hispanicae";"5"
"16359";"18";"8.0.4.1.3 Asplenio billotii-Dianthion godroniani";"8.0.4.1.3";"Asplenio billotii-Dianthion godroniani";"5"
"16360";"18";"8.0.4.1.4 Asplenio billotii-Umbilicion rupestris";"8.0.4.1.4";"Asplenio billotii-Umbilicion rupestris";"5"
"16361";"18";"8.0.4.1.5 Antirrhinion asarinae";"8.0.4.1.5";"Antirrhinion asarinae";"5"
"16362";"18";"8.0.4.1.6 Asplenion serpentini";"8.0.4.1.6";"Asplenion serpentini";"5"
"8577";"18";"8.0.4.2 Androsacenalia vandellii";"8.0.4.2";"Androsacenalia vandellii";"4"
"16363";"18";"8.0.4.2.1 Potentillion crassinerviae";"8.0.4.2.1";"Potentillion crassinerviae";"5"
"16364";"18";"8.0.4.2.2 Saxifragion pedemontanae";"8.0.4.2.2";"Saxifragion pedemontanae";"5"
"16365";"18";"8.0.4.2.3 Dianthion gratianopolitani";"8.0.4.2.3";"Dianthion gratianopolitani";"5"
"16366";"18";"8.0.4.2.4 Androsacion vandellii";"8.0.4.2.4";"Androsacion vandellii";"5"
"304";"18";"9 Asteretea tripolii";"9";"Asteretea tripolii";"1"
"3436";"18";"9.0.1 Glauco maritimae-Puccinellietalia maritimae";"9.0.1";"Glauco maritimae-Puccinellietalia maritimae";"3"
"16367";"18";"9.0.1.0.1 Puccinellion maritimae";"9.0.1.0.1";"Puccinellion maritimae";"5"
"20663";"18";"9.0.1.0.1.1 Puccinellienion maritimae";"9.0.1.0.1.1";"Puccinellienion maritimae";"6"
"20664";"18";"9.0.1.0.1.2 Puccinellio maritimae-Spergularienion salinae";"9.0.1.0.1.2";"Puccinellio maritimae-Spergularienion salinae";"6"
"16368";"18";"9.0.1.0.2 Armerion maritimae";"9.0.1.0.2";"Armerion maritimae";"5"
"20665";"18";"9.0.1.0.2.1 Festucenion littoralis";"9.0.1.0.2.1";"Festucenion littoralis";"6"
"20666";"18";"9.0.1.0.2.2 Frankenio laevis-Armerienion maritimae";"9.0.1.0.2.2";"Frankenio laevis-Armerienion maritimae";"6"
"20667";"18";"9.0.1.0.2.3 Limonio vulgaris-Plantaginenion maritimae";"9.0.1.0.2.3";"Limonio vulgaris-Plantaginenion maritimae";"6"
"16369";"18";"9.0.1.0.3 Glauco maritimae-Juncion maritimi";"9.0.1.0.3";"Glauco maritimae-Juncion maritimi";"5"
"3437";"18";"9.0.2 Crithmo maritimi-Armerietalia maritimae";"9.0.2";"Crithmo maritimi-Armerietalia maritimae";"3"
"16370";"18";"9.0.2.0.1 Cochleario officinalis-Armerion maritimae";"9.0.2.0.1";"Cochleario officinalis-Armerion maritimae";"5"
"16371";"18";"9.0.2.0.2 Crithmo maritimi-Armerion maritimae";"9.0.2.0.2";"Crithmo maritimi-Armerion maritimae";"5"
"16372";"18";"9.0.2.0.3 Sileno maritimae-Festucion pruinosae";"9.0.2.0.3";"Sileno maritimae-Festucion pruinosae";"5"
"25734";"18";"Abieti-Fagenalia";"";"Abieti-Fagenalia";"4"
"26185";"18";"Abieti-Piceenalia abietis";"";"Abieti-Piceenalia abietis";"4"
"26184";"18";"Abieti-Piceetalia abietis";"";"Abieti-Piceetalia abietis";"3"
"25772";"18";"Acerenion";"";"Acerenion";"6"
"25773";"18";"Acerenion";"";"Acerenion";"6"
"25774";"18";"Aceri-Fagenion";"";"Aceri-Fagenion";"6"
"25771";"18";"Acerion";"";"Acerion";"5"
"25843";"18";"Achilleo-Cynosurion";"";"Achilleo-Cynosurion";"5"
"26106";"18";"Achnatheretalia calamagrostis";"";"Achnatheretalia calamagrostis";"3"
"26108";"18";"Achnatherion calamagrostis";"";"Achnatherion calamagrostis";"5"
"26340";"18";"Aconito-Cardaminetea";"";"Aconito-Cardaminetea";"1"
"25480";"18";"Adenostyletalia";"";"Adenostyletalia";"3"
"25481";"18";"Adenostyletalia";"";"Adenostyletalia";"3"
"25482";"18";"Adenostylion";"";"Adenostylion";"5"
"25483";"18";"Adenostylion";"";"Adenostylion";"5"
"25484";"18";"Adenostylion alliariae";"";"Adenostylion alliariae";"5"
"24895";"18";"Adiantetalia";"";"Adiantetalia";"3"
"24896";"18";"Adiantetalia";"";"Adiantetalia";"3"
"24892";"18";"Adiantetea";"";"Adiantetea";"1"
"24893";"18";"Adiantetea";"";"Adiantetea";"1"
"24894";"18";"Adiantetea";"";"Adiantetea";"1"
"24898";"18";"Adiantion";"";"Adiantion";"5"
"24899";"18";"Adiantion";"";"Adiantion";"5"
"24897";"18";"Adiantion";"";"Adiantion";"5"
"25982";"18";"Aegilopsidion";"";"Aegilopsidion";"5"
"25202";"18";"Aegopodion podagrariae";"";"Aegopodion podagrariae";"5"
"25009";"18";"Agropyretalia pungentis";"";"Agropyretalia pungentis";"3"
"25015";"18";"Agropyretalia repentis";"";"Agropyretalia repentis";"3"
"25006";"18";"Agropyretea intermedii-repentis";"";"Agropyretea intermedii-repentis";"1"
"25005";"18";"Agropyretea pungentis";"";"Agropyretea pungentis";"1"
"25007";"18";"Agropyretea repentis";"";"Agropyretea repentis";"1"
"25011";"18";"Agropyrion pungentis";"";"Agropyrion pungentis";"5"
"25114";"18";"Agropyro-Minuartienion peploidis";"";"Agropyro-Minuartienion peploidis";"6"
"25117";"18";"Agropyro-Minuartion peploidis";"";"Agropyro-Minuartion peploidis";"5"
"25012";"18";"Agropyro-Rumicion crispi";"";"Agropyro-Rumicion crispi";"5"
"26015";"18";"Agrostienion spicae-venti";"";"Agrostienion spicae-venti";"6"
"25232";"18";"Agrostietalia stoloniferae";"";"Agrostietalia stoloniferae";"3"
"25233";"18";"Agrostietalia stoloniferae";"";"Agrostietalia stoloniferae";"3"
"25234";"18";"Agrostietalia stoloniferae";"";"Agrostietalia stoloniferae";"3"
"25223";"18";"Agrostietea stoloniferae";"";"Agrostietea stoloniferae";"1"
"25224";"18";"Agrostietea stoloniferae";"";"Agrostietea stoloniferae";"1"
"25188";"18";"Agrostio-Seslerienion";"";"Agrostio-Seslerienion";"6"
"25189";"18";"Agrostio-Seslerienion";"";"Agrostio-Seslerienion";"6"
"25228";"18";"Agrostio stoloniferae-Arrhenatheretea elatioris";"";"Agrostio stoloniferae-Arrhenatheretea elatioris";"1"
"26010";"18";"Agrostion spicae-venti";"";"Agrostion spicae-venti";"5"
"26011";"18";"Agrostion spicae-venti";"";"Agrostion spicae-venti";"5"
"25246";"18";"Agrostion stoloniferae";"";"Agrostion stoloniferae";"5"
"25270";"18";"Airion caryophylleo-praecocis";"";"Airion caryophylleo-praecocis";"5"
"25861";"18";"Alchemillo-Cynosurenion";"";"Alchemillo-Cynosurenion";"6"
"25873";"18";"Alchemillo-Poion supinae";"";"Alchemillo-Poion supinae";"5"
"25847";"18";"Alchemillo xantochlorae-Cynosurion cristati";"";"Alchemillo xantochlorae-Cynosurion cristati";"5"
"25220";"18";"Alliarenion";"";"Alliarenion";"6"
"25217";"18";"Alliarion";"";"Alliarion";"5"
"26339";"18";"Allio angulosi-Molinienion";"";"Allio angulosi-Molinienion";"6"
"26355";"18";"Allosurion crispi";"";"Allosurion crispi";"5"
"26344";"18";"Allosuro-Athyrion alpestris";"";"Allosuro-Athyrion alpestris";"5"
"25795";"18";"Alnenion glutinoso-incanae";"";"Alnenion glutinoso-incanae";"6"
"25788";"18";"Alnenion lusitanicum";"";"Alnenion lusitanicum";"6"
"25386";"18";"Alnetalia glutinosae";"";"Alnetalia glutinosae";"3"
"24904";"18";"Alnetalia viridis";"";"Alnetalia viridis";"3"
"25373";"18";"Alnetea glutinosae";"";"Alnetea glutinosae";"1"
"25785";"18";"Alnion lusitanicum";"";"Alnion lusitanicum";"5"
"24906";"18";"Alnion viridis";"";"Alnion viridis";"5"
"24907";"18";"Alnion viridis";"";"Alnion viridis";"5"
"25778";"18";"Alno-Fraxinetalia excelsae";"";"Alno-Fraxinetalia excelsae";"3"
"25791";"18";"Alno-Padion";"";"Alno-Padion";"5"
"25379";"18";"Alno-Salicetalia cinereae";"";"Alno-Salicetalia cinereae";"3"
"25382";"18";"Alno-Salicion cinereae";"";"Alno-Salicion cinereae";"5"
"25792";"18";"Alno-Ulmion";"";"Alno-Ulmion";"5"
"25793";"18";"Alno-Ulmion";"";"Alno-Ulmion";"5"
"25794";"18";"Alno-Ulmion";"";"Alno-Ulmion";"5"
"25969";"18";"Alysso-Sedetalia";"";"Alysso-Sedetalia";"3"
"25970";"18";"Alysso-Sedion";"";"Alysso-Sedion";"5"
"25052";"18";"Amelanchierion ovalis";"";"Amelanchierion ovalis";"5"
"25128";"18";"Ammophilenion arundinaceae";"";"Ammophilenion arundinaceae";"6"
"25107";"18";"Ammophiletalia";"";"Ammophiletalia";"3"
"25108";"18";"Ammophiletalia";"";"Ammophiletalia";"3"
"25109";"18";"Ammophiletalia";"";"Ammophiletalia";"3"
"25275";"18";"Ammophiletea";"";"Ammophiletea";"1"
"25276";"18";"Ammophiletea";"";"Ammophiletea";"1"
"25123";"18";"Ammophilion";"";"Ammophilion";"5"
"25124";"18";"Ammophilion";"";"Ammophilion";"5"
"25125";"18";"Ammophilion arundinaceae";"";"Ammophilion arundinaceae";"5"
"25113";"18";"Ammophilion borealis";"";"Ammophilion borealis";"5"
"26373";"18";"Ammophilion borealis";"";"Ammophilion borealis";"5"
"25122";"18";"Ammophilion littori-arenariae";"";"Ammophilion littori-arenariae";"5"
"26347";"18";"Anagallido-Juncenion acutiflori";"";"Anagallido-Juncenion acutiflori";"6"
"25431";"18";"Anagallido-Juncetalia";"";"Anagallido-Juncetalia";"3"
"25433";"18";"Anagallido-Juncion";"";"Anagallido-Juncion";"5"
"26234";"18";"Androsacenalia vandellii";"";"Androsacenalia vandellii";"4"
"26220";"18";"Androsacetalia multiflorae";"";"Androsacetalia multiflorae";"3"
"26236";"18";"Androsacion multiflorae";"";"Androsacion multiflorae";"5"
"26102";"18";"Andryaletalia ragusinae";"";"Andryaletalia ragusinae";"3"
"26103";"18";"Andryaletalia ragusinae";"";"Andryaletalia ragusinae";"3"
"25013";"18";"Angelicion litoralis";"";"Angelicion litoralis";"5"
"25549";"18";"Anogrammion leptophyllae";"";"Anogrammion leptophyllae";"5"
"25545";"18";"Anogrammo-Polypodietea";"";"Anogrammo-Polypodietea";"1"
"25547";"18";"Anomodonto-Polypodietalia";"";"Anomodonto-Polypodietalia";"3"
"24972";"18";"Anthyllidion hermanniae";"";"Anthyllidion hermanniae";"5"
"26008";"18";"Aperetalia spicae-venti";"";"Aperetalia spicae-venti";"3"
"26019";"18";"Aphanenion";"";"Aphanenion";"6"
"26012";"18";"Aphanion arvensis";"";"Aphanion arvensis";"5"
"25807";"18";"Aphyllanthion";"";"Aphyllanthion";"5"
"25808";"18";"Aphyllanthion";"";"Aphyllanthion";"5"
"25882";"18";"Arabidetalia caeruleae";"";"Arabidetalia caeruleae";"3"
"25883";"18";"Arabidetalia caeruleae";"";"Arabidetalia caeruleae";"3"
"26111";"18";"Arabidion alpinae";"";"Arabidion alpinae";"5"
"25885";"18";"Arabidion caeruleae";"";"Arabidion caeruleae";"5"
"24957";"18";"Arabidopsion";"";"Arabidopsion";"5"
"25163";"18";"Armerion elongatae";"";"Armerion elongatae";"5"
"25320";"18";"Armerion junceae";"";"Armerion junceae";"5"
"26013";"18";"Arnoseridion minimae";"";"Arnoseridion minimae";"5"
"25826";"18";"Arrhenatheretalia";"";"Arrhenatheretalia";"3"
"25827";"18";"Arrhenatheretalia";"";"Arrhenatheretalia";"3"
"25824";"18";"Arrhenatheretea";"";"Arrhenatheretea";"1"
"25825";"18";"Arrhenatheretea";"";"Arrhenatheretea";"1"
"26054";"18";"Artemisietalia vulgaris";"";"Artemisietalia vulgaris";"3"
"26051";"18";"Artemisietea vulgaris";"";"Artemisietea vulgaris";"1"
"25017";"18";"Artemisio-Agropyrion intermedii";"";"Artemisio-Agropyrion intermedii";"5"
"25321";"18";"Artemisio-Koelerietalia albescentis";"";"Artemisio-Koelerietalia albescentis";"3"
"25918";"18";"Arthrocnemenion glauci";"";"Arthrocnemenion glauci";"6"
"25919";"18";"Arthrocnemenion glauci";"";"Arthrocnemenion glauci";"6"
"25922";"18";"Arthrocnemenion macrostachyi";"";"Arthrocnemenion macrostachyi";"6"
"25909";"18";"Arthrocnemetalia fruticosi";"";"Arthrocnemetalia fruticosi";"3"
"25904";"18";"Arthrocnemetea";"";"Arthrocnemetea";"1"
"25914";"18";"Arthrocnemion fruticosi";"";"Arthrocnemion fruticosi";"5"
"25920";"18";"Arthrocnemion glauci";"";"Arthrocnemion glauci";"5"
"25921";"18";"Arthrocnemion glauci";"";"Arthrocnemion glauci";"5"
"25486";"18";"Arunco-Petasition";"";"Arunco-Petasition";"5"
"26231";"18";"Asarinion procumbentis";"";"Asarinion procumbentis";"5"
"26230";"18";"Asarinion rupestre";"";"Asarinion rupestre";"5"
"25749";"18";"Asperulo-Fagenion";"";"Asperulo-Fagenion";"6"
"25737";"18";"Asperulo-Fagion";"";"Asperulo-Fagion";"5"
"25738";"18";"Asperulo-Fagion";"";"Asperulo-Fagion";"5"
"25739";"18";"Asperulo-Fagion";"";"Asperulo-Fagion";"5"
"26223";"18";"Asplenienalia lanceolato-obovati";"";"Asplenienalia lanceolato-obovati";"4"
"26228";"18";"Asplenienion adianthi-nigri-ceterach";"";"Asplenienion adianthi-nigri-ceterach";"6"
"26224";"18";"Asplenietalia billotii-obovati";"";"Asplenietalia billotii-obovati";"3"
"26209";"18";"Asplenietalia petrarchae";"";"Asplenietalia petrarchae";"3"
"26216";"18";"Asplenietalia rutae-murariae";"";"Asplenietalia rutae-murariae";"3"
"26221";"18";"Asplenietalia septentrionalis";"";"Asplenietalia septentrionalis";"3"
"26222";"18";"Asplenietalia septentrionalis";"";"Asplenietalia septentrionalis";"3"
"26208";"18";"Asplenietea rupestria";"";"Asplenietea rupestria";"1"
"26229";"18";"Asplenio billotii-Dianthion godroniani";"";"Asplenio billotii-Dianthion godroniani";"5"
"26215";"18";"Asplenio obovati-Cheilanthion maderensis";"";"Asplenio obovati-Cheilanthion maderensis";"5"
"26233";"18";"Asplenion cuneifolii";"";"Asplenion cuneifolii";"5"
"26210";"18";"Asplenion petrarchae";"";"Asplenion petrarchae";"5"
"26225";"18";"Asplenion septentrionalis";"";"Asplenion septentrionalis";"5"
"26226";"18";"Asplenion septentrionalis";"";"Asplenion septentrionalis";"5"
"26227";"18";"Asplenion septentrionalis";"";"Asplenion septentrionalis";"5"
"26232";"18";"Asplenion serpentini";"";"Asplenion serpentini";"5"
"26218";"18";"Asplenion viridis";"";"Asplenion viridis";"5"
"25182";"18";"Astragaletalia sempervirentis";"";"Astragaletalia sempervirentis";"3"
"25097";"18";"Astragalo-Pinetalia";"";"Astragalo-Pinetalia";"3"
"25392";"18";"Athyrio-Alnion glutinosae";"";"Athyrio-Alnion glutinosae";"5"
"24923";"18";"Atriplici-Salsolion";"";"Atriplici-Salsolion";"5"
"25078";"18";"Atropetalia";"";"Atropetalia";"3"
"25080";"18";"Atropion";"";"Atropion";"5"
"25936";"18";"Baeothryon alpini";"";"Baeothryon alpini";"5"
"25548";"18";"Bartramio-Polypodion serrati";"";"Bartramio-Polypodion serrati";"5"
"25944";"18";"Bellidi-Bellion nivalis";"";"Bellidi-Bellion nivalis";"5"
"25945";"18";"Bellidi-Bellion nivalis";"";"Bellidi-Bellion nivalis";"5"
"25051";"18";"Berberidion";"";"Berberidion";"5"
"25053";"18";"Berberido-Juniperenion sabinae";"";"Berberido-Juniperenion sabinae";"6"
"26178";"18";"Betulion pubescentis";"";"Betulion pubescentis";"5"
"26179";"18";"Betulion pubescentis";"";"Betulion pubescentis";"5"
"24901";"18";"Betulo-Adenostyletea";"";"Betulo-Adenostyletea";"1"
"24902";"18";"Betulo-Adenostyletea";"";"Betulo-Adenostyletea";"1"
"24903";"18";"Betulo-Adenostyletea";"";"Betulo-Adenostyletea";"1"
"24908";"18";"Betulo-Alnion viridis";"";"Betulo-Alnion viridis";"5"
"24913";"18";"Bidentetalia";"";"Bidentetalia";"3"
"24912";"18";"Bidentetalia";"";"Bidentetalia";"3"
"24911";"18";"Bidentetea tripartitae";"";"Bidentetea tripartitae";"1"
"24914";"18";"Bidention tripartitae";"";"Bidention tripartitae";"5"
"25578";"18";"Bolboschoenetalia maritimi";"";"Bolboschoenetalia maritimi";"3"
"25559";"18";"Bolboschoenetea maritimi";"";"Bolboschoenetea maritimi";"1"
"25414";"18";"Brachypodietalia phoenicoidis";"";"Brachypodietalia phoenicoidis";"3"
"25403";"18";"Brachypodietalia retusi";"";"Brachypodietalia retusi";"3"
"25830";"18";"Brachypodio-Centaureion nemoralis";"";"Brachypodio-Centaureion nemoralis";"5"
"26140";"18";"Brachypodio pinnati-Geranion";"";"Brachypodio pinnati-Geranion";"5"
"25408";"18";"Brachypodion";"";"Brachypodion";"5"
"25415";"18";"Brachypodion phoenicoidis";"";"Brachypodion phoenicoidis";"5"
"26211";"18";"Brassicion insularis";"";"Brassicion insularis";"5"
"25978";"18";"Brometalia rubenti-tectorum";"";"Brometalia rubenti-tectorum";"3"
"25142";"18";"Bromion erecti";"";"Bromion erecti";"5"
"25236";"18";"Bromion racemosi";"";"Bromion racemosi";"5"
"25237";"18";"Bromion racemosi";"";"Bromion racemosi";"5"
"25849";"18";"Bromo-Cynosurenion";"";"Bromo-Cynosurenion";"6"
"25094";"18";"Buxo-Pinetalia";"";"Buxo-Pinetalia";"3"
"25692";"18";"Buxo-Quercion pubescentis";"";"Buxo-Quercion pubescentis";"5"
"24921";"18";"Cakilenea maritimae";"";"Cakilenea maritimae";"2"
"24922";"18";"Cakiletalia maritimae";"";"Cakiletalia maritimae";"3"
"24917";"18";"Cakiletea maritimae";"";"Cakiletea maritimae";"1"
"24927";"18";"Cakilion maritimae";"";"Cakilion maritimae";"5"
"24918";"18";"Cakilo-Therosalicornietea";"";"Cakilo-Therosalicornietea";"1"
"24920";"18";"Cakilo-Therosalicornietea";"";"Cakilo-Therosalicornietea";"1"
"24919";"18";"Cakilo-Therosalicornietea";"";"Cakilo-Therosalicornietea";"1"
"25475";"18";"Calamagrostietalia arundinaceae";"";"Calamagrostietalia arundinaceae";"3"
"25474";"18";"Calamagrostietalia villosae";"";"Calamagrostietalia villosae";"3"
"25388";"18";"Calamagrostio-Alnetalia glutinosae";"";"Calamagrostio-Alnetalia glutinosae";"3"
"25381";"18";"Calamagrostio-Salicetalia cinereae";"";"Calamagrostio-Salicetalia cinereae";"3"
"25477";"18";"Calamagrostion arundinaceae";"";"Calamagrostion arundinaceae";"5"
"25476";"18";"Calamagrostion atlanticum";"";"Calamagrostion atlanticum";"5"
"25479";"18";"Calamagrostion villosae";"";"Calamagrostion villosae";"5"
"25002";"18";"Calicotomo spinosae-Cistion ladaniferi";"";"Calicotomo spinosae-Cistion ladaniferi";"5"
"25636";"18";"Callitricho-Batrachion";"";"Callitricho-Batrachion";"5"
"24945";"18";"Calluno-Arctostaphylion";"";"Calluno-Arctostaphylion";"5"
"24948";"18";"Calluno-Genistion pilosae euatlanticum";"";"Calluno-Genistion pilosae euatlanticum";"5"
"25531";"18";"Calluno-Sphagnion fusci";"";"Calluno-Sphagnion fusci";"5"
"25519";"18";"Calluno-Sphagnion papillosi";"";"Calluno-Sphagnion papillosi";"5"
"24933";"18";"Calluno-Ulicetalia";"";"Calluno-Ulicetalia";"3"
"24928";"18";"Calluno-Ulicetea";"";"Calluno-Ulicetea";"1"
"24929";"18";"Calluno-Ulicetea";"";"Calluno-Ulicetea";"1"
"24931";"18";"Calluno-Vaccinietea myrtilli";"";"Calluno-Vaccinietea myrtilli";"1"
"25238";"18";"Calthion palustris";"";"Calthion palustris";"5"
"25197";"18";"Calystegion sepium";"";"Calystegion sepium";"5"
"25838";"18";"Campanulo-Trisetenion";"";"Campanulo-Trisetenion";"6"
"25457";"18";"Cardaminion";"";"Cardaminion";"5"
"25452";"18";"Cardamino-Chrysosplenietalia";"";"Cardamino-Chrysosplenietalia";"3"
"25461";"18";"Cardamino-Cratoneuretalia";"";"Cardamino-Cratoneuretalia";"3"
"25856";"18";"Cardamino-Cynosurenion";"";"Cardamino-Cynosurenion";"6"
"25468";"18";"Cardamino-Montienion";"";"Cardamino-Montienion";"6"
"25467";"18";"Cardamino-Montion";"";"Cardamino-Montion";"5"
"25453";"18";"Cardamino amarae-Caricetalia remotae";"";"Cardamino amarae-Caricetalia remotae";"3"
"25956";"18";"Caricenion incurvae";"";"Caricenion incurvae";"6"
"25939";"18";"Caricetalia fuscae";"";"Caricetalia fuscae";"3"
"25947";"18";"Caricetalia fuscae";"";"Caricetalia fuscae";"3"
"25938";"18";"Caricetalia goodenowii";"";"Caricetalia goodenowii";"3"
"25940";"18";"Caricetalia nigrae";"";"Caricetalia nigrae";"3"
"26342";"18";"Caricetea fuscae";"";"Caricetea fuscae";"1"
"25374";"18";"Carici-Alnetea glutinosae";"";"Carici-Alnetea glutinosae";"1"
"24970";"18";"Carici-Genistetalia lobelii";"";"Carici-Genistetalia lobelii";"3"
"24968";"18";"Carici-Genistetea lobelii";"";"Carici-Genistetea lobelii";"1"
"25575";"18";"Carici-Rumicion hydrolapathi";"";"Carici-Rumicion hydrolapathi";"5"
"25377";"18";"Carici-Salicetea cinereae";"";"Carici-Salicetea cinereae";"1"
"25442";"18";"Carici davallianae-Molinienion";"";"Carici davallianae-Molinienion";"6"
"25534";"18";"Carici pauciflorae-Sphagnenion papillosi";"";"Carici pauciflorae-Sphagnenion papillosi";"6"
"25082";"18";"Carici piluliferae-Epilobion angustifolii";"";"Carici piluliferae-Epilobion angustifolii";"5"
"25954";"18";"Caricion atrofuscae";"";"Caricion atrofuscae";"5"
"25955";"18";"Caricion bicolori-atrofuscae";"";"Caricion bicolori-atrofuscae";"5"
"25953";"18";"Caricion bicoloris";"";"Caricion bicoloris";"5"
"25942";"18";"Caricion canescentis-goodenowii";"";"Caricion canescentis-goodenowii";"5"
"25937";"18";"Caricion chordorrhizo-lasiocarpae";"";"Caricion chordorrhizo-lasiocarpae";"5"
"25190";"18";"Caricion ferrugineae";"";"Caricion ferrugineae";"5"
"25941";"18";"Caricion fuscae";"";"Caricion fuscae";"5"
"25574";"18";"Caricion gracilis";"";"Caricion gracilis";"5"
"26370";"18";"Caricion juncifoliae";"";"Caricion juncifoliae";"5"
"25957";"18";"Caricion maritimae";"";"Caricion maritimae";"5"
"25943";"18";"Caricion nigrae";"";"Caricion nigrae";"5"
"25952";"18";"Caricion pulchello-trinervis";"";"Caricion pulchello-trinervis";"5"
"25573";"18";"Caricion rostratae";"";"Caricion rostratae";"5"
"24971";"18";"Carlinetalia macrocephalae";"";"Carlinetalia macrocephalae";"3"
"24969";"18";"Carlinetea macrocephalae";"";"Carlinetea macrocephalae";"1"
"25719";"18";"Carpinion";"";"Carpinion";"5"
"25721";"18";"Carpinion";"";"Carpinion";"5"
"25715";"18";"Carpino-Fagenalia";"";"Carpino-Fagenalia";"4"
"25710";"18";"Carpino-Fagetalia";"";"Carpino-Fagetalia";"3"
"25678";"18";"Carpino-Fagetea";"";"Carpino-Fagetea";"1"
"25679";"18";"Carpino-Fagetea";"";"Carpino-Fagetea";"1"
"25055";"18";"Carpino-Prunion";"";"Carpino-Prunion";"5"
"26026";"18";"Caucalidion lappulae";"";"Caucalidion lappulae";"5"
"26364";"18";"Centaureetalia cyani";"";"Centaureetalia cyani";"3"
"25726";"18";"Cephalanthero-Fagenalia";"";"Cephalanthero-Fagenalia";"4"
"25729";"18";"Cephalanthero-Fagenion";"";"Cephalanthero-Fagenion";"6"
"25730";"18";"Cephalanthero-Fagenion";"";"Cephalanthero-Fagenion";"6"
"25727";"18";"Cephalanthero-Fagion";"";"Cephalanthero-Fagion";"5"
"25728";"18";"Cephalanthero-Fagion";"";"Cephalanthero-Fagion";"5"
"25095";"18";"Cephalanthero-Pinion";"";"Cephalanthero-Pinion";"5"
"25333";"18";"Ceratophylletalia";"";"Ceratophylletalia";"3"
"25325";"18";"Ceratophylletea";"";"Ceratophylletea";"1"
"25343";"18";"Ceratophyllion demersi";"";"Ceratophyllion demersi";"5"
"25147";"18";"Chamaespartio-Agrostidenion";"";"Chamaespartio-Agrostidenion";"6"
"24995";"18";"Charenion vulgaris";"";"Charenion vulgaris";"6"
"24986";"18";"Charetalia";"";"Charetalia";"3"
"24987";"18";"Charetalia";"";"Charetalia";"3"
"24979";"18";"Charetea";"";"Charetea";"1"
"24980";"18";"Charetea";"";"Charetea";"1"
"24989";"18";"Charion asperae";"";"Charion asperae";"5"
"24990";"18";"Charion contrario-asperae";"";"Charion contrario-asperae";"5"
"24991";"18";"Charion rudis-hispidae";"";"Charion rudis-hispidae";"5"
"25975";"18";"Chenopodienea muralis";"";"Chenopodienea muralis";"2"
"25976";"18";"Chenopodienea muralis";"";"Chenopodienea muralis";"2"
"25991";"18";"Chenopodietalia";"";"Chenopodietalia";"3"
"25992";"18";"Chenopodietalia";"";"Chenopodietalia";"3"
"25993";"18";"Chenopodietalia";"";"Chenopodietalia";"3"
"26032";"18";"Chenopodietalia albi";"";"Chenopodietalia albi";"3"
"26031";"18";"Chenopodietalia medioeuropaea";"";"Chenopodietalia medioeuropaea";"3"
"26379";"18";"Chenopodietea";"";"Chenopodietea";"1"
"25972";"18";"Chenopodietea";"";"Chenopodietea";"1"
"25974";"18";"Chenopodio-Stellarienea";"";"Chenopodio-Stellarienea";"2"
"24915";"18";"Chenopodion fluviatile";"";"Chenopodion fluviatile";"5"
"24916";"18";"Chenopodion glauci";"";"Chenopodion glauci";"5"
"25994";"18";"Chenopodion muralis";"";"Chenopodion muralis";"5"
"26378";"18";"Chenopodion subalpinum";"";"Chenopodion subalpinum";"5"
"25294";"18";"Cicendienion";"";"Cicendienion";"6"
"25293";"18";"Cicendion";"";"Cicendion";"5"
"25577";"18";"Cicution";"";"Cicution";"5"
"25576";"18";"Cicution virosae";"";"Cicution virosae";"5"
"25000";"18";"Cistion ladaniferi";"";"Cistion ladaniferi";"5"
"25003";"18";"Cistion laurifolii";"";"Cistion laurifolii";"5"
"25001";"18";"Cistion medio-mediterraneum";"";"Cistion medio-mediterraneum";"5"
"24997";"18";"Cisto-Lavanduletea";"";"Cisto-Lavanduletea";"1"
"25004";"18";"Cisto-Lavandulion pedunculatae";"";"Cisto-Lavandulion pedunculatae";"5"
"26249";"18";"Cochleario officinalis-Armerion maritimae";"";"Cochleario officinalis-Armerion maritimae";"5"
"25829";"18";"Colchico autumnalis-Arrhenatherenion elatioris";"";"Colchico autumnalis-Arrhenatherenion elatioris";"6"
"25384";"18";"Comaro-Salicion cinereae";"";"Comaro-Salicion cinereae";"5"
"25424";"18";"Conopodio majoris-Teucrion scorodoniae";"";"Conopodio majoris-Teucrion scorodoniae";"5"
"25195";"18";"Convolvuletalia sepium";"";"Convolvuletalia sepium";"3"
"25196";"18";"Convolvulion sepium";"";"Convolvulion sepium";"5"
"25016";"18";"Convolvulo-Agropyrion";"";"Convolvulo-Agropyrion";"5"
"25200";"18";"Convolvulo-Archangelicion litoralis";"";"Convolvulo-Archangelicion litoralis";"5"
"25594";"18";"Coronopodo-Polygonetalia";"";"Coronopodo-Polygonetalia";"3"
"25590";"18";"Coronopodo-Polygonetea";"";"Coronopodo-Polygonetea";"1"
"25060";"18";"Corylo-Populenion tremulae";"";"Corylo-Populenion tremulae";"6"
"25058";"18";"Corylo-Populion";"";"Corylo-Populion";"5"
"25317";"18";"Corynephoretalia";"";"Corynephoretalia";"3"
"25315";"18";"Corynephoretea";"";"Corynephoretea";"1"
"25019";"18";"Crataego-Prunetea";"";"Crataego-Prunetea";"1"
"25460";"18";"Cratoneuro-Philonotidetalia";"";"Cratoneuro-Philonotidetalia";"3"
"26252";"18";"Crithmo-Armerienion";"";"Crithmo-Armerienion";"6"
"26247";"18";"Crithmo-Armerietalia maritimae";"";"Crithmo-Armerietalia maritimae";"3"
"26248";"18";"Crithmo-Armerietalia maritimae";"";"Crithmo-Armerietalia maritimae";"3"
"26251";"18";"Crithmo-Armerion maritimae";"";"Crithmo-Armerion maritimae";"5"
"26250";"18";"Crithmo-Armerion maritimae";"";"Crithmo-Armerion maritimae";"5"
"25069";"18";"Crithmo-Limonienion binervosi";"";"Crithmo-Limonienion binervosi";"6"
"25068";"18";"Crithmo-Limonietalia";"";"Crithmo-Limonietalia";"3"
"25071";"18";"Crithmo-Limonion";"";"Crithmo-Limonion";"5"
"25067";"18";"Crithmo-Staticetalia";"";"Crithmo-Staticetalia";"3"
"25064";"18";"Crithmo-Staticetea";"";"Crithmo-Staticetea";"1"
"25065";"18";"Crithmo-Staticetea";"";"Crithmo-Staticetea";"1"
"25070";"18";"Crithmo-Staticion";"";"Crithmo-Staticion";"5"
"25066";"18";"Crithmo maritimi-Limonietea";"";"Crithmo maritimi-Limonietea";"1"
"25111";"18";"Crucianelletalia maritimae";"";"Crucianelletalia maritimae";"3"
"25130";"18";"Crucianellion";"";"Crucianellion";"5"
"25544";"18";"Cymbalario-Asplenion";"";"Cymbalario-Asplenion";"5"
"25537";"18";"Cymbalario-Parietarietea diffusae";"";"Cymbalario-Parietarietea diffusae";"1"
"25261";"18";"Cymodoceion nodosae";"";"Cymodoceion nodosae";"5"
"25199";"18";"Cynancho-Convolvulion";"";"Cynancho-Convolvulion";"5"
"26139";"18";"Cynancho-Geranion sanguinei";"";"Cynancho-Geranion sanguinei";"5"
"25302";"18";"Cyperetalia fusci";"";"Cyperetalia fusci";"3"
"25499";"18";"Cypero-Echinochloetalia oryzoidis";"";"Cypero-Echinochloetalia oryzoidis";"3"
"26219";"18";"Cystopteridion";"";"Cystopteridion";"5"
"25075";"18";"Cytisetalia scopario-striati";"";"Cytisetalia scopario-striati";"3"
"25074";"18";"Cytisetea scopario-striati";"";"Cytisetea scopario-striati";"1"
"26172";"18";"Cytiso oromediterranei-Pinion";"";"Cytiso oromediterranei-Pinion";"5"
"24935";"18";"Daboecienion cantabricae";"";"Daboecienion cantabricae";"6"
"24934";"18";"Daboecion cantabricae";"";"Daboecion cantabricae";"5"
"24936";"18";"Dactylido-Ulicion maritimi";"";"Dactylido-Ulicion maritimi";"5"
"25398";"18";"Dactylo hispanicae-Brachypodietea retusi";"";"Dactylo hispanicae-Brachypodietea retusi";"1"
"26065";"18";"Dauco-Melilotion";"";"Dauco-Melilotion";"5"
"26168";"18";"Deschampsio-Pinion";"";"Deschampsio-Pinion";"5"
"26366";"18";"Deschampsio mediae-Molinienion";"";"Deschampsio mediae-Molinienion";"6"
"25448";"18";"Deschampsion mediae";"";"Deschampsion mediae";"5"
"26367";"18";"Deschampsion mediae";"";"Deschampsion mediae";"5"
"25160";"18";"Diantho gratianopolitani-Melicion ciliatae";"";"Diantho gratianopolitani-Melicion ciliatae";"5"
"26164";"18";"Dicrano-Pinion";"";"Dicrano-Pinion";"5"
"26180";"18";"Dicrano-Pinion";"";"Dicrano-Pinion";"5"
"26371";"18";"Diplotaxion";"";"Diplotaxion";"5"
"26375";"18";"Diplotaxion";"";"Diplotaxion";"5"
"26119";"18";"Drabetalia hoppeanae";"";"Drabetalia hoppeanae";"3"
"26120";"18";"Drabetalia hoppeanae";"";"Drabetalia hoppeanae";"3"
"26121";"18";"Drabetalia hoppeanae";"";"Drabetalia hoppeanae";"3"
"26122";"18";"Drabion hoppeanae";"";"Drabion hoppeanae";"5"
"26123";"18";"Drabion hoppeanae";"";"Drabion hoppeanae";"5"
"26124";"18";"Drabion hoppeanae";"";"Drabion hoppeanae";"5"
"25184";"18";"Drabo-Seslerienion";"";"Drabo-Seslerienion";"6"
"25185";"18";"Drabo-Seslerienion";"";"Drabo-Seslerienion";"6"
"26131";"18";"Dryopteridion oreadis";"";"Dryopteridion oreadis";"5"
"25980";"18";"Echio-Galactition";"";"Echio-Galactition";"5"
"25295";"18";"Elatini-Cyperetalia fusci";"";"Elatini-Cyperetalia fusci";"3"
"25299";"18";"Elatino-Eleocharitenion ovatae";"";"Elatino-Eleocharitenion ovatae";"6"
"25298";"18";"Elatino-Eleocharition ovatae";"";"Elatino-Eleocharition ovatae";"5"
"25248";"18";"Eleocharetalia palustris";"";"Eleocharetalia palustris";"3"
"25811";"18";"Eleocharitetalia parvulae";"";"Eleocharitetalia parvulae";"3"
"25818";"18";"Eleocharition parvulae";"";"Eleocharition parvulae";"5"
"25570";"18";"Eleocharito-Sagittarion";"";"Eleocharito-Sagittarion";"5"
"25353";"18";"Elodo-Sparganion";"";"Elodo-Sparganion";"5"
"25354";"18";"Elodo-Sparganion";"";"Elodo-Sparganion";"5"
"26341";"18";"Elymetalia";"";"Elymetalia";"3"
"25277";"18";"Elymetea arenarii";"";"Elymetea arenarii";"1"
"24975";"18";"Elynetalia";"";"Elynetalia";"3"
"24977";"18";"Elynion medioeuropaeum";"";"Elynion medioeuropaeum";"5"
"25176";"18";"Elyno-Seslerietea";"";"Elyno-Seslerietea";"1"
"25177";"18";"Elyno-Seslerietea";"";"Elyno-Seslerietea";"1"
"25178";"18";"Elyno-Seslerietea";"";"Elyno-Seslerietea";"1"
"25010";"18";"Elytrigietalia athericae";"";"Elytrigietalia athericae";"3"
"25008";"18";"Elytrigietea athericae";"";"Elytrigietea athericae";"1"
"25312";"18";"Elytrigio-Artemision coerulescentis";"";"Elytrigio-Artemision coerulescentis";"5"
"25118";"18";"Elytrigio boreoatlanticae-Honckenyenion peploidis";"";"Elytrigio boreoatlanticae-Honckenyenion peploidis";"6"
"25014";"18";"Elytrigion athericae";"";"Elytrigion athericae";"5"
"25361";"18";"Empetretalia hermaphroditi";"";"Empetretalia hermaphroditi";"3"
"25469";"18";"Endocarpion";"";"Endocarpion";"5"
"25079";"18";"Epilobietalia angustifolii";"";"Epilobietalia angustifolii";"3"
"25077";"18";"Epilobietea angustifolii";"";"Epilobietea angustifolii";"1"
"25462";"18";"Epilobio nutantis-Montion";"";"Epilobio nutantis-Montion";"5"
"25463";"18";"Epilobio nutantis-Montion";"";"Epilobio nutantis-Montion";"5"
"25083";"18";"Epilobion angustifolii";"";"Epilobion angustifolii";"5"
"25084";"18";"Epilobion angustifolii";"";"Epilobion angustifolii";"5"
"26134";"18";"Epilobion fleischeri";"";"Epilobion fleischeri";"5"
"25087";"18";"Epipactido atrorubentis-Pinetea";"";"Epipactido atrorubentis-Pinetea";"1"
"26035";"18";"Eragrostietalia";"";"Eragrostietalia";"3"
"25663";"18";"Ericenion arborae";"";"Ericenion arborae";"6"
"25509";"18";"Ericetalia tetralicis";"";"Ericetalia tetralicis";"3"
"25520";"18";"Ericion";"";"Ericion";"5"
"25372";"18";"Ericion carneae";"";"Ericion carneae";"5"
"25507";"18";"Erico-Ledetalia palustris";"";"Erico-Ledetalia palustris";"3"
"25099";"18";"Erico-Pinetalia";"";"Erico-Pinetalia";"3"
"25085";"18";"Erico-Pinetea";"";"Erico-Pinetea";"1"
"25086";"18";"Erico-Pinetea";"";"Erico-Pinetea";"1"
"25101";"18";"Erico-Pinion";"";"Erico-Pinion";"5"
"25504";"18";"Erico-Sphagnetalia";"";"Erico-Sphagnetalia";"3"
"25518";"18";"Erico-Sphagnion";"";"Erico-Sphagnion";"5"
"25949";"18";"Eriophorion latifolii";"";"Eriophorion latifolii";"5"
"25380";"18";"Eriophoro-Salicetalia cinereae";"";"Eriophoro-Salicetalia cinereae";"3"
"25385";"18";"Eriophoro-Salicion cinereae";"";"Eriophoro-Salicion cinereae";"5"
"25510";"18";"Eriophoro vaginati-Sphagnetalia papillosi";"";"Eriophoro vaginati-Sphagnetalia papillosi";"3"
"25073";"18";"Erodenion corsici";"";"Erodenion corsici";"6"
"25072";"18";"Erodio corsici-Limonion articulati";"";"Erodio corsici-Limonion articulati";"5"
"26057";"18";"Eu-Arctienion";"";"Eu-Arctienion";"6"
"26056";"18";"Eu-Arction";"";"Eu-Arction";"5"
"25722";"18";"Eu-Carpinion";"";"Eu-Carpinion";"5"
"25748";"18";"Eu-Fagenion";"";"Eu-Fagenion";"6"
"25170";"18";"Eu-Lavandulo angustifoliae-Genistenion cinereae";"";"Eu-Lavandulo angustifoliae-Genistenion cinereae";"6"
"25146";"18";"Eu-Mesobromenion";"";"Eu-Mesobromenion";"6"
"26363";"18";"Eu-Ononidenion cristatae";"";"Eu-Ononidenion cristatae";"6"
"26041";"18";"Eu-Polygono-Chenopodenion";"";"Eu-Polygono-Chenopodenion";"6"
"26039";"18";"Eu-Polygono-Chenopodion polyspermi";"";"Eu-Polygono-Chenopodion polyspermi";"5"
"25624";"18";"Eu-Potamion";"";"Eu-Potamion";"5"
"25862";"18";"Eu-Ranunculo-Cynosurenion";"";"Eu-Ranunculo-Cynosurenion";"6"
"25863";"18";"Eu-Thymo-Cynosurenion";"";"Eu-Thymo-Cynosurenion";"6"
"26190";"18";"Eu-Vaccinio-Piceenion";"";"Eu-Vaccinio-Piceenion";"6"
"26191";"18";"Eu-Vaccinio-Piceenion";"";"Eu-Vaccinio-Piceenion";"6"
"24925";"18";"Euphorbietalia peplis";"";"Euphorbietalia peplis";"3"
"25110";"18";"Euphorbio-Ammophiletalia arenariae";"";"Euphorbio-Ammophiletalia arenariae";"3"
"25105";"18";"Euphorbio-Ammophiletea arundinaceae";"";"Euphorbio-Ammophiletea arundinaceae";"1"
"25104";"18";"Euphorbio-Ammophiletea australis";"";"Euphorbio-Ammophiletea australis";"1"
"24946";"18";"Euphorbio-Callunion vulgaris";"";"Euphorbio-Callunion vulgaris";"5"
"25121";"18";"Euphorbio-Festucion dumetori";"";"Euphorbio-Festucion dumetori";"5"
"25322";"18";"Euphorbio-Helichrysion stoechadis";"";"Euphorbio-Helichrysion stoechadis";"5"
"25119";"18";"Euphorbio paraliae-Ammophilenion arenariae";"";"Euphorbio paraliae-Ammophilenion arenariae";"6"
"25116";"18";"Euphorbio paraliae-Elymenion boreoatlantici";"";"Euphorbio paraliae-Elymenion boreoatlantici";"6"
"25120";"18";"Euphorbio paraliae-Festucenion arenariae";"";"Euphorbio paraliae-Festucenion arenariae";"6"
"24926";"18";"Euphorbion peplis";"";"Euphorbion peplis";"5"
"25709";"18";"Fagetalia sylvaticae";"";"Fagetalia sylvaticae";"3"
"25735";"18";"Fagion";"";"Fagion";"5"
"25736";"18";"Fagion sylvaticae";"";"Fagion sylvaticae";"5"
"25761";"18";"Fago-Pinion corsicanae";"";"Fago-Pinion corsicanae";"5"
"25153";"18";"Festucenion timbalii";"";"Festucenion timbalii";"6"
"24961";"18";"Festucetalia spadiceae";"";"Festucetalia spadiceae";"3"
"25136";"18";"Festucetalia valesiacae";"";"Festucetalia valesiacae";"3"
"25133";"18";"Festucetea ovinae";"";"Festucetea ovinae";"1"
"26240";"18";"Festucion arenariae";"";"Festucion arenariae";"5"
"26238";"18";"Festucion maritimae";"";"Festucion maritimae";"5"
"25159";"18";"Festucion pallentis";"";"Festucion pallentis";"5"
"24963";"18";"Festucion spadiceae";"";"Festucion spadiceae";"5"
"24962";"18";"Festucion variae";"";"Festucion variae";"5"
"25132";"18";"Festuco-Brometea";"";"Festuco-Brometea";"1"
"25134";"18";"Festuco-Brometea";"";"Festuco-Brometea";"1"
"25135";"18";"Festuco-Brometea";"";"Festuco-Brometea";"1"
"25161";"18";"Festuco-Bromion";"";"Festuco-Bromion";"5"
"25962";"18";"Festuco-Sedetalia acris";"";"Festuco-Sedetalia acris";"3"
"25316";"18";"Festuco-Sedetea";"";"Festuco-Sedetea";"1"
"26352";"18";"Festuco-Seslerietea";"";"Festuco-Seslerietea";"1"
"25203";"18";"Filipenduletalia";"";"Filipenduletalia";"3"
"25204";"18";"Filipenduletalia ulmariae";"";"Filipenduletalia ulmariae";"3"
"25194";"18";"Filipenduletea";"";"Filipenduletea";"1"
"25206";"18";"Filipendulion ulmariae";"";"Filipendulion ulmariae";"5"
"25208";"18";"Filipendulion ulmariae";"";"Filipendulion ulmariae";"5"
"25207";"18";"Filipendulo-Cirsion rivularis";"";"Filipendulo-Cirsion rivularis";"5"
"25193";"18";"Filipendulo-Convolvuletea";"";"Filipendulo-Convolvuletea";"1"
"25081";"18";"Fragarion vescae";"";"Fragarion vescae";"5"
"25018";"18";"Franguletea";"";"Franguletea";"1"
"25375";"18";"Franguletea";"";"Franguletea";"1"
"25024";"18";"Franguletea";"";"Franguletea";"1"
"25040";"18";"Frangulo-Rubenion";"";"Frangulo-Rubenion";"6"
"25041";"18";"Frangulo-Rubion";"";"Frangulo-Rubion";"5"
"25878";"18";"Frankenietalia pulverulentae";"";"Frankenietalia pulverulentae";"3"
"25875";"18";"Frankenietea pulverulentae";"";"Frankenietea pulverulentae";"1"
"25876";"18";"Frankenietea pulverulentae";"";"Frankenietea pulverulentae";"1"
"26242";"18";"Frankenio-Armerienion";"";"Frankenio-Armerienion";"6"
"26243";"18";"Frankenio-Armerienion";"";"Frankenio-Armerienion";"6"
"26244";"18";"Frankenio-Armerion";"";"Frankenio-Armerion";"5"
"25879";"18";"Frankenion pulverulentae";"";"Frankenion pulverulentae";"5"
"25712";"18";"Fraxinetalia";"";"Fraxinetalia";"3"
"25717";"18";"Fraxino-Carpinion";"";"Fraxino-Carpinion";"5"
"25681";"18";"Fraxino-Fagetea sylvaticae";"";"Fraxino-Fagetea sylvaticae";"1"
"25716";"18";"Fraxino-Quercion roboris";"";"Fraxino-Quercion roboris";"5"
"26045";"18";"Fumario-Euphorbion";"";"Fumario-Euphorbion";"5"
"26125";"18";"Galeopsietalia";"";"Galeopsietalia";"3"
"26126";"18";"Galeopsion";"";"Galeopsion";"5"
"26127";"18";"Galeopsion pyrenaicae";"";"Galeopsion pyrenaicae";"5"
"25769";"18";"Galio-Abietenion";"";"Galio-Abietenion";"6"
"25213";"18";"Galio-Alliarietalia";"";"Galio-Alliarietalia";"3"
"25218";"18";"Galio-Alliarion";"";"Galio-Alliarion";"5"
"25212";"18";"Galio-Convolvuletalia sepium";"";"Galio-Convolvuletalia sepium";"3"
"25759";"18";"Galio-Fagenion";"";"Galio-Fagenion";"6"
"25755";"18";"Galio-Fagion";"";"Galio-Fagion";"5"
"25762";"18";"Galio-Fagion";"";"Galio-Fagion";"5"
"25209";"18";"Galio-Urticetea";"";"Galio-Urticetea";"1"
"25210";"18";"Galio-Urticetea";"";"Galio-Urticetea";"1"
"26145";"18";"Galio littoralis-Geranion sanguinei";"";"Galio littoralis-Geranion sanguinei";"5"
"25757";"18";"Galio rotundifolii-Abietion albae";"";"Galio rotundifolii-Abietion albae";"5"
"26173";"18";"Genistenion purgantis";"";"Genistenion purgantis";"6"
"24949";"18";"Genistion";"";"Genistion";"5"
"26169";"18";"Genistion purgantis";"";"Genistion purgantis";"5"
"24947";"18";"Genistion tinctorio-germanicae";"";"Genistion tinctorio-germanicae";"5"
"24952";"18";"Genisto-Vaccinion";"";"Genisto-Vaccinion";"5"
"25140";"18";"Gentianello amarellae-Avenulion pratensis";"";"Gentianello amarellae-Avenulion pratensis";"5"
"25216";"18";"Geo-Alliarion";"";"Geo-Alliarion";"5"
"24955";"18";"Geranio-Cardaminetalia hirsutae";"";"Geranio-Cardaminetalia hirsutae";"3"
"25743";"18";"Geranio nodosi-Fagenion";"";"Geranio nodosi-Fagenion";"6"
"25741";"18";"Geranio nodosi-Fagion";"";"Geranio nodosi-Fagion";"5"
"24954";"18";"Geranio purpurei-Cardaminenea hirsutae";"";"Geranio purpurei-Cardaminenea hirsutae";"2"
"26138";"18";"Geranion sanguinei";"";"Geranion sanguinei";"5"
"26135";"18";"Glaucion flavi";"";"Glaucion flavi";"5"
"26246";"18";"Glauco-Juncion maritimi";"";"Glauco-Juncion maritimi";"5"
"26237";"18";"Glauco-Puccinellietalia";"";"Glauco-Puccinellietalia";"3"
"25214";"18";"Glechometalia hederaceae";"";"Glechometalia hederaceae";"3"
"25252";"18";"Glycerio-Nasturtietea officinalis";"";"Glycerio-Nasturtietea officinalis";"1"
"25255";"18";"Glycerio-Sparganion";"";"Glycerio-Sparganion";"5"
"25256";"18";"Glycerion fluitantis";"";"Glycerion fluitantis";"5"
"25912";"18";"Halimionenion portulacoidis";"";"Halimionenion portulacoidis";"6"
"25311";"18";"Halo-Artemision";"";"Halo-Artemision";"5"
"24996";"18";"Halo-Charion";"";"Halo-Charion";"5"
"25258";"18";"Halodulo-Thalassietea";"";"Halodulo-Thalassietea";"1"
"25296";"18";"Heleochloion";"";"Heleochloion";"5"
"25297";"18";"Heleochloion";"";"Heleochloion";"5"
"26350";"18";"Heleochloo-Cyperion micheliani";"";"Heleochloo-Cyperion micheliani";"5"
"25262";"18";"Helianthemetea";"";"Helianthemetea";"1"
"25264";"18";"Helianthemetea annua";"";"Helianthemetea annua";"1"
"25263";"18";"Helianthemetea annua";"";"Helianthemetea annua";"1"
"25267";"18";"Helianthemion guttati";"";"Helianthemion guttati";"5"
"25112";"18";"Helichryso-Crucianelletalia maritimae";"";"Helichryso-Crucianelletalia maritimae";"3"
"25106";"18";"Helichryso-Crucianelletea";"";"Helichryso-Crucianelletea";"1"
"25030";"18";"Hippophaenion fluviatilis";"";"Hippophaenion fluviatilis";"6"
"25027";"18";"Hippophaion";"";"Hippophaion";"5"
"25422";"18";"Holco-Pteridienion aquilini";"";"Holco-Pteridienion aquilini";"6"
"25443";"18";"Holoschoenetalia";"";"Holoschoenetalia";"3"
"25444";"18";"Holoschoenetalia";"";"Holoschoenetalia";"3"
"26349";"18";"Holoschoenetalia";"";"Holoschoenetalia";"3"
"25446";"18";"Holoschoenion";"";"Holoschoenion";"5"
"25553";"18";"Homalothecio-Polypodion serrati";"";"Homalothecio-Polypodion serrati";"5"
"25115";"18";"Honckenyo-Agropyrenion boreoatlantici";"";"Honckenyo-Agropyrenion boreoatlantici";"6"
"25281";"18";"Honckenyo-Crambion maritimae";"";"Honckenyo-Crambion maritimae";"5"
"25279";"18";"Honckenyo-Elymetalia arenarii";"";"Honckenyo-Elymetalia arenarii";"3"
"25278";"18";"Honckenyo-Elymetea arenarii";"";"Honckenyo-Elymetea arenarii";"1"
"25280";"18";"Honckenyo peploidis-Elymion arenarii";"";"Honckenyo peploidis-Elymion arenarii";"5"
"25990";"18";"Hordeion leporini";"";"Hordeion leporini";"5"
"25989";"18";"Hordeion murini";"";"Hordeion murini";"5"
"25034";"18";"Humulo lupuli-Sambucion nigrae";"";"Humulo lupuli-Sambucion nigrae";"5"
"25332";"18";"Hydrocharitetalia";"";"Hydrocharitetalia";"3"
"25326";"18";"Hydrocharitetea";"";"Hydrocharitetea";"1"
"25340";"18";"Hydrocharition";"";"Hydrocharition";"5"
"25341";"18";"Hydrocharition";"";"Hydrocharition";"5"
"25355";"18";"Hydrocotylo-Baldellion";"";"Hydrocotylo-Baldellion";"5"
"25951";"18";"Hydrocotylo-Schoenion nigricantis";"";"Hydrocotylo-Schoenion nigricantis";"5"
"25550";"18";"Hymenophyllion tunbrigensis";"";"Hymenophyllion tunbrigensis";"5"
"25725";"18";"Hypericenion androsaemi";"";"Hypericenion androsaemi";"6"
"25707";"18";"Hyperico montani-Quercenion robori-petraeae";"";"Hyperico montani-Quercenion robori-petraeae";"6"
"25765";"18";"Ilici-Fagenion";"";"Ilici-Fagenion";"6"
"25766";"18";"Ilici-Fagenion";"";"Ilici-Fagenion";"6"
"25756";"18";"Ilici-Fagion";"";"Ilici-Fagion";"5"
"25221";"18";"Impatienti noli-tangere-Stachyion sylvaticae";"";"Impatienti noli-tangere-Stachyion sylvaticae";"5"
"25498";"18";"Imperato-Erianthion";"";"Imperato-Erianthion";"5"
"25390";"18";"Irido-Alnenion glutinosae";"";"Irido-Alnenion glutinosae";"6"
"25391";"18";"Irido-Alnenion glutinosae";"";"Irido-Alnenion glutinosae";"6"
"25387";"18";"Irido-Alnetalia glutinosae";"";"Irido-Alnetalia glutinosae";"3"
"25389";"18";"Irido-Alnion glutinosae";"";"Irido-Alnion glutinosae";"5"
"25286";"18";"Isoetetalia";"";"Isoetetalia";"3"
"25287";"18";"Isoetetalia";"";"Isoetetalia";"3"
"25284";"18";"Isoetetea velatae";"";"Isoetetea velatae";"1"
"25289";"18";"Isoetion";"";"Isoetion";"5"
"25290";"18";"Isoetion";"";"Isoetion";"5"
"25350";"18";"Isoetion lacustris";"";"Isoetion lacustris";"5"
"25351";"18";"Isoetion lacustris";"";"Isoetion lacustris";"5"
"25346";"18";"Isoeto-Littorelletea";"";"Isoeto-Littorelletea";"1"
"25282";"18";"Isoeto-Nanojuncetea";"";"Isoeto-Nanojuncetea";"1"
"25283";"18";"Isoeto-Nanojuncetea";"";"Isoeto-Nanojuncetea";"1"
"25309";"18";"Juncenion maritimi";"";"Juncenion maritimi";"6"
"25495";"18";"Juncenion squarrosi";"";"Juncenion squarrosi";"6"
"25306";"18";"Juncetalia maritimi";"";"Juncetalia maritimi";"3"
"25285";"18";"Juncetea bufonii";"";"Juncetea bufonii";"1"
"25348";"18";"Juncetea bulbosi";"";"Juncetea bulbosi";"1"
"25305";"18";"Juncetea maritimi";"";"Juncetea maritimi";"1"
"24958";"18";"Juncetea trifidi";"";"Juncetea trifidi";"1"
"25432";"18";"Juncion acutiflori";"";"Juncion acutiflori";"5"
"25307";"18";"Juncion maritimi";"";"Juncion maritimi";"5"
"25439";"18";"Junco-Molinienion";"";"Junco-Molinienion";"6"
"25934";"18";"Junco acutiflori-Caricion lasiocarpae";"";"Junco acutiflori-Caricion lasiocarpae";"5"
"25935";"18";"Junco subnodulosi-Caricion lasiocarpae";"";"Junco subnodulosi-Caricion lasiocarpae";"5"
"25435";"18";"Junco subuliflori-Molinion";"";"Junco subuliflori-Molinion";"5"
"25365";"18";"Juniperenalia nanae";"";"Juniperenalia nanae";"4"
"25366";"18";"Juniperenalia nanae";"";"Juniperenalia nanae";"4"
"25670";"18";"Juniperion lyciae";"";"Juniperion lyciae";"5"
"26192";"18";"Junipero-Pinetalia mugo";"";"Junipero-Pinetalia mugo";"3"
"26193";"18";"Junipero-Pinetalia mugo";"";"Junipero-Pinetalia mugo";"3"
"25092";"18";"Junipero hemisphaericae-Pinetalia";"";"Junipero hemisphaericae-Pinetalia";"3"
"25093";"18";"Junipero hemisphaericae-Pinion sylvestris";"";"Junipero hemisphaericae-Pinion sylvestris";"5"
"25584";"18";"Junipero sabinae-Pinetalia sylvestris";"";"Junipero sabinae-Pinetalia sylvestris";"3"
"25582";"18";"Junipero sabinae-Pinetea sylvestris";"";"Junipero sabinae-Pinetea sylvestris";"1"
"26144";"18";"Knaution gracilis";"";"Knaution gracilis";"5"
"24973";"18";"Kobresio-Elynetea";"";"Kobresio-Elynetea";"1"
"25318";"18";"Koelerietalia";"";"Koelerietalia";"3"
"25314";"18";"Koelerio-Corynephoretea";"";"Koelerio-Corynephoretea";"1"
"25162";"18";"Koelerio-Phleion phleoidis";"";"Koelerio-Phleion phleoidis";"5"
"25983";"18";"Laguro-Bromion rigidi";"";"Laguro-Bromion rigidi";"5"
"25274";"18";"Laguro ovati-Vulpion fasciculatae";"";"Laguro ovati-Vulpion fasciculatae";"5"
"25211";"18";"Lamio albi-Chenopodietalia boni-henrici";"";"Lamio albi-Chenopodietalia boni-henrici";"3"
"24988";"18";"Lamprothamnetalia papulosi";"";"Lamprothamnetalia papulosi";"3"
"25219";"18";"Lapsano-Geranion robertiani";"";"Lapsano-Geranion robertiani";"5"
"25192";"18";"Laserpitio-Ranunculion thorae";"";"Laserpitio-Ranunculion thorae";"5"
"25837";"18";"Lathyro linifolii-Trisetenion";"";"Lathyro linifolii-Trisetenion";"6"
"24998";"18";"Lavanduletalia stoechadis";"";"Lavanduletalia stoechadis";"3"
"24999";"18";"Lavanduletalia stoechidis";"";"Lavanduletalia stoechidis";"3"
"25169";"18";"Lavandulo-Genistion cinereae";"";"Lavandulo-Genistion cinereae";"5"
"25508";"18";"Ledetalia";"";"Ledetalia";"3"
"25330";"18";"Lemnetalia";"";"Lemnetalia";"3"
"25331";"18";"Lemnetalia";"";"Lemnetalia";"3"
"25323";"18";"Lemnetea";"";"Lemnetea";"1"
"25324";"18";"Lemnetea";"";"Lemnetea";"1"
"25336";"18";"Lemnion gibbae";"";"Lemnion gibbae";"5"
"25335";"18";"Lemnion minoris";"";"Lemnion minoris";"5"
"25338";"18";"Lemnion trisulcae";"";"Lemnion trisulcae";"5"
"25342";"18";"Lemno minoris-Hydrocharition morsus-ranae";"";"Lemno minoris-Hydrocharition morsus-ranae";"5"
"25478";"18";"Ligustico mutellinae-Luzulion desvauxii";"";"Ligustico mutellinae-Luzulion desvauxii";"5"
"25026";"18";"Ligustro-Hippophaion";"";"Ligustro-Hippophaion";"5"
"25057";"18";"Ligustro-Prunenion spinosae";"";"Ligustro-Prunenion spinosae";"6"
"25056";"18";"Ligustro-Prunion";"";"Ligustro-Prunion";"5"
"25045";"18";"Ligustro-Rubion ulmifolii";"";"Ligustro-Rubion ulmifolii";"5"
"25171";"18";"Lilio pomponii-Artemisenion albae";"";"Lilio pomponii-Artemisenion albae";"6"
"26356";"18";"Limno-Charion";"";"Limno-Charion";"5"
"25924";"18";"Limonietalia";"";"Limonietalia";"3"
"26245";"18";"Limonio vulgaris-Plantaginenion maritimae";"";"Limonio vulgaris-Plantaginenion maritimae";"6"
"25831";"18";"Lino biennis-Gaudinion fragilis";"";"Lino biennis-Gaudinion fragilis";"5"
"25349";"18";"Littorelletalia";"";"Littorelletalia";"3"
"25345";"18";"Littorelletea";"";"Littorelletea";"1"
"25347";"18";"Littorelletea";"";"Littorelletea";"1"
"25352";"18";"Lobelenion";"";"Lobelenion";"6"
"25358";"18";"Loiseleurio-Cetrarietea";"";"Loiseleurio-Cetrarietea";"1"
"25360";"18";"Loiseleurio-Vaccinietalia";"";"Loiseleurio-Vaccinietalia";"3"
"25356";"18";"Loiseleurio-Vaccinietea";"";"Loiseleurio-Vaccinietea";"1"
"25357";"18";"Loiseleurio-Vaccinietea";"";"Loiseleurio-Vaccinietea";"1"
"25367";"18";"Loiseleurio-Vaccinion";"";"Loiseleurio-Vaccinion";"5"
"25850";"18";"Lolio-Cynosurenion";"";"Lolio-Cynosurenion";"6"
"25869";"18";"Lolio-Plantaginion";"";"Lolio-Plantaginion";"5"
"25244";"18";"Lolio-Potentillion anserinae";"";"Lolio-Potentillion anserinae";"5"
"25049";"18";"Lonicerenion periclymeni";"";"Lonicerenion periclymeni";"6"
"25042";"18";"Lonicero-Rubion silvatici";"";"Lonicero-Rubion silvatici";"5"
"25059";"18";"Lonicero nigrae-Corylion avellanae";"";"Lonicero nigrae-Corylion avellanae";"5"
"25241";"18";"Loto-Trifolenion";"";"Loto-Trifolenion";"6"
"25239";"18";"Loto-Trifolion";"";"Loto-Trifolion";"5"
"25240";"18";"Loto-Trifolion fragiferi";"";"Loto-Trifolion fragiferi";"5"
"25752";"18";"Lunario-Acerion";"";"Lunario-Acerion";"5"
"25616";"18";"Luronio-Potametalia";"";"Luronio-Potametalia";"3"
"25767";"18";"Luzulo-Fagenion";"";"Luzulo-Fagenion";"6"
"25711";"18";"Luzulo-Fagetalia";"";"Luzulo-Fagetalia";"3"
"25753";"18";"Luzulo-Fagion";"";"Luzulo-Fagion";"5"
"25754";"18";"Luzulo-Fagion";"";"Luzulo-Fagion";"5"
"25760";"18";"Luzulo pedemontanae-Fagenion sylvaticae";"";"Luzulo pedemontanae-Fagenion sylvaticae";"6"
"25455";"18";"Lycopo-Cratoneurion commutati";"";"Lycopo-Cratoneurion commutati";"5"
"25404";"18";"Lygeo-Stipetalia";"";"Lygeo-Stipetalia";"3"
"25406";"18";"Lygeo-Stipetalia";"";"Lygeo-Stipetalia";"3"
"25399";"18";"Lygeo-Stipetea";"";"Lygeo-Stipetea";"1"
"26351";"18";"Lythrion tribracteati";"";"Lythrion tribracteati";"5"
"25630";"18";"Magno-Potamion";"";"Magno-Potamion";"5"
"25619";"18";"Magno-Potamion eurosibiricum";"";"Magno-Potamion eurosibiricum";"5"
"25571";"18";"Magnocaricetalia";"";"Magnocaricetalia";"3"
"25572";"18";"Magnocaricetalia";"";"Magnocaricetalia";"3"
"25615";"18";"Magnopotametalia";"";"Magnopotametalia";"3"
"25629";"18";"Magnopotamion";"";"Magnopotamion";"5"
"25271";"18";"Malcolmietalia";"";"Malcolmietalia";"3"
"25988";"18";"Malvenion";"";"Malvenion";"6"
"25995";"18";"Malvenion parviflorae";"";"Malvenion parviflorae";"6"
"25273";"18";"Maresio-Malcolmienion ramosissimae";"";"Maresio-Malcolmienion ramosissimae";"6"
"26357";"18";"Maresio-Malcolmion ramosissimae";"";"Maresio-Malcolmion ramosissimae";"5"
"25272";"18";"Maresion nanae";"";"Maresion nanae";"5"
"25600";"18";"Matricario-Polygonion avicularis";"";"Matricario-Polygonion avicularis";"5"
"25601";"18";"Matricario matricarioidis-Polygonion arenastri";"";"Matricario matricarioidis-Polygonion arenastri";"5"
"25129";"18";"Medicagini-Ammophilenion arundinaceae";"";"Medicagini-Ammophilenion arundinaceae";"6"
"25423";"18";"Melampyrion pratensis";"";"Melampyrion pratensis";"5"
"25418";"18";"Melampyro-Holcetalia mollis";"";"Melampyro-Holcetalia mollis";"3"
"25416";"18";"Melampyro-Holcetea mollis";"";"Melampyro-Holcetea mollis";"1"
"25417";"18";"Melampyro-Holcetea mollis";"";"Melampyro-Holcetea mollis";"1"
"25425";"18";"Melampyro sylvatici-Poion chaixii";"";"Melampyro sylvatici-Poion chaixii";"5"
"25242";"18";"Mentho-Juncion inflexi";"";"Mentho-Juncion inflexi";"5"
"25243";"18";"Mentho-Juncion inflexi";"";"Mentho-Juncion inflexi";"5"
"25144";"18";"Mesobromenion";"";"Mesobromenion";"6"
"25145";"18";"Mesobromenion erecti";"";"Mesobromenion erecti";"6"
"25430";"18";"Molinietalia caeruleae";"";"Molinietalia caeruleae";"3"
"25225";"18";"Molinio-Arrhenatheretea";"";"Molinio-Arrhenatheretea";"1"
"25445";"18";"Molinio-Holoschoenion";"";"Molinio-Holoschoenion";"5"
"25447";"18";"Molinio-Holoschoenion";"";"Molinio-Holoschoenion";"5"
"25427";"18";"Molinio-Juncetea";"";"Molinio-Juncetea";"1"
"25428";"18";"Molinio-Juncetea";"";"Molinio-Juncetea";"1"
"25429";"18";"Molinio-Juncetea";"";"Molinio-Juncetea";"1"
"25434";"18";"Molinio-Juncion acutiflori";"";"Molinio-Juncion acutiflori";"5"
"25102";"18";"Molinio-Pinenion";"";"Molinio-Pinenion";"6"
"25103";"18";"Molinio-Pinion";"";"Molinio-Pinion";"5"
"25708";"18";"Molinio-Quercion";"";"Molinio-Quercion";"5"
"25930";"18";"Molinio caeruleae-Rhynchosporion albae";"";"Molinio caeruleae-Rhynchosporion albae";"5"
"25441";"18";"Molinion caeruleae";"";"Molinion caeruleae";"5"
"25465";"18";"Montenion";"";"Montenion";"6"
"25454";"18";"Montio-Cardaminetalia";"";"Montio-Cardaminetalia";"3"
"25459";"18";"Montio-Cardaminetalia";"";"Montio-Cardaminetalia";"3"
"25449";"18";"Montio-Cardaminetea";"";"Montio-Cardaminetea";"1"
"25450";"18";"Montio-Cardaminetea";"";"Montio-Cardaminetea";"1"
"25451";"18";"Montio-Cardaminetea";"";"Montio-Cardaminetea";"1"
"26361";"18";"Montio-Cardaminetea";"";"Montio-Cardaminetea";"1"
"25464";"18";"Montion";"";"Montion";"5"
"24905";"18";"Mugo-Alnetalia viridis";"";"Mugo-Alnetalia viridis";"3"
"24900";"18";"Mugo-Alnetea viridis";"";"Mugo-Alnetea viridis";"1"
"25473";"18";"Mulgedio-Aconitetea";"";"Mulgedio-Aconitetea";"1"
"25888";"18";"Myricarietalia";"";"Myricarietalia";"3"
"26132";"18";"Myricarietalia germanicae";"";"Myricarietalia germanicae";"3"
"26133";"18";"Myricarietalia germanicae";"";"Myricarietalia germanicae";"3"
"26101";"18";"Myricario-Thlaspietea rotundifolii";"";"Myricario-Thlaspietea rotundifolii";"1"
"25301";"18";"Nanocyperetalia";"";"Nanocyperetalia";"3"
"25304";"18";"Nanocyperion flavescentis";"";"Nanocyperion flavescentis";"5"
"25489";"18";"Nardenea strictae";"";"Nardenea strictae";"2"
"25490";"18";"Nardetalia";"";"Nardetalia";"3"
"25491";"18";"Nardetalia";"";"Nardetalia";"3"
"25488";"18";"Nardetea";"";"Nardetea";"1"
"24964";"18";"Nardion";"";"Nardion";"5"
"24965";"18";"Nardion";"";"Nardion";"5"
"24930";"18";"Nardo-Callunetea";"";"Nardo-Callunetea";"1"
"25492";"18";"Nardo-Galion saxatilis";"";"Nardo-Galion saxatilis";"5"
"25494";"18";"Nardo-Juncion squarrosi";"";"Nardo-Juncion squarrosi";"5"
"25516";"18";"Narthecio-Sphagnenion papillosi";"";"Narthecio-Sphagnenion papillosi";"6"
"25253";"18";"Nasturtietea officinalis";"";"Nasturtietea officinalis";"1"
"25254";"18";"Nasturtio-Glycerietalia";"";"Nasturtio-Glycerietalia";"3"
"25257";"18";"Nasturtion officinalis";"";"Nasturtion officinalis";"5"
"25496";"18";"Nerio-Tamaricetea";"";"Nerio-Tamaricetea";"1"
"24981";"18";"Nitelletalia";"";"Nitelletalia";"3"
"24982";"18";"Nitellion";"";"Nitellion";"5"
"24983";"18";"Nitellion";"";"Nitellion";"5"
"25613";"18";"Nupharo-Potametalia";"";"Nupharo-Potametalia";"3"
"25610";"18";"Nymphaeetea";"";"Nymphaeetea";"1"
"25617";"18";"Nymphaeion";"";"Nymphaeion";"5"
"25563";"18";"Oenanthetalia aquaticae";"";"Oenanthetalia aquaticae";"3"
"25569";"18";"Oenanthion aquaticae";"";"Oenanthion aquaticae";"5"
"25664";"18";"Oleo-Ceratonion";"";"Oleo-Ceratonion";"5"
"25665";"18";"Oleo-Ceratonion";"";"Oleo-Ceratonion";"5"
"25666";"18";"Oleo-Ceratonion";"";"Oleo-Ceratonion";"5"
"25164";"18";"Ononidetalia striatae";"";"Ononidetalia striatae";"3"
"25172";"18";"Ononidion cenisiae";"";"Ononidion cenisiae";"5"
"25173";"18";"Ononidion cenisiae";"";"Ononidion cenisiae";"5"
"25174";"18";"Ononidion cristatae";"";"Ononidion cristatae";"5"
"25131";"18";"Ononidion ramosissimae";"";"Ononidion ramosissimae";"5"
"25175";"18";"Ononido-Helictotrichenion sempervirentis";"";"Ononido-Helictotrichenion sempervirentis";"6"
"25098";"18";"Ononido-Pinion";"";"Ononido-Pinion";"5"
"25798";"18";"Ononido-Rosmarinetea";"";"Ononido-Rosmarinetea";"1"
"25799";"18";"Ononido-Rosmarinetea";"";"Ononido-Rosmarinetea";"1"
"26061";"18";"Onopordetalia";"";"Onopordetalia";"3"
"26062";"18";"Onopordetalia";"";"Onopordetalia";"3"
"26052";"18";"Onopordetea";"";"Onopordetea";"1"
"26053";"18";"Onopordetea";"";"Onopordetea";"1"
"26063";"18";"Onopordion";"";"Onopordion";"5"
"26064";"18";"Onopordion";"";"Onopordion";"5"
"26066";"18";"Onopordion arabici";"";"Onopordion arabici";"5"
"26137";"18";"Origanetalia vulgaris";"";"Origanetalia vulgaris";"3"
"25685";"18";"Orno-Cotinetalia";"";"Orno-Cotinetalia";"3"
"25501";"18";"Oryzion sativae";"";"Oryzion sativae";"5"
"25500";"18";"Oryzo-Echinochloion oryzoidis";"";"Oryzo-Echinochloion oryzoidis";"5"
"25784";"18";"Osmundo-Alnion";"";"Osmundo-Alnion";"5"
"25786";"18";"Osmundo-Alnion";"";"Osmundo-Alnion";"5"
"25697";"18";"Ostryo-Carpinion orientalis";"";"Ostryo-Carpinion orientalis";"5"
"25511";"18";"Oxycocco-Ericion tetralicis";"";"Oxycocco-Ericion tetralicis";"5"
"25512";"18";"Oxycocco-Ericion tetralicis";"";"Oxycocco-Ericion tetralicis";"5"
"25502";"18";"Oxycocco-Sphagnetea";"";"Oxycocco-Sphagnetea";"1"
"25503";"18";"Oxycocco-Sphagnetea";"";"Oxycocco-Sphagnetea";"1"
"24974";"18";"Oxytropido-Elynetalia";"";"Oxytropido-Elynetalia";"3"
"24976";"18";"Oxytropido-Elynion";"";"Oxytropido-Elynion";"5"
"26040";"18";"Panico-Setarenion";"";"Panico-Setarenion";"6"
"26038";"18";"Panico-Setarion";"";"Panico-Setarion";"5"
"26024";"18";"Papaveretalia rhoeadis";"";"Papaveretalia rhoeadis";"3"
"26025";"18";"Papaveretalia rhoeadis";"";"Papaveretalia rhoeadis";"3"
"26036";"18";"Papaveretalia rhoeadis";"";"Papaveretalia rhoeadis";"3"
"25539";"18";"Parietarietalia";"";"Parietarietalia";"3"
"25540";"18";"Parietarietalia muralis";"";"Parietarietalia muralis";"3"
"25536";"18";"Parietarietea";"";"Parietarietea";"1"
"25538";"18";"Parietarietea judaicae";"";"Parietarietea judaicae";"1"
"25543";"18";"Parietario-Centranthion rubri";"";"Parietario-Centranthion rubri";"5"
"25541";"18";"Parietario-Galion muralis";"";"Parietario-Galion muralis";"5"
"25542";"18";"Parietario-Galion muralis";"";"Parietario-Galion muralis";"5"
"25627";"18";"Parvo-Potamion";"";"Parvo-Potamion";"5"
"25628";"18";"Parvo-Potamion eurosibiricum";"";"Parvo-Potamion eurosibiricum";"5"
"25928";"18";"Parvocaricetea";"";"Parvocaricetea";"1"
"25614";"18";"Parvopotametalia";"";"Parvopotametalia";"3"
"25626";"18";"Parvopotamion";"";"Parvopotamion";"5"
"25250";"18";"Paspalo-Agrostion";"";"Paspalo-Agrostion";"5"
"25249";"18";"Paspalo-Heleochloetalia";"";"Paspalo-Heleochloetalia";"3"
"25251";"18";"Paspalo distichi-Polypogonion semiverticillati";"";"Paspalo distichi-Polypogonion semiverticillati";"5"
"26116";"18";"Petasition paradoxi";"";"Petasition paradoxi";"5"
"26117";"18";"Petasition paradoxi";"";"Petasition paradoxi";"5"
"26118";"18";"Petasition paradoxi";"";"Petasition paradoxi";"5"
"25201";"18";"Petasito-Chaerophylletalia";"";"Petasito-Chaerophylletalia";"3"
"26214";"18";"Phagnalo-Cheilanthion fragantis";"";"Phagnalo-Cheilanthion fragantis";"5"
"26213";"18";"Phagnalo-Cheilanthion maderensis";"";"Phagnalo-Cheilanthion maderensis";"5"
"25409";"18";"Phlomido lychnitidis-Brachypodion retusi";"";"Phlomido lychnitidis-Brachypodion retusi";"5"
"25560";"18";"Phragmitetalia";"";"Phragmitetalia";"3"
"25561";"18";"Phragmitetalia";"";"Phragmitetalia";"3"
"26354";"18";"Phragmitetalia";"";"Phragmitetalia";"3"
"25562";"18";"Phragmitetalia eurosibirica";"";"Phragmitetalia eurosibirica";"3"
"25558";"18";"Phragmitetea";"";"Phragmitetea";"1"
"25556";"18";"Phragmiti-Magnocaricetea";"";"Phragmiti-Magnocaricetea";"1"
"25557";"18";"Phragmiti-Magnocaricetea";"";"Phragmiti-Magnocaricetea";"1"
"25568";"18";"Phragmition australis";"";"Phragmition australis";"5"
"25564";"18";"Phragmition communis";"";"Phragmition communis";"5"
"25565";"18";"Phragmition communis";"";"Phragmition communis";"5"
"25566";"18";"Phragmition communis";"";"Phragmition communis";"5"
"25567";"18";"Phragmition eurosibiricum";"";"Phragmition eurosibiricum";"5"
"26187";"18";"Piceion excelsae";"";"Piceion excelsae";"5"
"25770";"18";"Piceo-Abietion";"";"Piceo-Abietion";"5"
"26181";"18";"Piceo-Vaccinienion uliginosi";"";"Piceo-Vaccinienion uliginosi";"6"
"26182";"18";"Piceo-Vaccinienion uliginosi";"";"Piceo-Vaccinienion uliginosi";"6"
"26104";"18";"Pimpinello-Gouffeion";"";"Pimpinello-Gouffeion";"5"
"26105";"18";"Pimpinello-Gouffeion";"";"Pimpinello-Gouffeion";"5"
"26358";"18";"Pinenalia sylvestris";"";"Pinenalia sylvestris";"4"
"26161";"18";"Pinetalia";"";"Pinetalia";"3"
"26166";"18";"Pinion";"";"Pinion";"5"
"26167";"18";"Pinion";"";"Pinion";"5"
"26165";"18";"Pinion medioeuropaeum";"";"Pinion medioeuropaeum";"5"
"26194";"18";"Pinion mugo";"";"Pinion mugo";"5"
"26171";"18";"Pino-Cytision oromediterranei";"";"Pino-Cytision oromediterranei";"5"
"26170";"18";"Pino-Cytision purgantis";"";"Pino-Cytision purgantis";"5"
"25100";"18";"Pino-Ericion";"";"Pino-Ericion";"5"
"25583";"18";"Pino-Juniperetalia";"";"Pino-Juniperetalia";"3"
"25088";"18";"Pino-Juniperetea";"";"Pino-Juniperetea";"1"
"25659";"18";"Pistacio-Rhamnetalia alaterni";"";"Pistacio-Rhamnetalia alaterni";"3"
"25645";"18";"Pistacio lentisci-Rhamnetea alaterni";"";"Pistacio lentisci-Rhamnetea alaterni";"1"
"25595";"18";"Plantaginetalia majoris";"";"Plantaginetalia majoris";"3"
"25230";"18";"Plantaginetalia majoris";"";"Plantaginetalia majoris";"3"
"25226";"18";"Plantaginetea majoris";"";"Plantaginetea majoris";"1"
"25227";"18";"Plantaginetea majoris";"";"Plantaginetea majoris";"1"
"25867";"18";"Plantagini-Prunelletalia";"";"Plantagini-Prunelletalia";"3"
"25870";"18";"Plantagini-Prunellion";"";"Plantagini-Prunellion";"5"
"25313";"18";"Plantaginion crassifoliae";"";"Plantaginion crassifoliae";"5"
"24966";"18";"Plantaginion insularis";"";"Plantaginion insularis";"5"
"25864";"18";"Poion alpinae";"";"Poion alpinae";"5"
"25872";"18";"Poion variae";"";"Poion variae";"5"
"25854";"18";"Polygalo-Cynosurenion";"";"Polygalo-Cynosurenion";"6"
"25596";"18";"Polygonion avicularis";"";"Polygonion avicularis";"5"
"25598";"18";"Polygonion avicularis";"";"Polygonion avicularis";"5"
"25602";"18";"Polygonion avicularis";"";"Polygonion avicularis";"5"
"25880";"18";"Polygonion subspathacei";"";"Polygonion subspathacei";"5"
"26033";"18";"Polygono-Chenopodietalia";"";"Polygono-Chenopodietalia";"3"
"25597";"18";"Polygono-Coronopodion";"";"Polygono-Coronopodion";"5"
"25599";"18";"Polygono-Coronopodion";"";"Polygono-Coronopodion";"5"
"26360";"18";"Polygono-Juncenion acutiflori";"";"Polygono-Juncenion acutiflori";"6"
"25591";"18";"Polygono-Poenea annuae";"";"Polygono-Poenea annuae";"2"
"25587";"18";"Polygono-Poetea annuae";"";"Polygono-Poetea annuae";"1"
"25589";"18";"Polygono-Poetea annuae";"";"Polygono-Poetea annuae";"1"
"25593";"18";"Polygono avicularis-Poetalia annuae";"";"Polygono avicularis-Poetalia annuae";"3"
"25588";"18";"Polygono avicularis-Poetea annuae";"";"Polygono avicularis-Poetea annuae";"1"
"26348";"18";"Polygono bistortae-Juncenion acutiflori";"";"Polygono bistortae-Juncenion acutiflori";"6"
"25835";"18";"Polygono bistortae-Trisetion";"";"Polygono bistortae-Trisetion";"5"
"25546";"18";"Polypodietea";"";"Polypodietea";"1"
"25551";"18";"Polypodion";"";"Polypodion";"5"
"25552";"18";"Polypodion";"";"Polypodion";"5"
"26376";"18";"Polystichetalia lonchitidis";"";"Polystichetalia lonchitidis";"3"
"25724";"18";"Polysticho-Corylenion";"";"Polysticho-Corylenion";"6"
"25723";"18";"Polysticho-Fraxinion";"";"Polysticho-Fraxinion";"5"
"25828";"18";"Poo alpinae-Trisetalia";"";"Poo alpinae-Trisetalia";"3"
"25779";"18";"Populenalia albae";"";"Populenalia albae";"4"
"25776";"18";"Populetalia albae";"";"Populetalia albae";"3"
"25777";"18";"Populetalia albae";"";"Populetalia albae";"3"
"25780";"18";"Populetalia albae";"";"Populetalia albae";"3"
"25782";"18";"Populion albae";"";"Populion albae";"5"
"25783";"18";"Populion albae";"";"Populion albae";"5"
"25899";"18";"Populion albae";"";"Populion albae";"5"
"25605";"18";"Posidonietalia";"";"Posidonietalia";"3"
"25604";"18";"Posidonietea";"";"Posidonietea";"1"
"25606";"18";"Posidonion";"";"Posidonion";"5"
"25607";"18";"Posidonion";"";"Posidonion";"5"
"25612";"18";"Potametalia";"";"Potametalia";"3"
"25608";"18";"Potametea";"";"Potametea";"1"
"25609";"18";"Potametea";"";"Potametea";"1"
"25611";"18";"Potametea";"";"Potametea";"1"
"25618";"18";"Potamion";"";"Potamion";"5"
"25623";"18";"Potamion";"";"Potamion";"5"
"25622";"18";"Potamion eurosibiricum";"";"Potamion eurosibiricum";"5"
"25634";"18";"Potamion graminei";"";"Potamion graminei";"5"
"25625";"18";"Potamion pectinati";"";"Potamion pectinati";"5"
"25231";"18";"Potentilletalia anserinae";"";"Potentilletalia anserinae";"3"
"25245";"18";"Potentillion anserinae";"";"Potentillion anserinae";"5"
"25168";"18";"Potentillion velutinae";"";"Potentillion velutinae";"5"
"25139";"18";"Potentillo-Brachypodion pinnati";"";"Potentillo-Brachypodion pinnati";"5"
"26374";"18";"Potentillo-Brachypodion rupestris";"";"Potentillo-Brachypodion rupestris";"5"
"25421";"18";"Potentillo-Holcion mollis";"";"Potentillo-Holcion mollis";"5"
"25229";"18";"Potentillo-Polygonetalia avicularis";"";"Potentillo-Polygonetalia avicularis";"3"
"25191";"18";"Primulion intricatae";"";"Primulion intricatae";"5"
"25039";"18";"Pruno-Rubenion";"";"Pruno-Rubenion";"6"
"25046";"18";"Pruno-Rubenion ulmifolii";"";"Pruno-Rubenion ulmifolii";"6"
"25036";"18";"Pruno-Rubion radulae";"";"Pruno-Rubion radulae";"5"
"25037";"18";"Pruno-Rubion subatlanticum";"";"Pruno-Rubion subatlanticum";"5"
"25043";"18";"Pruno-Rubion ulmifolii";"";"Pruno-Rubion ulmifolii";"5"
"25308";"18";"Puccinellienion festuciformis";"";"Puccinellienion festuciformis";"6"
"25310";"18";"Puccinellio festuciformis-Caricenion extensae";"";"Puccinellio festuciformis-Caricenion extensae";"6"
"25911";"18";"Puccinellio maritimae-Halimionion portulacoidis";"";"Puccinellio maritimae-Halimionion portulacoidis";"5"
"26239";"18";"Puccinellio maritimae-Spergularion salinae";"";"Puccinellio maritimae-Spergularion salinae";"5"
"26369";"18";"Puccinellion festuciformis";"";"Puccinellion festuciformis";"5"
"25089";"18";"Pyrolo-Pinetea";"";"Pyrolo-Pinetea";"1"
"25090";"18";"Pyrolo-Pinetea";"";"Pyrolo-Pinetea";"1"
"25650";"18";"Quercenion ilicis";"";"Quercenion ilicis";"6"
"25651";"18";"Quercenion ilicis";"";"Quercenion ilicis";"6"
"25684";"18";"Quercetalia";"";"Quercetalia";"3"
"25646";"18";"Quercetalia ilicis";"";"Quercetalia ilicis";"3"
"25647";"18";"Quercetalia ilicis";"";"Quercetalia ilicis";"3"
"25660";"18";"Quercetalia ilicis";"";"Quercetalia ilicis";"3"
"25687";"18";"Quercetalia petraeae-pubescentis";"";"Quercetalia petraeae-pubescentis";"3"
"25686";"18";"Quercetalia pubescenti-sessiliflorae";"";"Quercetalia pubescenti-sessiliflorae";"3"
"25682";"18";"Quercetalia pubescentis";"";"Quercetalia pubescentis";"3"
"25683";"18";"Quercetalia pubescentis";"";"Quercetalia pubescentis";"3"
"25699";"18";"Quercetalia robori-sessiliflorae";"";"Quercetalia robori-sessiliflorae";"3"
"25700";"18";"Quercetalia robori-sessiliflorae";"";"Quercetalia robori-sessiliflorae";"3"
"25698";"18";"Quercetalia roboris";"";"Quercetalia roboris";"3"
"25643";"18";"Quercetea ilicis";"";"Quercetea ilicis";"1"
"25644";"18";"Quercetea ilicis";"";"Quercetea ilicis";"1"
"25680";"18";"Quercetea pubescenti-petraeae";"";"Quercetea pubescenti-petraeae";"1"
"25675";"18";"Quercetea pubescentis";"";"Quercetea pubescentis";"1"
"25676";"18";"Quercetea pubescentis";"";"Quercetea pubescentis";"1"
"25677";"18";"Quercetea pubescentis";"";"Quercetea pubescentis";"1"
"25673";"18";"Quercetea robori-sessiliflorae";"";"Quercetea robori-sessiliflorae";"1"
"25674";"18";"Quercetea robori-sessiliflorae";"";"Quercetea robori-sessiliflorae";"1"
"25703";"18";"Quercion";"";"Quercion";"5"
"25648";"18";"Quercion ilicis";"";"Quercion ilicis";"5"
"25649";"18";"Quercion ilicis";"";"Quercion ilicis";"5"
"25701";"18";"Quercion occidentale";"";"Quercion occidentale";"5"
"25695";"18";"Quercion petraeae";"";"Quercion petraeae";"5"
"25696";"18";"Quercion petraeae";"";"Quercion petraeae";"5"
"25688";"18";"Quercion pubescenti-sessiliflorae";"";"Quercion pubescenti-sessiliflorae";"5"
"25689";"18";"Quercion pubescenti-sessiliflorae";"";"Quercion pubescenti-sessiliflorae";"5"
"25691";"18";"Quercion pubescenti-sessiliflorae";"";"Quercion pubescenti-sessiliflorae";"5"
"25690";"18";"Quercion pubescentis";"";"Quercion pubescentis";"5"
"25702";"18";"Quercion robori-pyrenaicae";"";"Quercion robori-pyrenaicae";"5"
"25705";"18";"Quercion robori-sessiliflorae";"";"Quercion robori-sessiliflorae";"5"
"25706";"18";"Quercion robori-sessiliflorae";"";"Quercion robori-sessiliflorae";"5"
"25704";"18";"Quercion roboris";"";"Quercion roboris";"5"
"25657";"18";"Quercion suberis";"";"Quercion suberis";"5"
"25672";"18";"Querco-Fagetea";"";"Querco-Fagetea";"1"
"25720";"18";"Querco-Fagion";"";"Querco-Fagion";"5"
"25658";"18";"Querco ilicis-Pinenion maritimi";"";"Querco ilicis-Pinenion maritimi";"6"
"25303";"18";"Radiolion linoidis";"";"Radiolion linoidis";"5"
"25640";"18";"Ranunculenion fluitantis";"";"Ranunculenion fluitantis";"6"
"25641";"18";"Ranunculion fluitantis";"";"Ranunculion fluitantis";"5"
"25635";"18";"Ranunculion peltati";"";"Ranunculion peltati";"5"
"25846";"18";"Ranunculo-Cynosurion";"";"Ranunculo-Cynosurion";"5"
"25247";"18";"Ranunculo repentis-Agropyrion repentis";"";"Ranunculo repentis-Agropyrion repentis";"5"
"26362";"18";"Rhamno-Cocciferion";"";"Rhamno-Cocciferion";"5"
"25661";"18";"Rhamno-Prunetalia";"";"Rhamno-Prunetalia";"3"
"25020";"18";"Rhamno-Prunetea";"";"Rhamno-Prunetea";"1"
"25021";"18";"Rhamno-Prunetea";"";"Rhamno-Prunetea";"1"
"25667";"18";"Rhamno-Quercion cocciferae";"";"Rhamno-Quercion cocciferae";"5"
"26189";"18";"Rhododendro-Abietinion";"";"Rhododendro-Abietinion";"5"
"25359";"18";"Rhododendro-Vaccinetalia";"";"Rhododendro-Vaccinetalia";"3"
"25363";"18";"Rhododendro-Vaccinienalia";"";"Rhododendro-Vaccinienalia";"4"
"25364";"18";"Rhododendro-Vaccinienalia";"";"Rhododendro-Vaccinienalia";"4"
"25371";"18";"Rhododendro-Vaccinienion";"";"Rhododendro-Vaccinienion";"6"
"25368";"18";"Rhododendro-Vaccinion";"";"Rhododendro-Vaccinion";"5"
"25369";"18";"Rhododendro-Vaccinion";"";"Rhododendro-Vaccinion";"5"
"25370";"18";"Rhododendro-Vaccinion";"";"Rhododendro-Vaccinion";"5"
"25362";"18";"Rhododendro hirsuti-Ericetalia carneae";"";"Rhododendro hirsuti-Ericetalia carneae";"3"
"25339";"18";"Riccio fluitantis-Lemnion trisulcae";"";"Riccio fluitantis-Lemnion trisulcae";"5"
"25047";"18";"Rosion micranthae";"";"Rosion micranthae";"5"
"25800";"18";"Rosmarinetalia";"";"Rosmarinetalia";"3"
"25801";"18";"Rosmarinetalia";"";"Rosmarinetalia";"3"
"25802";"18";"Rosmarinetalia";"";"Rosmarinetalia";"3"
"25803";"18";"Rosmarinion";"";"Rosmarinion";"5"
"25804";"18";"Rosmarino-Ericion";"";"Rosmarino-Ericion";"5"
"25805";"18";"Rosmarino-Ericion";"";"Rosmarino-Ericion";"5"
"25806";"18";"Rosmarino-Ericion";"";"Rosmarino-Ericion";"5"
"25091";"18";"Roso pendulinae-Pinetea mugo";"";"Roso pendulinae-Pinetea mugo";"1"
"25035";"18";"Rubion subatlanticum";"";"Rubion subatlanticum";"5"
"25900";"18";"Rubo-Populion nigrae";"";"Rubo-Populion nigrae";"5"
"25038";"18";"Rubo-Prunion spinosae";"";"Rubo-Prunion spinosae";"5"
"26001";"18";"Ruderali-Secalietea";"";"Ruderali-Secalietea";"1"
"26055";"18";"Rumicetalia alpina";"";"Rumicetalia alpina";"3"
"25844";"18";"Rumici crispi-Cynosurion cristati";"";"Rumici crispi-Cynosurion cristati";"5"
"26059";"18";"Rumicion alpini";"";"Rumicion alpini";"5"
"26060";"18";"Rumicion alpini";"";"Rumicion alpini";"5"
"26346";"18";"Rumicion alpini";"";"Rumicion alpini";"5"
"25810";"18";"Ruppietalia";"";"Ruppietalia";"3"
"25809";"18";"Ruppietea";"";"Ruppietea";"1"
"25815";"18";"Ruppion maritimae";"";"Ruppion maritimae";"5"
"25816";"18";"Ruppion maritimae";"";"Ruppion maritimae";"5"
"25877";"18";"Saginetalia";"";"Saginetalia";"3"
"25874";"18";"Saginetea";"";"Saginetea";"1"
"24960";"18";"Saginetea piliferae";"";"Saginetea piliferae";"1"
"25895";"18";"Salicetalia albae";"";"Salicetalia albae";"3"
"25889";"18";"Salicetalia albae";"";"Salicetalia albae";"3"
"25378";"18";"Salicetalia auritae";"";"Salicetalia auritae";"3"
"25890";"18";"Salicetalia purpureae";"";"Salicetalia purpureae";"3"
"25881";"18";"Salicetea herbaceae";"";"Salicetea herbaceae";"1"
"25028";"18";"Salici-Rhamnenion catharticae";"";"Salici-Rhamnenion catharticae";"6"
"25023";"18";"Salici-Sambucetea";"";"Salici-Sambucetea";"1"
"25032";"18";"Salici-Viburnenion opuli";"";"Salici-Viburnenion opuli";"6"
"25033";"18";"Salici cinereae-Viburnion opuli";"";"Salici cinereae-Viburnion opuli";"5"
"25031";"18";"Salici elaeagni-Hippophaion fluviatilis";"";"Salici elaeagni-Hippophaion fluviatilis";"5"
"25897";"18";"Salicion albae";"";"Salicion albae";"5"
"25898";"18";"Salicion albae";"";"Salicion albae";"5"
"25896";"18";"Salicion albae";"";"Salicion albae";"5"
"25025";"18";"Salicion arenariae";"";"Salicion arenariae";"5"
"25383";"18";"Salicion auritae";"";"Salicion auritae";"5"
"25892";"18";"Salicion eleagni";"";"Salicion eleagni";"5"
"25891";"18";"Salicion eleagno-daphnoidis";"";"Salicion eleagno-daphnoidis";"5"
"24909";"18";"Salicion helveticae";"";"Salicion helveticae";"5"
"24910";"18";"Salicion lapponum-glaucae";"";"Salicion lapponum-glaucae";"5"
"25893";"18";"Salicion triandro-neotrichae";"";"Salicion triandro-neotrichae";"5"
"25906";"18";"Salicornietalia";"";"Salicornietalia";"3"
"25907";"18";"Salicornietalia";"";"Salicornietalia";"3"
"25908";"18";"Salicornietalia fruticosae";"";"Salicornietalia fruticosae";"3"
"25901";"18";"Salicornietea";"";"Salicornietea";"1"
"25902";"18";"Salicornietea";"";"Salicornietea";"1"
"25903";"18";"Salicornietea fruticosae";"";"Salicornietea fruticosae";"1"
"25913";"18";"Salicornion";"";"Salicornion";"5"
"26085";"18";"Salicornion dolichostachyae";"";"Salicornion dolichostachyae";"5"
"26086";"18";"Salicornion dolichostachyae";"";"Salicornion dolichostachyae";"5"
"26372";"18";"Salicornion dolichostachyo-fragilis";"";"Salicornion dolichostachyo-fragilis";"5"
"26088";"18";"Salicornion europaeo-ramosissimae";"";"Salicornion europaeo-ramosissimae";"5"
"26089";"18";"Salicornion patulae";"";"Salicornion patulae";"5"
"26087";"18";"Salicornion ramosissimae";"";"Salicornion ramosissimae";"5"
"26084";"18";"Salicornion strictae";"";"Salicornion strictae";"5"
"24924";"18";"Salsolo-Minuartion peploidis";"";"Salsolo-Minuartion peploidis";"5"
"26058";"18";"Sambucenion ebuli";"";"Sambucenion ebuli";"6"
"25061";"18";"Sambucetalia";"";"Sambucetalia";"3"
"25022";"18";"Sambucetea";"";"Sambucetea";"1"
"25062";"18";"Sambuco-Salicion capreae";"";"Sambuco-Salicion capreae";"5"
"25063";"18";"Sambuco-Salicion capreae";"";"Sambuco-Salicion capreae";"5"
"25852";"18";"Sanguisorbo-Cynosurenion";"";"Sanguisorbo-Cynosurenion";"6"
"25916";"18";"Sarcocornienion deflexae";"";"Sarcocornienion deflexae";"6"
"25917";"18";"Sarcocornienion fruticosae";"";"Sarcocornienion fruticosae";"6"
"25910";"18";"Sarcocornietalia fruticosae";"";"Sarcocornietalia fruticosae";"3"
"25905";"18";"Sarcocornietea fruticosae";"";"Sarcocornietea fruticosae";"1"
"25915";"18";"Sarcocornion fruticosae";"";"Sarcocornion fruticosae";"5"
"25076";"18";"Sarothamnion scopariae";"";"Sarothamnion scopariae";"5"
"25413";"18";"Saturejo-Hyparrhenion hirtae";"";"Saturejo-Hyparrhenion hirtae";"5"
"26217";"18";"Saxifragenion lingulatae";"";"Saxifragenion lingulatae";"6"
"26235";"18";"Saxifragion pedemontanae";"";"Saxifragion pedemontanae";"5"
"26343";"18";"Scheuchzerietea palustris";"";"Scheuchzerietea palustris";"1"
"25927";"18";"Scheuchzerio-Caricetea fuscae";"";"Scheuchzerio-Caricetea fuscae";"1"
"25929";"18";"Scheuchzerio palustris-Caricetea nigrae";"";"Scheuchzerio palustris-Caricetea nigrae";"1"
"25931";"18";"Scheuchzerion palustris";"";"Scheuchzerion palustris";"5"
"25948";"18";"Schoenion ferruginei";"";"Schoenion ferruginei";"5"
"25745";"18";"Scillo-Fagenion";"";"Scillo-Fagenion";"6"
"25746";"18";"Scillo-Fagenion";"";"Scillo-Fagenion";"6"
"25740";"18";"Scillo-Fagion";"";"Scillo-Fagion";"5"
"25747";"18";"Scillo lilio-hyacinthi-Fagenion sylvaticae";"";"Scillo lilio-hyacinthi-Fagenion sylvaticae";"6"
"25288";"18";"Scirpetalia setacei";"";"Scirpetalia setacei";"3"
"25579";"18";"Scirpion maritimi";"";"Scirpion maritimi";"5"
"25580";"18";"Scirpion maritimo-compacti";"";"Scirpion maritimo-compacti";"5"
"25819";"18";"Scirpion parvuli";"";"Scirpion parvuli";"5"
"26014";"18";"Scleranthenion annui";"";"Scleranthenion annui";"6"
"25603";"18";"Sclerochloo-Coronopodion squamati";"";"Sclerochloo-Coronopodion squamati";"5"
"26155";"18";"Scorpidio-Utricularienion minoris";"";"Scorpidio-Utricularienion minoris";"6"
"26153";"18";"Scorpidio-Utricularion minoris";"";"Scorpidio-Utricularion minoris";"5"
"26154";"18";"Scorpidio-Utricularion minoris";"";"Scorpidio-Utricularion minoris";"5"
"26109";"18";"Scrophularion juratensis";"";"Scrophularion juratensis";"5"
"26022";"18";"Secali-Violetalia arvensis";"";"Secali-Violetalia arvensis";"3"
"26023";"18";"Secali-Violetalia arvensis";"";"Secali-Violetalia arvensis";"3"
"26006";"18";"Secalienea cerealis";"";"Secalienea cerealis";"2"
"26020";"18";"Secalietalia";"";"Secalietalia";"3"
"26021";"18";"Secalietalia";"";"Secalietalia";"3"
"26002";"18";"Secalietea";"";"Secalietea";"1"
"26007";"18";"Secalino-Stellarienea";"";"Secalino-Stellarienea";"2"
"26028";"18";"Secalion";"";"Secalion";"5"
"26029";"18";"Secalion";"";"Secalion";"5"
"26027";"18";"Secalion medioeuropaeum";"";"Secalion medioeuropaeum";"5"
"26030";"18";"Secalion mediterraneum";"";"Secalion mediterraneum";"5"
"25966";"18";"Sedion pyrenaici";"";"Sedion pyrenaici";"5"
"25967";"18";"Sedion pyrenaici";"";"Sedion pyrenaici";"5"
"25960";"18";"Sedo-Scleranthetalia";"";"Sedo-Scleranthetalia";"3"
"25959";"18";"Sedo-Scleranthetea";"";"Sedo-Scleranthetea";"1"
"25963";"18";"Sedo-Scleranthion";"";"Sedo-Scleranthion";"5"
"25964";"18";"Sedo-Scleranthion";"";"Sedo-Scleranthion";"5"
"25555";"18";"Selaginello-Anogrammion leptophyllae";"";"Selaginello-Anogrammion leptophyllae";"5"
"25961";"18";"Sempervivo-Sedetalia";"";"Sempervivo-Sedetalia";"3"
"25965";"18";"Sempervivo-Sedion";"";"Sempervivo-Sedion";"5"
"25198";"18";"Senecionion fluviatilis";"";"Senecionion fluviatilis";"5"
"26128";"18";"Senecionion leucophylli";"";"Senecionion leucophylli";"5"
"25437";"18";"Serratulo seoanei-Molinienion";"";"Serratulo seoanei-Molinienion";"6"
"25179";"18";"Seselerietea albicantis";"";"Seselerietea albicantis";"1"
"25186";"18";"Seslerienion caeruleae";"";"Seslerienion caeruleae";"6"
"25187";"18";"Seslerienion caeruleae";"";"Seslerienion caeruleae";"6"
"25181";"18";"Seslerietalia caeruleae";"";"Seslerietalia caeruleae";"3"
"25165";"18";"Seslerietalia galloprovincialis";"";"Seslerietalia galloprovincialis";"3"
"25180";"18";"Seslerietea variae";"";"Seslerietea variae";"1"
"25152";"18";"Seslerio-Mesobromenion";"";"Seslerio-Mesobromenion";"6"
"25158";"18";"Seslerio-Xerobromenion";"";"Seslerio-Xerobromenion";"6"
"25183";"18";"Seslerion caeruleae";"";"Seslerion caeruleae";"5"
"25167";"18";"Seslerion elegantissimae";"";"Seslerion elegantissimae";"5"
"25166";"18";"Seslerion mediterraneo-montanum";"";"Seslerion mediterraneo-montanum";"5"
"26253";"18";"Sileno-Festucenion pruinosae";"";"Sileno-Festucenion pruinosae";"6"
"26068";"18";"Silybo-Urticion";"";"Silybo-Urticion";"5"
"25977";"18";"Sisymbrienea";"";"Sisymbrienea";"2"
"25984";"18";"Sisymbrietalia";"";"Sisymbrietalia";"3"
"25986";"18";"Sisymbrietalia";"";"Sisymbrietalia";"3"
"25985";"18";"Sisymbrietalia officinalis";"";"Sisymbrietalia officinalis";"3"
"25973";"18";"Sisymbrietea";"";"Sisymbrietea";"1"
"25987";"18";"Sisymbrion officinalis";"";"Sisymbrion officinalis";"5"
"26037";"18";"Solano-Polygonenalia";"";"Solano-Polygonenalia";"4"
"26034";"18";"Solano-Polygonetalia";"";"Solano-Polygonetalia";"3"
"25694";"18";"Sorbo-Quercenion pubescenti-petraeae";"";"Sorbo-Quercenion pubescenti-petraeae";"6"
"25998";"18";"Spartinetalia";"";"Spartinetalia";"3"
"25996";"18";"Spartinetea";"";"Spartinetea";"1"
"25997";"18";"Spartinetea";"";"Spartinetea";"1"
"25999";"18";"Spartinion maritimae";"";"Spartinion maritimae";"5"
"26009";"18";"Sperguletalia arvensis";"";"Sperguletalia arvensis";"3"
"25319";"18";"Spergulo-Corynephorion";"";"Spergulo-Corynephorion";"5"
"26042";"18";"Spergulo-Oxalidion";"";"Spergulo-Oxalidion";"5"
"25514";"18";"Sphagnenion atlanticum";"";"Sphagnenion atlanticum";"6"
"25532";"18";"Sphagnenion continentale";"";"Sphagnenion continentale";"6"
"25533";"18";"Sphagnenion medio-fusci";"";"Sphagnenion medio-fusci";"6"
"25517";"18";"Sphagnenion papillosi";"";"Sphagnenion papillosi";"6"
"25525";"18";"Sphagnetalia";"";"Sphagnetalia";"3"
"25506";"18";"Sphagnetalia compacti";"";"Sphagnetalia compacti";"3"
"25526";"18";"Sphagnetalia magellanici";"";"Sphagnetalia magellanici";"3"
"25513";"18";"Sphagnion europaei";"";"Sphagnion europaei";"5"
"25530";"18";"Sphagnion fusci";"";"Sphagnion fusci";"5"
"25535";"18";"Sphagnion magellanici";"";"Sphagnion magellanici";"5"
"25393";"18";"Sphagno-Alnenion glutinosae";"";"Sphagno-Alnenion glutinosae";"6"
"25394";"18";"Sphagno-Alnenion glutinosae";"";"Sphagno-Alnenion glutinosae";"6"
"26174";"18";"Sphagno-Betuletalia";"";"Sphagno-Betuletalia";"3"
"25505";"18";"Sphagno-Ericetalia";"";"Sphagno-Ericetalia";"3"
"26151";"18";"Sphagno-Utricularion";"";"Sphagno-Utricularion";"5"
"25126";"18";"Sporobolo-Elymenion farcti";"";"Sporobolo-Elymenion farcti";"6"
"25127";"18";"Sporobolo arenarii-Elytrigenion junceae";"";"Sporobolo arenarii-Elytrigenion junceae";"6"
"25222";"18";"Stachyo-Impatientenion";"";"Stachyo-Impatientenion";"6"
"25926";"18";"Staticion galloprovincialis";"";"Staticion galloprovincialis";"5"
"25925";"18";"Staticion galloprovincialis";"";"Staticion galloprovincialis";"5"
"26004";"18";"Stellarienea mediae";"";"Stellarienea mediae";"2"
"26003";"18";"Stellarietea mediae";"";"Stellarietea mediae";"1"
"26107";"18";"Stipion calamagrostis";"";"Stipion calamagrostis";"5"
"25137";"18";"Stipo-Poion carniolicae";"";"Stipo-Poion carniolicae";"5"
"26046";"18";"Stipo-Trachynietea distachyae";"";"Stipo-Trachynietea distachyae";"1"
"25138";"18";"Stipo capillatae-Poion perconcinnae";"";"Stipo capillatae-Poion perconcinnae";"5"
"25334";"18";"Stratiotetalia";"";"Stratiotetalia";"3"
"25327";"18";"Stratiotetea";"";"Stratiotetea";"1"
"25923";"18";"Suaedion verae";"";"Suaedion verae";"5"
"26069";"18";"Sylibion mariani";"";"Sylibion mariani";"5"
"26067";"18";"Sylibo-Urticion";"";"Sylibo-Urticion";"5"
"25981";"18";"Taeniathero-Aegilopion geniculatae";"";"Taeniathero-Aegilopion geniculatae";"5"
"25497";"18";"Tamaricetalia";"";"Tamaricetalia";"3"
"25048";"18";"Tamo-Viburnenion lantanae";"";"Tamo-Viburnenion lantanae";"6"
"25148";"18";"Tetragonolobo-Mesobromenion";"";"Tetragonolobo-Mesobromenion";"6"
"25149";"18";"Tetragonolobo-Mesobromenion";"";"Tetragonolobo-Mesobromenion";"6"
"25420";"18";"Teucrietalia scorodoniae";"";"Teucrietalia scorodoniae";"3"
"25150";"18";"Teucrio-Mesobromenion";"";"Teucrio-Mesobromenion";"6"
"25151";"18";"Teucrio-Mesobromenion";"";"Teucrio-Mesobromenion";"6"
"25419";"18";"Teucrio scorodoniae-Melampyretalia pratensis";"";"Teucrio scorodoniae-Melampyretalia pratensis";"3"
"26359";"18";"Teucrion scorodoniae";"";"Teucrion scorodoniae";"5"
"25260";"18";"Thalassietalia";"";"Thalassietalia";"3"
"25259";"18";"Thalassio-Syringodietalia filiformis";"";"Thalassio-Syringodietalia filiformis";"3"
"25205";"18";"Thalictro-Filipendulion ulmariae";"";"Thalictro-Filipendulion ulmariae";"5"
"25266";"18";"Thero-Airetalia";"";"Thero-Airetalia";"3"
"25269";"18";"Thero-Airion";"";"Thero-Airion";"5"
"25402";"18";"Thero-Brachypodietalia";"";"Thero-Brachypodietalia";"3"
"25405";"18";"Thero-Brachypodietalia";"";"Thero-Brachypodietalia";"3"
"25401";"18";"Thero-Brachypodietalia";"";"Thero-Brachypodietalia";"3"
"25396";"18";"Thero-Brachypodietea";"";"Thero-Brachypodietea";"1"
"25397";"18";"Thero-Brachypodietea";"";"Thero-Brachypodietea";"1"
"25400";"18";"Thero-Brachypodietea";"";"Thero-Brachypodietea";"1"
"25395";"18";"Thero-Brachypodietea";"";"Thero-Brachypodietea";"1"
"25410";"18";"Thero-Brachypodion";"";"Thero-Brachypodion";"5"
"25412";"18";"Thero-Brachypodion";"";"Thero-Brachypodion";"5"
"25979";"18";"Thero-Brometalia annua";"";"Thero-Brometalia annua";"3"
"24994";"18";"Thero-Charion asperae";"";"Thero-Charion asperae";"5"
"26079";"18";"Thero-Salicornietalia strictae";"";"Thero-Salicornietalia strictae";"3"
"26075";"18";"Thero-Salicornietea strictae";"";"Thero-Salicornietea strictae";"1"
"26076";"18";"Thero-Salicornietea strictae";"";"Thero-Salicornietea strictae";"1"
"26095";"18";"Thero-Salicornion";"";"Thero-Salicornion";"5"
"26365";"18";"Thero-Salicornion strictae";"";"Thero-Salicornion strictae";"5"
"26094";"18";"Thero-Suaedetalia";"";"Thero-Suaedetalia";"3"
"26073";"18";"Thero-Suaedetea";"";"Thero-Suaedetea";"1"
"26096";"18";"Thero-Suaedion";"";"Thero-Suaedion";"5"
"26097";"18";"Thero-Suaedion";"";"Thero-Suaedion";"5"
"26077";"18";"Therosalicornienea";"";"Therosalicornienea";"2"
"26080";"18";"Therosalicornietalia";"";"Therosalicornietalia";"3"
"26081";"18";"Therosalicornietalia";"";"Therosalicornietalia";"3"
"26082";"18";"Therosalicornietalia";"";"Therosalicornietalia";"3"
"26083";"18";"Therosalicornietalia";"";"Therosalicornietalia";"3"
"26093";"18";"Therosalicornietalia";"";"Therosalicornietalia";"3"
"26074";"18";"Therosalicornietea";"";"Therosalicornietea";"1"
"25884";"18";"Thlaspietalia rotundifolii";"";"Thlaspietalia rotundifolii";"3"
"26099";"18";"Thlaspietea rotundifolii";"";"Thlaspietea rotundifolii";"1"
"26100";"18";"Thlaspietea rotundifolii";"";"Thlaspietea rotundifolii";"1"
"26198";"18";"Thlaspion calaminaris";"";"Thlaspion calaminaris";"5"
"26112";"18";"Thlaspion rotundifolii";"";"Thlaspion rotundifolii";"5"
"26113";"18";"Thlaspion rotundifolii";"";"Thlaspion rotundifolii";"5"
"26114";"18";"Thlaspion rotundifolii";"";"Thlaspion rotundifolii";"5"
"26115";"18";"Thlaspion rotundifolii";"";"Thlaspion rotundifolii";"5"
"25845";"18";"Thymo-Cynosurion";"";"Thymo-Cynosurion";"5"
"25713";"18";"Tilietalia";"";"Tilietalia";"3"
"25733";"18";"Tilio-Acerion";"";"Tilio-Acerion";"5"
"25751";"18";"Tilio-Acerion";"";"Tilio-Acerion";"5"
"25731";"18";"Tilion";"";"Tilion";"5"
"25732";"18";"Tilion";"";"Tilion";"5"
"25946";"18";"Tofieldetalia";"";"Tofieldetalia";"3"
"26048";"18";"Trachynietalia distachyae";"";"Trachynietalia distachyae";"3"
"25411";"18";"Trachynion distachyae";"";"Trachynion distachyae";"5"
"25521";"18";"Trichophoro-Ericion tetralicis";"";"Trichophoro-Ericion tetralicis";"5"
"26142";"18";"Trifolio-Agrimonienion eupatorii";"";"Trifolio-Agrimonienion eupatorii";"6"
"25871";"18";"Trifolio-Cynodontion";"";"Trifolio-Cynodontion";"5"
"25841";"18";"Trifolio-Cynosuretalia";"";"Trifolio-Cynosuretalia";"3"
"26136";"18";"Trifolio-Geranietea";"";"Trifolio-Geranietea";"1"
"26345";"18";"Trifolio-Geranietea sanguinei";"";"Trifolio-Geranietea sanguinei";"1"
"25840";"18";"Trifolio-Phleetalia";"";"Trifolio-Phleetalia";"3"
"26143";"18";"Trifolio-Teucrienion scorodoniae";"";"Trifolio-Teucrienion scorodoniae";"6"
"25235";"18";"Trifolio fragiferi-Agrostietalia stoloniferae";"";"Trifolio fragiferi-Agrostietalia stoloniferae";"3"
"26141";"18";"Trifolion medii";"";"Trifolion medii";"5"
"25833";"18";"Triseto-Polygonion bistortae";"";"Triseto-Polygonion bistortae";"5"
"25834";"18";"Triseto-Polygonion bistortae";"";"Triseto-Polygonion bistortae";"5"
"25265";"18";"Tuberarietalia guttatae";"";"Tuberarietalia guttatae";"3"
"26047";"18";"Tuberarietea guttatae";"";"Tuberarietea guttatae";"1"
"26368";"18";"Tuberarietea guttatae";"";"Tuberarietea guttatae";"1"
"25268";"18";"Tuberarion guttatae";"";"Tuberarion guttatae";"5"
"24937";"18";"Ulicenion maritimo-humilis";"";"Ulicenion maritimo-humilis";"6"
"24932";"18";"Ulicetalia";"";"Ulicetalia";"3"
"24940";"18";"Ulici-Ericion ciliaris";"";"Ulici-Ericion ciliaris";"5"
"24942";"18";"Ulici-Ericion ciliaris";"";"Ulici-Ericion ciliaris";"5"
"24941";"18";"Ulici-Ericion cinereae";"";"Ulici-Ericion cinereae";"5"
"25050";"18";"Ulici-Rubion ulmifolii";"";"Ulici-Rubion ulmifolii";"5"
"24938";"18";"Ulicion";"";"Ulicion";"5"
"24939";"18";"Ulicion nani euatlanticum";"";"Ulicion nani euatlanticum";"5"
"25797";"18";"Ulmenion";"";"Ulmenion";"6"
"25328";"18";"Utricularietalia";"";"Utricularietalia";"3"
"26149";"18";"Utricularietalia intermedio-minoris";"";"Utricularietalia intermedio-minoris";"3"
"26147";"18";"Utricularietea";"";"Utricularietea";"1"
"26146";"18";"Utricularietea intermedio-minoris";"";"Utricularietea intermedio-minoris";"1"
"25344";"18";"Utricularion";"";"Utricularion";"5"
"26175";"18";"Vaccinietalia uliginosi";"";"Vaccinietalia uliginosi";"3"
"26160";"18";"Vaccinietea uliginosi";"";"Vaccinietea uliginosi";"1"
"26188";"18";"Vaccinio-Abietenion";"";"Vaccinio-Abietenion";"6"
"24944";"18";"Vaccinio-Genistetalia";"";"Vaccinio-Genistetalia";"3"
"26183";"18";"Vaccinio-Piceetalia";"";"Vaccinio-Piceetalia";"3"
"26159";"18";"Vaccinio-Piceetea";"";"Vaccinio-Piceetea";"1"
"26186";"18";"Vaccinio-Piceion";"";"Vaccinio-Piceion";"5"
"26163";"18";"Vaccinio-Pinenalia sylvestris";"";"Vaccinio-Pinenalia sylvestris";"4"
"26162";"18";"Vaccinio-Pinetalia";"";"Vaccinio-Pinetalia";"3"
"26176";"18";"Vaccinio uliginosi-Piceenalia abietis";"";"Vaccinio uliginosi-Piceenalia abietis";"4"
"26177";"18";"Vaccinio uliginosi-Piceenalia abietis";"";"Vaccinio uliginosi-Piceenalia abietis";"4"
"25515";"18";"Vaginato-Sphagnion europaei";"";"Vaginato-Sphagnion europaei";"5"
"24956";"18";"Valantio-Galion muralis";"";"Valantio-Galion muralis";"5"
"25971";"18";"Veronicion";"";"Veronicion";"5"
"26043";"18";"Veronico-Euphorbion";"";"Veronico-Euphorbion";"5"
"26044";"18";"Veronico-Euphorbion";"";"Veronico-Euphorbion";"5"
"25842";"18";"Veronico serpyllifoliae-Cynosurenalia";"";"Veronico serpyllifoliae-Cynosurenalia";"4"
"26005";"18";"Violenea arvensis";"";"Violenea arvensis";"2"
"26199";"18";"Violenion calaminariae";"";"Violenion calaminariae";"6"
"26196";"18";"Violetalia calaminariae";"";"Violetalia calaminariae";"3"
"26195";"18";"Violetea calaminariae";"";"Violetea calaminariae";"1"
"26197";"18";"Violion calaminariae";"";"Violion calaminariae";"5"
"25836";"18";"Violo sudeticae-Trisetenion flavescentis";"";"Violo sudeticae-Trisetenion flavescentis";"6"
"25662";"18";"Xero-Prunetalia";"";"Xero-Prunetalia";"3"
"25156";"18";"Xerobromenion";"";"Xerobromenion";"6"
"25154";"18";"Xerobromion";"";"Xerobromion";"5"
"25155";"18";"Xerobromion";"";"Xerobromion";"5"
"25813";"18";"Zannichellietalia pedicellatae";"";"Zannichellietalia pedicellatae";"3"
"25814";"18";"Zannichellietalia pedicellatae";"";"Zannichellietalia pedicellatae";"3"
"25812";"18";"Zannichellio-Ruppietalia";"";"Zannichellio-Ruppietalia";"3"
"25817";"18";"Zannichellion pedicellatae";"";"Zannichellion pedicellatae";"5"
"26202";"18";"Zosteretalia";"";"Zosteretalia";"3"
"26203";"18";"Zosteretalia";"";"Zosteretalia";"3"
"26204";"18";"Zosteretalia";"";"Zosteretalia";"3"
"26353";"18";"Zosteretalia";"";"Zosteretalia";"3"
"26377";"18";"Zosteretalia";"";"Zosteretalia";"3"
"26200";"18";"Zosteretea";"";"Zosteretea";"1"
"26201";"18";"Zosteretea";"";"Zosteretea";"1"
"26205";"18";"Zosterion";"";"Zosterion";"5"
"26206";"18";"Zosterion";"";"Zosterion";"5"
"26207";"18";"Zosterion";"";"Zosterion";"5"
"65";"22";"1 Habitats littoraux et halophiles";"1";"Habitats littoraux et halophiles";"1"
"475";"22";"11 Mers et océans";"11";"Mers et océans";"2"
"1180";"22";"11.1 Eaux marines";"11.1";"Eaux marines";"3"
"3861";"22";"11.11 Eaux océaniques";"11.11";"Eaux océaniques";"4"
"3862";"22";"11.12 Eaux du talus et du plateau continental (= eaux néritiques)";"11.12";"Eaux du talus et du plateau continental (= eaux néritiques)";"4"
"9301";"22";"11.121 Eaux littorales";"11.121";"Eaux littorales";"5"
"9302";"22";"11.122 Eaux néritiques lointaines (du large)";"11.122";"Eaux néritiques lointaines (du large)";"5"
"9303";"22";"11.123 Talus continental";"11.123";"Talus continental";"5"
"9304";"22";"11.124 Upwellings";"11.124";"Upwellings";"5"
"9305";"22";"11.125 Hauts-fonds";"11.125";"Hauts-fonds";"5"
"1181";"22";"11.2 Benthos (Fonds marins)";"11.2";"Benthos (Fonds marins)";"3"
"3863";"22";"11.21 Fonds sous-marins profonds";"11.21";"Fonds sous-marins profonds";"4"
"3864";"22";"11.22 Zones benthiques sublittorales sur sédiments meubles";"11.22";"Zones benthiques sublittorales sur sédiments meubles";"4"
"3865";"22";"11.23 Zones benthiques sublittorales sur cailloutis";"11.23";"Zones benthiques sublittorales sur cailloutis";"4"
"3866";"22";"11.24 Zones benthiques sublittorales sur fonds rocheux";"11.24";"Zones benthiques sublittorales sur fonds rocheux";"4"
"3867";"22";"11.25 Formations sublittorales de concrétions organogéniques";"11.25";"Formations sublittorales de concrétions organogéniques";"4"
"9306";"22";"11.251 Concrétions coralligènes";"11.251";"Concrétions coralligènes";"5"
"9307";"22";"11.252 Trottoirs d'algues encroûtantes";"11.252";"Trottoirs d'algues encroûtantes";"5"
"9308";"22";"11.253 Trottoirs de Gastéropodes et Polychètes";"11.253";"Trottoirs de Gastéropodes et Polychètes";"5"
"9309";"22";"11.254 Trottoirs de moules (moulières)";"11.254";"Trottoirs de moules (moulières)";"5"
"3868";"22";"11.26 Grottes sous-marines";"11.26";"Grottes sous-marines";"4"
"1182";"22";"11.3 Herbiers marins à plantes vasculaires";"11.3";"Herbiers marins à plantes vasculaires";"3"
"3869";"22";"11.31 Herbiers atlantiques à Zostères";"11.31";"Herbiers atlantiques à Zostères";"4"
"3870";"22";"11.32 Herbiers atlantiques à Zostères naines";"11.32";"Herbiers atlantiques à Zostères naines";"4"
"9310";"22";"11.321 Herbiers à Zostères naines de l'Atlantique continental";"11.321";"Herbiers à Zostères naines de l'Atlantique continental";"5"
"3871";"22";"11.33 Herbiers méditerranéens à Cymodocea et Zostera";"11.33";"Herbiers méditerranéens à Cymodocea et Zostera";"4"
"9312";"22";"11.331 Herbiers méditerranéens à Cymodocea";"11.331";"Herbiers méditerranéens à Cymodocea";"5"
"9313";"22";"11.332 Herbiers méditerranéens à Zostera";"11.332";"Herbiers méditerranéens à Zostera";"5"
"3872";"22";"11.34 Herbiers de Posidonia";"11.34";"Herbiers de Posidonia";"4"
"1177";"22";"11.4 Herbiers des eaux saumâtres";"11.4";"Herbiers des eaux saumâtres";"3"
"3857";"22";"11.41 Groupements marins à Ruppia maritima";"11.41";"Groupements marins à Ruppia maritima";"4"
"3858";"22";"11.42 Formations à Petit souchet";"11.42";"Formations à Petit souchet";"4"
"473";"22";"12 Bras de mer";"12";"Bras de mer";"2"
"474";"22";"13 Estuaires et rivières tidales (soumises à marées)";"13";"Estuaires et rivières tidales (soumises à marées)";"2"
"1178";"22";"13.1 Fleuves et rivières soumis à marées";"13.1";"Fleuves et rivières soumis à marées";"3"
"3859";"22";"13.11 Eau saumâtre des cours d'eau soumis à marées";"13.11";"Eau saumâtre des cours d'eau soumis à marées";"4"
"3860";"22";"13.12 Eau douce des cours d'eau soumis à marées";"13.12";"Eau douce des cours d'eau soumis à marées";"4"
"1179";"22";"13.2 Estuaires";"13.2";"Estuaires";"3"
"1187";"22";"13.3 Herbiers marins submergés";"13.3";"Herbiers marins submergés";"3"
"1188";"22";"13.4 Herbiers saumâtres submergés";"13.4";"Herbiers saumâtres submergés";"3"
"476";"22";"14 Vasières et bancs de sable sans végétations";"14";"Vasières et bancs de sable sans végétations";"2"
"477";"22";"15 Marais salés, prés salés (schorres), steppes salées et fourrés sur gypse";"15";"Marais salés, prés salés (schorres), steppes salées et fourrés sur gypse";"2"
"1189";"22";"15.1 Gazons pionniers salés";"15.1";"Gazons pionniers salés";"3"
"3895";"22";"15.11 Gazons à Salicorne et Suaeda";"15.11";"Gazons à Salicorne et Suaeda";"4"
"9334";"22";"15.111 Gazons atlantiques à Salicorne (Slikkes)";"15.111";"Gazons atlantiques à Salicorne (Slikkes)";"5"
"16828";"22";"15.1111 Gazons à salicorne des côtes basses";"15.1111";"Gazons à salicorne des côtes basses";"6"
"16829";"22";"15.1112 Groupements à Suaeda et salicorne";"15.1112";"Groupements à Suaeda et salicorne";"6"
"9335";"22";"15.112 Gazons continentaux à salicorne";"15.112";"Gazons continentaux à salicorne";"5"
"16830";"22";"15.1121 Suintements continentaux à salicorne";"15.1121";"Suintements continentaux à salicorne";"6"
"16831";"22";"15.1122 Gazons continentaux secs à salicorne";"15.1122";"Gazons continentaux secs à salicorne";"6"
"9336";"22";"15.113 Gazons méditerranéens à salicorne";"15.113";"Gazons méditerranéens à salicorne";"5"
"16832";"22";"15.1131 Gazons à salicorne des basses côtes méditerranéennes";"15.1131";"Gazons à salicorne des basses côtes méditerranéennes";"6"
"16834";"22";"15.1133 Gazons à salicorne des hautes côtes méditerranéennes";"15.1133";"Gazons à salicorne des hautes côtes méditerranéennes";"6"
"3896";"22";"15.12 Groupements halonitrophiles à Frankenia";"15.12";"Groupements halonitrophiles à Frankenia";"4"
"3897";"22";"15.13 Groupements à Sagina et Cochlearia";"15.13";"Groupements à Sagina et Cochlearia";"4"
"1190";"22";"15.2 Prairies à Spartine";"15.2";"Prairies à Spartine";"3"
"3875";"22";"15.21 Prairies à Spartine à feuilles plates";"15.21";"Prairies à Spartine à feuilles plates";"4"
"1183";"22";"15.3 Prés salés atlantiques";"15.3";"Prés salés atlantiques";"3"
"3877";"22";"15.31 Prés salés avec Puccinellia maritima";"15.31";"Prés salés avec Puccinellia maritima";"4"
"3878";"22";"15.32 Groupements à Puccinellia maritima des prés salés";"15.32";"Groupements à Puccinellia maritima des prés salés";"4"
"9316";"22";"15.321 Prés salés avec graminées et Pourpier marin";"15.321";"Prés salés avec graminées et Pourpier marin";"5"
"9317";"22";"15.322 Prés salés avec graminées et Aster marin";"15.322";"Prés salés avec graminées et Aster marin";"5"
"9318";"22";"15.323 Prés salés avec graminées et Salicorne";"15.323";"Prés salés avec graminées et Salicorne";"5"
"9319";"22";"15.324 Végétations à Halimione pedunculata";"15.324";"Végétations à Halimione pedunculata";"5"
"3879";"22";"15.33 Communautés du schorre supérieur";"15.33";"Communautés du schorre supérieur";"4"
"9320";"22";"15.331 Formations dominées par, ou riches en, Juncus gerardii";"15.331";"Formations dominées par, ou riches en, Juncus gerardii";"5"
"9321";"22";"15.332 Formations dominées par Plantago maritima";"15.332";"Formations dominées par Plantago maritima";"5"
"9322";"22";"15.333 Gazons à Festuca rubra ou Agrostis stolonifera";"15.333";"Gazons à Festuca rubra ou Agrostis stolonifera";"5"
"9323";"22";"15.334 Gazons à Statice (Armeria maritima)";"15.334";"Gazons à Statice (Armeria maritima)";"5"
"9324";"22";"15.335 Zones à Carex distans";"15.335";"Zones à Carex distans";"5"
"9325";"22";"15.336 Formations riches en Carex extensa";"15.336";"Formations riches en Carex extensa";"5"
"9326";"22";"15.337 Prairies à lavandes de mer (Limonium vulgare)";"15.337";"Prairies à lavandes de mer (Limonium vulgare)";"5"
"9327";"22";"15.338 Formations riches en Blysmus rufus";"15.338";"Formations riches en Blysmus rufus";"5"
"9328";"22";"15.339 Zones à Eleocharis uniglumis ou E. palustris";"15.339";"Zones à Eleocharis uniglumis ou E. palustris";"5"
"9329";"22";"15.33A Zones à Juncus maritimus";"15.33A";"Zones à Juncus maritimus";"5"
"9330";"22";"15.33B Champs à armoise marine (Artemisia maritima)";"15.33B";"Champs à armoise marine (Artemisia maritima)";"5"
"9331";"22";"15.33C Tapis de Potentilla anserina";"15.33C";"Tapis de Potentilla anserina";"5"
"9332";"22";"15.33D Tapis de Frankenia laevis";"15.33D";"Tapis de Frankenia laevis";"5"
"9333";"22";"15.33E Zones à Aster (Aster tripolium) du schorre supérieur";"15.33E";"Zones à Aster (Aster tripolium) du schorre supérieur";"5"
"3880";"22";"15.34 Prés salés à Puccinellia et Spergularia marina";"15.34";"Prés salés à Puccinellia et Spergularia marina";"4"
"3881";"22";"15.35 Végétation à Elymus pycnanthus";"15.35";"Végétation à Elymus pycnanthus";"4"
"3882";"22";"15.36 Laisses de mer des prés salés atlantiques";"15.36";"Laisses de mer des prés salés atlantiques";"4"
"1184";"22";"15.4 Prés salés continentaux";"15.4";"Prés salés continentaux";"3"
"3884";"22";"15.41 Prés salés continentaux avec Puccinellia distans";"15.41";"Prés salés continentaux avec Puccinellia distans";"4"
"3885";"22";"15.42 Prés salés continentaux à jonc et Elymus";"15.42";"Prés salés continentaux à jonc et Elymus";"4"
"1186";"22";"15.5 Prés salés méditerranéens";"15.5";"Prés salés méditerranéens";"3"
"3887";"22";"15.51 Prés salés méditerranéens à Juncus maritimus et J. acutus";"15.51";"Prés salés méditerranéens à Juncus maritimus et J. acutus";"4"
"3888";"22";"15.52 Prés salés à Juncus gerardii et Carex divisa";"15.52";"Prés salés à Juncus gerardii et Carex divisa";"4"
"3889";"22";"15.53 Prés méditerranéens halo-psammophiles";"15.53";"Prés méditerranéens halo-psammophiles";"4"
"3891";"22";"15.55 Prés salés méditerranéens à Puccinellia";"15.55";"Prés salés méditerranéens à Puccinellia";"4"
"3892";"22";"15.56 Formations à annuelles sur laisses";"15.56";"Formations à annuelles sur laisses";"4"
"3893";"22";"15.57 Prés salés à chiendent et armoise";"15.57";"Prés salés à chiendent et armoise";"4"
"3894";"22";"15.58 Formations à Juncus subulatus";"15.58";"Formations à Juncus subulatus";"4"
"1185";"22";"15.6 Fourrés des prés salés (hygro-halophiles)";"15.6";"Fourrés des prés salés (hygro-halophiles)";"3"
"3883";"22";"15.61 Fourrés des marais salés méditerranéens";"15.61";"Fourrés des marais salés méditerranéens";"4"
"9354";"22";"15.611 Tapis d'Arthrocnemum perennis";"15.611";"Tapis d'Arthrocnemum perennis";"5"
"9355";"22";"15.612 Bosquets d'arbrisseaux à Arthrocnemum (enganes)";"15.612";"Bosquets d'arbrisseaux à Arthrocnemum (enganes)";"5"
"9356";"22";"15.613 Bosquets à Arthrocnemum glaucum (enganes)";"15.613";"Bosquets à Arthrocnemum glaucum (enganes)";"5"
"9357";"22";"15.614 Bosquets d'arbrisseaux à Suaeda";"15.614";"Bosquets d'arbrisseaux à Suaeda";"5"
"9359";"22";"15.616 Fourrés méditerranéens à pourpier marin et Arthrocnemum fruticosi";"15.616";"Fourrés méditerranéens à pourpier marin et Arthrocnemum fruticosi";"5"
"3909";"22";"15.62 Fourrés des marais salés atlantiques";"15.62";"Fourrés des marais salés atlantiques";"4"
"9361";"22";"15.621 Fourrés argentés à Halimione portulacoides";"15.621";"Fourrés argentés à Halimione portulacoides";"5"
"9362";"22";"15.622 Fruticées atlantiques d'Arthrocnemum perennis";"15.622";"Fruticées atlantiques d'Arthrocnemum perennis";"5"
"9363";"22";"15.623 Fourrés atlantiques d'arbrisseaux à Suaeda";"15.623";"Fourrés atlantiques d'arbrisseaux à Suaeda";"5"
"9364";"22";"15.624 Fourrés atlantiques d'arbustes à Arthrocnemum";"15.624";"Fourrés atlantiques d'arbustes à Arthrocnemum";"5"
"3910";"22";"15.63 Fourrés à Limoniastrum";"15.63";"Fourrés à Limoniastrum";"4"
"1191";"22";"15.7 Fourrés halophiles semi-désertiques";"15.7";"Fourrés halophiles semi-désertiques";"3"
"3899";"22";"15.72 Fourrés halonitrophiles méditerranéens";"15.72";"Fourrés halonitrophiles méditerranéens";"4"
"1192";"22";"15.8 Steppes salées méditerranéennes";"15.8";"Steppes salées méditerranéennes";"3"
"3901";"22";"15.81 Steppes à Lavande de mer";"15.81";"Steppes à Lavande de mer";"4"
"9347";"22";"15.811 Steppes à Lavande de mer ibériques";"15.811";"Steppes à Lavande de mer ibériques";"5"
"16839";"22";"15.8114 Steppes à Lavande de mer catalano-provençales";"15.8114";"Steppes à Lavande de mer catalano-provençales";"6"
"478";"22";"16 Dunes côtières et plages de sable";"16";"Dunes côtières et plages de sable";"2"
"1194";"22";"16.1 Plages de sable";"16.1";"Plages de sable";"3"
"3906";"22";"16.11 Plages de sable sans végétation";"16.11";"Plages de sable sans végétation";"4"
"3907";"22";"16.12 Groupements annuels des plages de sable";"16.12";"Groupements annuels des plages de sable";"4"
"3908";"22";"16.13 Groupements vivaces des plages de sable";"16.13";"Groupements vivaces des plages de sable";"4"
"1195";"22";"16.2 Dunes";"16.2";"Dunes";"3"
"3900";"22";"16.21 Dunes mobiles";"16.21";"Dunes mobiles";"4"
"9343";"22";"16.211 Dunes embryonnaires";"16.211";"Dunes embryonnaires";"5"
"16837";"22";"16.2111 Dunes embryonnaires atlantiques";"16.2111";"Dunes embryonnaires atlantiques";"6"
"16838";"22";"16.2112 Dunes embryonnaires méditerranéennes";"16.2112";"Dunes embryonnaires méditerranéennes";"6"
"9377";"22";"16.212 Dunes blanches";"16.212";"Dunes blanches";"5"
"16843";"22";"16.2121 Dunes blanches de l'Atlantique";"16.2121";"Dunes blanches de l'Atlantique";"6"
"16844";"22";"16.2122 Dunes blanches de la Méditerranée";"16.2122";"Dunes blanches de la Méditerranée";"6"
"3934";"22";"16.22 Dunes grises";"16.22";"Dunes grises";"4"
"9378";"22";"16.221 Dunes grises septentrionales";"16.221";"Dunes grises septentrionales";"5"
"16846";"22";"16.2211 Groupements dunaires à Tortula";"16.2211";"Groupements dunaires à Tortula";"6"
"16847";"22";"16.2212 Groupements dunaires à Corynephorus canescens";"16.2212";"Groupements dunaires à Corynephorus canescens";"6"
"16848";"22";"16.2213 Groupements dunaires à Myosoton";"16.2213";"Groupements dunaires à Myosoton";"6"
"9379";"22";"16.222 Dunes grises de Gascogne";"16.222";"Dunes grises de Gascogne";"5"
"9380";"22";"16.223 Dunes grises ibéro-méditerranéennes";"16.223";"Dunes grises ibéro-méditerranéennes";"5"
"9382";"22";"16.225 Pelouses dunaires du Mesobromion";"16.225";"Pelouses dunaires du Mesobromion";"5"
"9383";"22";"16.226 Lisières des dunes thermophiles";"16.226";"Lisières des dunes thermophiles";"5"
"9384";"22";"16.227 Groupements dunaires à plantes annuelles";"16.227";"Groupements dunaires à plantes annuelles";"5"
"9385";"22";"16.228 Groupements dunaires à Malcolmia";"16.228";"Groupements dunaires à Malcolmia";"5"
"9386";"22";"16.229 Pelouses dunaires méditerranéennes xériques";"16.229";"Pelouses dunaires méditerranéennes xériques";"5"
"3936";"22";"16.24 Dunes brunes à bruyère";"16.24";"Dunes brunes à bruyère";"4"
"9389";"22";"16.242 Dunes françaises à bruyère";"16.242";"Dunes françaises à bruyère";"5"
"9391";"22";"16.244 Dunes françaises à bruyère cendrée";"16.244";"Dunes françaises à bruyère cendrée";"5"
"9368";"22";"16.245 Dunes françaises à bruyère ciliée";"16.245";"Dunes françaises à bruyère ciliée";"5"
"3912";"22";"16.25 Dunes avec fourrés, bosquets";"16.25";"Dunes avec fourrés, bosquets";"4"
"9371";"22";"16.251 Fourrés dunaires à Argousier";"16.251";"Fourrés dunaires à Argousier";"5"
"9372";"22";"16.252 Fourrés dunaires mixtes";"16.252";"Fourrés dunaires mixtes";"5"
"3913";"22";"16.26 Dunes à Salix arenaria";"16.26";"Dunes à Salix arenaria";"4"
"3914";"22";"16.27 Dunes à genévrier";"16.27";"Dunes à genévrier";"4"
"9373";"22";"16.271 Fourrés dunaires à genévrier oxycèdre";"16.271";"Fourrés dunaires à genévrier oxycèdre";"5"
"9374";"22";"16.272 Bois à Juniperetum lyciae";"16.272";"Bois à Juniperetum lyciae";"5"
"3915";"22";"16.28 Fourrés dunaires à sclérophylles";"16.28";"Fourrés dunaires à sclérophylles";"4"
"3916";"22";"16.29 Dunes boisées";"16.29";"Dunes boisées";"4"
"1196";"22";"16.3 Lettes dunaires humides (= Pannes humides, = Dépressions humides intradunales)";"16.3";"Lettes dunaires humides (= Pannes humides, = Dépressions humides intradunales)";"3"
"3917";"22";"16.31 Mares des lettes dunaires";"16.31";"Mares des lettes dunaires";"4"
"3925";"22";"16.32 Gazons pionniers des lettes ou pannes humides";"16.32";"Gazons pionniers des lettes ou pannes humides";"4"
"3926";"22";"16.33 Bas-marais des pannes humides";"16.33";"Bas-marais des pannes humides";"4"
"3927";"22";"16.34 Prairies des lettes ou pannes humides";"16.34";"Prairies des lettes ou pannes humides";"4"
"3928";"22";"16.35 Roselières et cariçaies des lettes dunaires";"16.35";"Roselières et cariçaies des lettes dunaires";"4"
"479";"22";"17 Plages de galets";"17";"Plages de galets";"2"
"1199";"22";"17.1 Plages de galets sans végétation";"17.1";"Plages de galets sans végétation";"3"
"1200";"22";"17.2 Végétation annuelle des laisses de mer sur plages de galets";"17.2";"Végétation annuelle des laisses de mer sur plages de galets";"3"
"1201";"22";"17.3 Végétation vivace des bancs de galets à Crambe";"17.3";"Végétation vivace des bancs de galets à Crambe";"3"
"3930";"22";"17.32 Groupements à Crambe de la Manche";"17.32";"Groupements à Crambe de la Manche";"4"
"3931";"22";"17.33 Groupements à Crambe de l'Atlantique";"17.33";"Groupements à Crambe de l'Atlantique";"4"
"1202";"22";"17.4 Prairies et landes des bancs de galets";"17.4";"Prairies et landes des bancs de galets";"3"
"3932";"22";"17.41 Pelouses à Avoine élevée sur bancs de galets";"17.41";"Pelouses à Avoine élevée sur bancs de galets";"4"
"3933";"22";"17.42 Landes à Genêt à balais sur bancs de galets";"17.42";"Landes à Genêt à balais sur bancs de galets";"4"
"480";"22";"18 Côtes rocheuses et falaises maritimes";"18";"Côtes rocheuses et falaises maritimes";"2"
"1197";"22";"18.1 Falaises maritimes nues";"18.1";"Falaises maritimes nues";"3"
"3918";"22";"18.11 Rochers et falaises de la frange médiolittorale";"18.11";"Rochers et falaises de la frange médiolittorale";"4"
"3919";"22";"18.12 Rochers de l'étage médiolittoral inférieur";"18.12";"Rochers de l'étage médiolittoral inférieur";"4"
"3920";"22";"18.13 Rochers de l'étage médiolittoral supérieur";"18.13";"Rochers de l'étage médiolittoral supérieur";"4"
"3921";"22";"18.14 Surplombs, crevasses et grottes de l'étage médiolittoral";"18.14";"Surplombs, crevasses et grottes de l'étage médiolittoral";"4"
"3922";"22";"18.15 Mares permanentes des rochers de l'étage médiolittoral";"18.15";"Mares permanentes des rochers de l'étage médiolittoral";"4"
"3923";"22";"18.16 Rochers de l'étage supralittoral";"18.16";"Rochers de l'étage supralittoral";"4"
"3924";"22";"18.17 Flaques des rochers de l'étage supralittoral";"18.17";"Flaques des rochers de l'étage supralittoral";"4"
"1198";"22";"18.2 Côtes rocheuses et falaises avec végétation";"18.2";"Côtes rocheuses et falaises avec végétation";"3"
"3945";"22";"18.21 Groupements des falaises atlantiques";"18.21";"Groupements des falaises atlantiques";"4"
"3946";"22";"18.22 Groupements des falaises méditerranéennes";"18.22";"Groupements des falaises méditerranéennes";"4"
"481";"22";"19 Ilots, bancs rocheux et récifs";"19";"Ilots, bancs rocheux et récifs";"2"
"66";"22";"2 Milieux aquatiques non marins";"2";"Milieux aquatiques non marins";"1"
"483";"22";"21 Lagunes";"21";"Lagunes";"2"
"484";"22";"22 Eaux douces stagnantes";"22";"Eaux douces stagnantes";"2"
"1206";"22";"22.1 Eaux douces";"22.1";"Eaux douces";"3"
"3949";"22";"22.11 Eaux oligotrophes pauvres en calcaire";"22.11";"Eaux oligotrophes pauvres en calcaire";"4"
"3937";"22";"22.12 Eaux mésotrophes";"22.12";"Eaux mésotrophes";"4"
"3938";"22";"22.13 Eaux eutrophes";"22.13";"Eaux eutrophes";"4"
"3939";"22";"22.14 Eaux dystrophes";"22.14";"Eaux dystrophes";"4"
"3940";"22";"22.15 Eaux oligo-mésotrophes riches en calcaire";"22.15";"Eaux oligo-mésotrophes riches en calcaire";"4"
"1203";"22";"22.2 Galets ou vasières non végétalisés";"22.2";"Galets ou vasières non végétalisés";"3"
"1204";"22";"22.3 Communautés amphibies";"22.3";"Communautés amphibies";"3"
"3941";"22";"22.31 Communautés amphibies pérennes septentrionales";"22.31";"Communautés amphibies pérennes septentrionales";"4"
"9393";"22";"22.311 Gazons de Littorelles, étangs à Lobélies, gazons d'Isoètes";"22.311";"Gazons de Littorelles, étangs à Lobélies, gazons d'Isoètes";"5"
"16855";"22";"22.3111 Gazons de Littorelles";"22.3111";"Gazons de Littorelles";"6"
"16856";"22";"22.3112 Etangs à Lobélies";"22.3112";"Etangs à Lobélies";"6"
"16857";"22";"22.3113 Gazons d'Isoètes euro-sibériens";"22.3113";"Gazons d'Isoètes euro-sibériens";"6"
"16858";"22";"22.3114 Communautés flottantes de Sparganium";"22.3114";"Communautés flottantes de Sparganium";"6"
"9394";"22";"22.312 Gazons à Eleocharis en eaux peu profondes";"22.312";"Gazons à Eleocharis en eaux peu profondes";"5"
"9395";"22";"22.313 Gazons des bordures d'étangs acides en eaux peu profondes";"22.313";"Gazons des bordures d'étangs acides en eaux peu profondes";"5"
"9396";"22";"22.314 Gazons des berges tourbeuses en eaux peu profondes";"22.314";"Gazons des berges tourbeuses en eaux peu profondes";"5"
"9397";"22";"22.315 Gazons à Canche des rivages";"22.315";"Gazons à Canche des rivages";"5"
"16859";"22";"22.3151 Gazons péri-alpins à Canche des rivages";"22.3151";"Gazons péri-alpins à Canche des rivages";"6"
"3943";"22";"22.32 Gazons amphibies annuels septentrionaux";"22.32";"Gazons amphibies annuels septentrionaux";"4"
"9398";"22";"22.321 Communautés à Eleocharis";"22.321";"Communautés à Eleocharis";"5"
"9399";"22";"22.322 Gazons de plantes pionnières des lettes dunaires";"22.322";"Gazons de plantes pionnières des lettes dunaires";"5"
"9400";"22";"22.323 Communautés naines à Juncus bufonius";"22.323";"Communautés naines à Juncus bufonius";"5"
"16861";"22";"22.3231 Gazons à Juncus bufonius";"22.3231";"Gazons à Juncus bufonius";"6"
"16862";"22";"22.3232 Gazons à petits Souchets";"22.3232";"Gazons à petits Souchets";"6"
"16863";"22";"22.3233 Communautés d'herbes naines des substrats humides";"22.3233";"Communautés d'herbes naines des substrats humides";"6"
"3944";"22";"22.33 Groupements à Bidens tripartitus";"22.33";"Groupements à Bidens tripartitus";"4"
"3942";"22";"22.34 Groupements amphibies méridionaux";"22.34";"Groupements amphibies méridionaux";"4"
"9392";"22";"22.341 Petits gazons amphibies méditerranéens";"22.341";"Petits gazons amphibies méditerranéens";"5"
"16849";"22";"22.3411 Groupements terrestres à Isoètes";"22.3411";"Groupements terrestres à Isoètes";"6"
"16850";"22";"22.3412 Gazons méditerranéens aquatiques à Isoètes";"22.3412";"Gazons méditerranéens aquatiques à Isoètes";"6"
"16852";"22";"22.3414 Gazons méditerranéens à Cyperus";"22.3414";"Gazons méditerranéens à Cyperus";"6"
"16853";"22";"22.3415 Gazons méditerranéens à Fimbristylis";"22.3415";"Gazons méditerranéens à Fimbristylis";"6"
"16864";"22";"22.3417 Groupements à Spiranthes et Anagallis";"22.3417";"Groupements à Spiranthes et Anagallis";"6"
"16865";"22";"22.3418 Groupements méditerranéens amphibies à plantes de taille réduite";"22.3418";"Groupements méditerranéens amphibies à plantes de taille réduite";"6"
"9412";"22";"22.342 Grands gazons méditerranéens amphibies";"22.342";"Grands gazons méditerranéens amphibies";"5"
"9413";"22";"22.343 Gazons méditerranéens amphibies halo-nitrophiles";"22.343";"Gazons méditerranéens amphibies halo-nitrophiles";"5"
"9414";"22";"22.344 Prairies à Serapias";"22.344";"Prairies à Serapias";"5"
"1215";"22";"22.4 Végétations aquatiques";"22.4";"Végétations aquatiques";"3"
"3972";"22";"22.41 Végétations flottant librement";"22.41";"Végétations flottant librement";"4"
"9415";"22";"22.411 Couvertures de Lemnacées";"22.411";"Couvertures de Lemnacées";"5"
"9416";"22";"22.412 Radeaux d'Hydrocharis";"22.412";"Radeaux d'Hydrocharis";"5"
"9417";"22";"22.413 Radeaux de Stratiotes";"22.413";"Radeaux de Stratiotes";"5"
"9418";"22";"22.414 Colonies d'Utriculaires";"22.414";"Colonies d'Utriculaires";"5"
"9419";"22";"22.415 Couvertures de Salvinia";"22.415";"Couvertures de Salvinia";"5"
"9420";"22";"22.416 Groupements à Aldrovanda";"22.416";"Groupements à Aldrovanda";"5"
"3973";"22";"22.42 Végétations enracinées immergées";"22.42";"Végétations enracinées immergées";"4"
"9421";"22";"22.421 Groupements de grands Potamots";"22.421";"Groupements de grands Potamots";"5"
"9422";"22";"22.422 Groupements de petits Potamots";"22.422";"Groupements de petits Potamots";"5"
"3974";"22";"22.43 Végétations enracinées flottantes";"22.43";"Végétations enracinées flottantes";"4"
"9423";"22";"22.431 Tapis flottant de végétaux à grandes feuilles";"22.431";"Tapis flottant de végétaux à grandes feuilles";"5"
"16866";"22";"22.4311 Tapis de Nénuphars";"22.4311";"Tapis de Nénuphars";"6"
"16867";"22";"22.4312 Tapis de chataîgnes d'eau";"22.4312";"Tapis de chataîgnes d'eau";"6"
"16868";"22";"22.4313 Tapis de Nymphoides";"22.4313";"Tapis de Nymphoides";"6"
"16869";"22";"22.4314 Tapis de Potamot flottant";"22.4314";"Tapis de Potamot flottant";"6"
"16870";"22";"22.4315 Tapis de Renouées";"22.4315";"Tapis de Renouées";"6"
"9424";"22";"22.432 Communautés flottantes des eaux peu profondes";"22.432";"Communautés flottantes des eaux peu profondes";"5"
"9401";"22";"22.433 Groupements oligotrophes de Potamots";"22.433";"Groupements oligotrophes de Potamots";"5"
"3950";"22";"22.44 Tapis immergés de Characées";"22.44";"Tapis immergés de Characées";"4"
"9402";"22";"22.441 Tapis de Chara";"22.441";"Tapis de Chara";"5"
"9403";"22";"22.442 Tapis de Nitella";"22.442";"Tapis de Nitella";"5"
"3951";"22";"22.45 Mares de tourbières à Sphaignes et Utriculaires";"22.45";"Mares de tourbières à Sphaignes et Utriculaires";"4"
"1207";"22";"22.5 Masses d'eau temporaires";"22.5";"Masses d'eau temporaires";"3"
"485";"22";"23 Eaux stagnantes, saumâtres et salées";"23";"Eaux stagnantes, saumâtres et salées";"2"
"1208";"22";"23.1 Eaux saumâtres ou salées sans végétation";"23.1";"Eaux saumâtres ou salées sans végétation";"3"
"3952";"22";"23.11 Eau libre sans tapis de Charophytes";"23.11";"Eau libre sans tapis de Charophytes";"4"
"3953";"22";"23.12 Tapis algual de Charophyte";"23.12";"Tapis algual de Charophyte";"4"
"1209";"22";"23.2 Eaux saumâtres ou salées végétalisées";"23.2";"Eaux saumâtres ou salées végétalisées";"3"
"3954";"22";"23.21 Formations immergées des eaux saumâtres ou salées";"23.21";"Formations immergées des eaux saumâtres ou salées";"4"
"9404";"22";"23.211 Groupements à Ruppia";"23.211";"Groupements à Ruppia";"5"
"9405";"22";"23.212 Communautés lagunaires de végétation marine";"23.212";"Communautés lagunaires de végétation marine";"5"
"3955";"22";"23.22 Scirpaies naines lagunaires";"23.22";"Scirpaies naines lagunaires";"4"
"486";"22";"24 Eaux courantes";"24";"Eaux courantes";"2"
"1210";"22";"24.1 Lits des rivières";"24.1";"Lits des rivières";"3"
"3956";"22";"24.11 Ruisselets";"24.11";"Ruisselets";"4"
"3957";"22";"24.12 Zone à Truites";"24.12";"Zone à Truites";"4"
"3958";"22";"24.13 Zone à Ombres";"24.13";"Zone à Ombres";"4"
"3959";"22";"24.14 Zone à Barbeaux";"24.14";"Zone à Barbeaux";"4"
"3966";"22";"24.15 Zone à Brèmes";"24.15";"Zone à Brèmes";"4"
"3967";"22";"24.16 Cours d'eau intermittents";"24.16";"Cours d'eau intermittents";"4"
"1212";"22";"24.2 Bancs de graviers des cours d'eau";"24.2";"Bancs de graviers des cours d'eau";"3"
"3968";"22";"24.21 Bancs de graviers sans végétation";"24.21";"Bancs de graviers sans végétation";"4"
"3969";"22";"24.22 Bancs de graviers végétalisés";"24.22";"Bancs de graviers végétalisés";"4"
"9406";"22";"24.221 Groupements d'Epilobes des rivières subalpines";"24.221";"Groupements d'Epilobes des rivières subalpines";"5"
"9407";"22";"24.222 Groupements alpins des bancs de graviers";"24.222";"Groupements alpins des bancs de graviers";"5"
"9408";"22";"24.223 Broussailles de Saules et de Myricaire germanique";"24.223";"Broussailles de Saules et de Myricaire germanique";"5"
"9409";"22";"24.224 Fourrés et bois des bancs de graviers";"24.224";"Fourrés et bois des bancs de graviers";"5"
"9410";"22";"24.225 Lits de graviers méditerranéens";"24.225";"Lits de graviers méditerranéens";"5"
"9411";"22";"24.226 Graviers des rivières de plaine";"24.226";"Graviers des rivières de plaine";"5"
"1213";"22";"24.3 Bancs de sable des rivières";"24.3";"Bancs de sable des rivières";"3"
"3970";"22";"24.31 Bancs de sable des rivières sans végétation";"24.31";"Bancs de sable des rivières sans végétation";"4"
"3971";"22";"24.32 Bancs de sable riverains pourvus de végétation";"24.32";"Bancs de sable riverains pourvus de végétation";"4"
"1214";"22";"24.4 Végétation immergée des rivières";"24.4";"Végétation immergée des rivières";"3"
"3960";"22";"24.41 Végétation des rivières oligotrophes acidiphiles";"24.41";"Végétation des rivières oligotrophes acidiphiles";"4"
"3961";"22";"24.42 Végétation des rivières oligotrophes riches en calcaire";"24.42";"Végétation des rivières oligotrophes riches en calcaire";"4"
"3962";"22";"24.43 Végétation des rivières mésotrophes";"24.43";"Végétation des rivières mésotrophes";"4"
"3963";"22";"24.44 Végétation des rivières eutrophes";"24.44";"Végétation des rivières eutrophes";"4"
"1211";"22";"24.5 Dépôts d'alluvions fluviatiles limoneuses";"24.5";"Dépôts d'alluvions fluviatiles limoneuses";"3"
"3964";"22";"24.51 Dépôts nus d'alluvions fluviatiles limoneuses";"24.51";"Dépôts nus d'alluvions fluviatiles limoneuses";"4"
"3965";"22";"24.52 Groupements euro-sibériens annuels des vases fluviatiles";"24.52";"Groupements euro-sibériens annuels des vases fluviatiles";"4"
"3978";"22";"24.53 Groupements méditerranéens des limons riverains";"24.53";"Groupements méditerranéens des limons riverains";"4"
"67";"22";"3 Landes, fruticées, pelouses et prairies";"3";"Landes, fruticées, pelouses et prairies";"1"
"487";"22";"31 Landes et fruticées";"31";"Landes et fruticées";"2"
"1216";"22";"31.1 Landes humides";"31.1";"Landes humides";"3"
"3979";"22";"31.11 Landes humides atlantiques septentrionales";"31.11";"Landes humides atlantiques septentrionales";"4"
"3980";"22";"31.12 Landes humides atlantiques méridionales";"31.12";"Landes humides atlantiques méridionales";"4"
"3981";"22";"31.13 Landes humides à Molinia caerulea";"31.13";"Landes humides à Molinia caerulea";"4"
"1217";"22";"31.2 Landes sèches";"31.2";"Landes sèches";"3"
"3982";"22";"31.21 Landes submontagnardes à Vaccinium";"31.21";"Landes submontagnardes à Vaccinium";"4"
"9452";"22";"31.213 Landes hercyniennes à Vaccinium";"31.213";"Landes hercyniennes à Vaccinium";"5"
"9425";"22";"31.214 Landes submontagnardes alpiennes à Vaccinium";"31.214";"Landes submontagnardes alpiennes à Vaccinium";"5"
"9426";"22";"31.215 Landes sub-montagnardes pyrénéo-cantabriques à Vaccinium";"31.215";"Landes sub-montagnardes pyrénéo-cantabriques à Vaccinium";"5"
"3975";"22";"31.22 Landes sub-atlantiques à Genêt et Callune";"31.22";"Landes sub-atlantiques à Genêt et Callune";"4"
"9429";"22";"31.223 Landes campino-flandriennes à Callune et Genêt";"31.223";"Landes campino-flandriennes à Callune et Genêt";"5"
"9430";"22";"31.224 Landes campino-flandriennes à Erica cinerea";"31.224";"Landes campino-flandriennes à Erica cinerea";"5"
"9436";"22";"31.226 Landes montagnardes à Calluna et Genista";"31.226";"Landes montagnardes à Calluna et Genista";"5"
"9437";"22";"31.227 Landes à Empetrum nigrum";"31.227";"Landes à Empetrum nigrum";"5"
"9440";"22";"31.22A Landes à Genista sagittalis";"31.22A";"Landes à Genista sagittalis";"5"
"3976";"22";"31.23 Landes atlantiques à Erica et Ulex";"31.23";"Landes atlantiques à Erica et Ulex";"4"
"9441";"22";"31.231 Landes à Ulex maritimus";"31.231";"Landes à Ulex maritimus";"5"
"9444";"22";"31.234 Landes septentrionales à Erica vagans";"31.234";"Landes septentrionales à Erica vagans";"5"
"16889";"22";"31.2341 Landes armoricaines à Erica vagans";"31.2341";"Landes armoricaines à Erica vagans";"6"
"9445";"22";"31.235 Landes anglo-armoricaines occidentales à Ajoncs";"31.235";"Landes anglo-armoricaines occidentales à Ajoncs";"5"
"16891";"22";"31.2351 Landes anglo-armoricaines à Ulex gallii et Erica cinerea";"31.2351";"Landes anglo-armoricaines à Ulex gallii et Erica cinerea";"6"
"16892";"22";"31.2352 Landes anglo-armoricaines à Ulex gallii et Erica ciliaris";"31.2352";"Landes anglo-armoricaines à Ulex gallii et Erica ciliaris";"6"
"16893";"22";"31.2353 Landes anglo-armoricaines à Ulex gallii et Calluna";"31.2353";"Landes anglo-armoricaines à Ulex gallii et Calluna";"6"
"9446";"22";"31.236 Landes pyrénéo-cantabriques à Erica mackaiana et E. ciliaris";"31.236";"Landes pyrénéo-cantabriques à Erica mackaiana et E. ciliaris";"5"
"9447";"22";"31.237 Landes pyrénéo-cantabriques à Erica vagans et Erica cinerea";"31.237";"Landes pyrénéo-cantabriques à Erica vagans et Erica cinerea";"5"
"9448";"22";"31.238 Landes anglo-normandes à Ajoncs nains";"31.238";"Landes anglo-normandes à Ajoncs nains";"5"
"16895";"22";"31.2381 Landes anglo-normandes à Ulex minor et Erica cinerea";"31.2381";"Landes anglo-normandes à Ulex minor et Erica cinerea";"6"
"16896";"22";"31.2382 Landes anglo-normandes à Ulex minor et Erica ciliaris";"31.2382";"Landes anglo-normandes à Ulex minor et Erica ciliaris";"6"
"16897";"22";"31.2383 Landes anglo-normandes à Ulex minor et Calluna";"31.2383";"Landes anglo-normandes à Ulex minor et Calluna";"6"
"9449";"22";"31.239 Landes aquitano-ligériennes à Ajoncs nains";"31.239";"Landes aquitano-ligériennes à Ajoncs nains";"5"
"16898";"22";"31.2391 Landes aquitano-ligériennes à Ulex minor et Erica cinerea";"31.2391";"Landes aquitano-ligériennes à Ulex minor et Erica cinerea";"6"
"16899";"22";"31.2392 Landes aquitano-ligériennes à Ulex minor et Erica ciliaris";"31.2392";"Landes aquitano-ligériennes à Ulex minor et Erica ciliaris";"6"
"16900";"22";"31.2393 Landes aquitano-ligériennes à Ulex minor et Erica scoparia";"31.2393";"Landes aquitano-ligériennes à Ulex minor et Erica scoparia";"6"
"3977";"22";"31.24 Landes ibéro-atlantiques à Erica, Ulex et Cistus";"31.24";"Landes ibéro-atlantiques à Erica, Ulex et Cistus";"4"
"9432";"22";"31.241 Landes gasconnes";"31.241";"Landes gasconnes";"5"
"16873";"22";"31.2411 Landes aquitaniennes à Erica et Cistus";"31.2411";"Landes aquitaniennes à Erica et Cistus";"6"
"16874";"22";"31.2412 Landes arides de Gascogne et de Sologne";"31.2412";"Landes arides de Gascogne et de Sologne";"6"
"1222";"22";"31.4 Landes alpines et boréales";"31.4";"Landes alpines et boréales";"3"
"4003";"22";"31.41 Landes naines à Azalée et à Vaccinium";"31.41";"Landes naines à Azalée et à Vaccinium";"4"
"9480";"22";"31.411 Landes à Loiseleuria";"31.411";"Landes à Loiseleuria";"5"
"9481";"22";"31.412 Landes alpines à Vaccinium";"31.412";"Landes alpines à Vaccinium";"5"
"4004";"22";"31.42 Landes à Rhododendron";"31.42";"Landes à Rhododendron";"4"
"4005";"22";"31.43 Fourrés à Genévriers nains";"31.43";"Fourrés à Genévriers nains";"4"
"9482";"22";"31.431 Fourrés à Juniperus communis subsp. nana";"31.431";"Fourrés à Juniperus communis subsp. nana";"5"
"9483";"22";"31.432 Fourrés à Juniperus sabina";"31.432";"Fourrés à Juniperus sabina";"5"
"9484";"22";"31.433 Fourrés à Juniperus communis subsp. hemisphaerica";"31.433";"Fourrés à Juniperus communis subsp. hemisphaerica";"5"
"4006";"22";"31.44 Landes à Empetrum et Vaccinium";"31.44";"Landes à Empetrum et Vaccinium";"4"
"4009";"22";"31.47 Landes à Arctostaphylos uva-ursi";"31.47";"Landes à Arctostaphylos uva-ursi";"4"
"4010";"22";"31.48 Landes à Rhododendron hirsutum";"31.48";"Landes à Rhododendron hirsutum";"4"
"3983";"22";"31.49 Tapis à Dryade";"31.49";"Tapis à Dryade";"4"
"9453";"22";"31.491 Tapis de Dryas de haute montagne";"31.491";"Tapis de Dryas de haute montagne";"5"
"1218";"22";"31.5 Fourré bas de Pins mugo";"31.5";"Fourré bas de Pins mugo";"3"
"3985";"22";"31.51 Fourrés bas de Pins mugo des Alpes internes";"31.51";"Fourrés bas de Pins mugo des Alpes internes";"4"
"3987";"22";"31.53 Fourrés bas de Pins mugo des Alpes sud-occidentales";"31.53";"Fourrés bas de Pins mugo des Alpes sud-occidentales";"4"
"1219";"22";"31.6 Fourrés subalpins et communautés de hautes herbes (mégaphorbiaies)";"31.6";"Fourrés subalpins et communautés de hautes herbes (mégaphorbiaies)";"3"
"3989";"22";"31.61 Broussailles d'Aulnes verts";"31.61";"Broussailles d'Aulnes verts";"4"
"9458";"22";"31.611 Fourrés d'Aulnes verts des Alpes";"31.611";"Fourrés d'Aulnes verts des Alpes";"5"
"9459";"22";"31.612 Broussailles corses d'Alnus viridis subsp. suaveolens";"31.612";"Broussailles corses d'Alnus viridis subsp. suaveolens";"5"
"3990";"22";"31.62 Fourrés de Saules";"31.62";"Fourrés de Saules";"4"
"9468";"22";"31.621 Fourrés de Saules pyrénéo-alpiens";"31.621";"Fourrés de Saules pyrénéo-alpiens";"5"
"16911";"22";"31.6211 Brousses à Saules bas des Alpes";"31.6211";"Brousses à Saules bas des Alpes";"6"
"16912";"22";"31.6212 Brousses alpiennes à Saules prostrés";"31.6212";"Brousses alpiennes à Saules prostrés";"6"
"16913";"22";"31.6213 Brousses alpiennes de Saules élevés";"31.6213";"Brousses alpiennes de Saules élevés";"6"
"16914";"22";"31.6214 Broussailles de Saules pyrénéens";"31.6214";"Broussailles de Saules pyrénéens";"6"
"3993";"22";"31.63 Mégaphorbiaies subalpines avec buissons";"31.63";"Mégaphorbiaies subalpines avec buissons";"4"
"1220";"22";"31.7 Landes épineuses (= Landes hérisson)";"31.7";"Landes épineuses (= Landes hérisson)";"3"
"3992";"22";"31.74 Landes épineuses franco-ibériques";"31.74";"Landes épineuses franco-ibériques";"4"
"9467";"22";"31.741 Landes épineuses à Erinacea";"31.741";"Landes épineuses à Erinacea";"5"
"9520";"22";"31.745 Landes en coussinets de Genista";"31.745";"Landes en coussinets de Genista";"5"
"16955";"22";"31.7451 Landes en coussinets pyrénéo-cantabriennes";"31.7451";"Landes en coussinets pyrénéo-cantabriennes";"6"
"16922";"22";"31.7456 Landes en coussinets à Genista lobelii et G. pulchella";"31.7456";"Landes en coussinets à Genista lobelii et G. pulchella";"6"
"4011";"22";"31.75 Landes épineuses cyrno-sardes";"31.75";"Landes épineuses cyrno-sardes";"4"
"9491";"22";"31.751 Landes épineuses à Astragalus gennargenteus";"31.751";"Landes épineuses à Astragalus gennargenteus";"5"
"9492";"22";"31.752 Landes épineuses cyrno-sardes à Euphorbia";"31.752";"Landes épineuses cyrno-sardes à Euphorbia";"5"
"9493";"22";"31.753 Landes en coussinets cyrno-sardes à Thymus";"31.753";"Landes en coussinets cyrno-sardes à Thymus";"5"
"9496";"22";"31.754 Landes épineuses cyrno-sardes à Genista";"31.754";"Landes épineuses cyrno-sardes à Genista";"5"
"9497";"22";"31.755 Landes épineuses cyrno-sardes à Berberis";"31.755";"Landes épineuses cyrno-sardes à Berberis";"5"
"9498";"22";"31.756 Landes épineuses cyrno-sardes à Anthyllis";"31.756";"Landes épineuses cyrno-sardes à Anthyllis";"5"
"4020";"22";"31.7E Landes épineuses à Astragalus sempervirens";"31.7E";"Landes épineuses à Astragalus sempervirens";"4"
"1223";"22";"31.8 Fourrés";"31.8";"Fourrés";"3"
"4030";"22";"31.81 Fourrés médio-européens sur sol fertile";"31.81";"Fourrés médio-européens sur sol fertile";"4"
"9537";"22";"31.811 Fruticées à Prunus spinosa et halliers à Rubus fruticosus";"31.811";"Fruticées à Prunus spinosa et halliers à Rubus fruticosus";"5"
"16984";"22";"31.8111 Fruticées subatlantiques Prunus spinosa et Rubus fruticosus";"31.8111";"Fruticées subatlantiques Prunus spinosa et Rubus fruticosus";"6"
"16985";"22";"31.8112 Fruticées atlantiques Prunus spinosa et Rubus fruticosus";"31.8112";"Fruticées atlantiques Prunus spinosa et Rubus fruticosus";"6"
"9538";"22";"31.812 Fruticées à Prunelliers et Troènes";"31.812";"Fruticées à Prunelliers et Troènes";"5"
"16986";"22";"31.8121 Fruticées atlantiques et médio-européennes à Prunelliers et Troènes";"31.8121";"Fruticées atlantiques et médio-européennes à Prunelliers et Troènes";"6"
"20806";"22";"31.81211 Fruticées médio-européennes à Prunelliers et Troènes";"31.81211";"Fruticées médio-européennes à Prunelliers et Troènes";"7"
"20807";"22";"31.81212 Fruticées atlantiques à Crataegus et Hedera";"31.81212";"Fruticées atlantiques à Crataegus et Hedera";"7"
"22152";"22";"31.812121 Fruticées atlantiques calciclines";"31.812121";"Fruticées atlantiques calciclines";"8"
"22153";"22";"31.812122 Fruticées calcicoles de bord de route, sur craie";"31.812122";"Fruticées calcicoles de bord de route, sur craie";"8"
"16987";"22";"31.8122 Fruticées subméditerranéennes de Prunelliers et de Troènes";"31.8122";"Fruticées subméditerranéennes de Prunelliers et de Troènes";"6"
"16988";"22";"31.8123 Fruticées de stations rocailleuses à Cotoneaster et Amélanchier";"31.8123";"Fruticées de stations rocailleuses à Cotoneaster et Amélanchier";"6"
"16989";"22";"31.8124 Fruticées d'Argousiers";"31.8124";"Fruticées d'Argousiers";"6"
"16990";"22";"31.8125 Fruticées intra-alpines à Epine vinette";"31.8125";"Fruticées intra-alpines à Epine vinette";"6"
"20808";"22";"31.81251 Fruticées à Prunus brigantiaca";"31.81251";"Fruticées à Prunus brigantiaca";"7"
"20809";"22";"31.81252 Autres fruticées intra-alpines à Epine vinette";"31.81252";"Autres fruticées intra-alpines à Epine vinette";"7"
"4022";"22";"31.82 Fruticées à Buis";"31.82";"Fruticées à Buis";"4"
"4023";"22";"31.83 Fruticées atlantiques des sols pauvres";"31.83";"Fruticées atlantiques des sols pauvres";"4"
"9521";"22";"31.831 Ronciers";"31.831";"Ronciers";"5"
"9522";"22";"31.832 Fourrés à Bourdaine, Sorbiers, Chèvrefeuilles";"31.832";"Fourrés à Bourdaine, Sorbiers, Chèvrefeuilles";"5"
"4024";"22";"31.84 Landes à Genêts";"31.84";"Landes à Genêts";"4"
"9523";"22";"31.841 Landes médio-européennes à Cytisus scoparius";"31.841";"Landes médio-européennes à Cytisus scoparius";"5"
"16960";"22";"31.8411 Landes à Genêts des plaines et des collines";"31.8411";"Landes à Genêts des plaines et des collines";"6"
"16961";"22";"31.8412 Landes à Genêts des Alpes";"31.8412";"Landes à Genêts des Alpes";"6"
"16962";"22";"31.8413 Landes du Massif central à Cytisus scoparius";"31.8413";"Landes du Massif central à Cytisus scoparius";"6"
"16963";"22";"31.8414 Landes à Cytisus scoparius des Pyrénées";"31.8414";"Landes à Cytisus scoparius des Pyrénées";"6"
"9524";"22";"31.842 Landes à Cytisus purgans";"31.842";"Landes à Cytisus purgans";"5"
"16964";"22";"31.8421 Landes à Cytisus purgans des Cévennes";"31.8421";"Landes à Cytisus purgans des Cévennes";"6"
"16965";"22";"31.8422 Landes à Cytisus purgans pyrénéennes";"31.8422";"Landes à Cytisus purgans pyrénéennes";"6"
"4027";"22";"31.85 Landes à Ajoncs";"31.85";"Landes à Ajoncs";"4"
"4028";"22";"31.86 Landes à Fougères";"31.86";"Landes à Fougères";"4"
"9533";"22";"31.861 Landes subatlantiques à Fougères";"31.861";"Landes subatlantiques à Fougères";"5"
"9535";"22";"31.863 Landes supra-méditerranéennes à Fougères";"31.863";"Landes supra-méditerranéennes à Fougères";"5"
"4029";"22";"31.87 Clairières forestières";"31.87";"Clairières forestières";"4"
"9536";"22";"31.871 Clairières herbacées forestières";"31.871";"Clairières herbacées forestières";"5"
"16983";"22";"31.8711 Clairières à Epilobes et Digitales";"31.8711";"Clairières à Epilobes et Digitales";"6"
"16970";"22";"31.8712 Clairières à Bardane et Belladonne";"31.8712";"Clairières à Bardane et Belladonne";"6"
"9525";"22";"31.872 Clairières à couvert arbustif";"31.872";"Clairières à couvert arbustif";"5"
"4025";"22";"31.88 Fruticées à Genévriers communs";"31.88";"Fruticées à Genévriers communs";"4"
"9526";"22";"31.881 Landes à Genévriers";"31.881";"Landes à Genévriers";"5"
"9527";"22";"31.882 Landes à Genévriers";"31.882";"Landes à Genévriers";"5"
"4026";"22";"31.89 Fourrés caducifoliés sub-méditerranéens sud-occidentaux";"31.89";"Fourrés caducifoliés sub-méditerranéens sud-occidentaux";"4"
"9561";"22";"31.891 Fourrés caducifoliés sub-méditerranéens franco-ibériques";"31.891";"Fourrés caducifoliés sub-méditerranéens franco-ibériques";"5"
"4040";"22";"31.8A Fourrés tyrrhéniens subméditerranéens caducifoliés";"31.8A";"Fourrés tyrrhéniens subméditerranéens caducifoliés";"4"
"9565";"22";"31.8A1 Fourrés cyrno-sardes subméditerranéens caducifoliés";"31.8A1";"Fourrés cyrno-sardes subméditerranéens caducifoliés";"5"
"4042";"22";"31.8C Fourrés de Noisetiers";"31.8C";"Fourrés de Noisetiers";"4"
"4031";"22";"31.8D Recrûs forestiers caducifoliés";"31.8D";"Recrûs forestiers caducifoliés";"4"
"4032";"22";"31.8E Taillis";"31.8E";"Taillis";"4"
"4033";"22";"31.8F Fourrés mixtes";"31.8F";"Fourrés mixtes";"4"
"4034";"22";"31.8G Prébois de résineux";"31.8G";"Prébois de résineux";"4"
"488";"22";"32 Fruticées sclérophylles";"32";"Fruticées sclérophylles";"2"
"1224";"22";"32.1 Matorral arborescent";"32.1";"Matorral arborescent";"3"
"4037";"22";"32.11 Matorral à Chênes sempervirents";"32.11";"Matorral à Chênes sempervirents";"4"
"9548";"22";"32.111 Matorral de Quercus suber";"32.111";"Matorral de Quercus suber";"5"
"9549";"22";"32.112 Matorral acidiphile de Quercus ilex";"32.112";"Matorral acidiphile de Quercus ilex";"5"
"9550";"22";"32.113 Matorral calciphile à Quercus ilex, Q. coccifera";"32.113";"Matorral calciphile à Quercus ilex, Q. coccifera";"5"
"4038";"22";"32.12 Matorral à Oliviers et Lentisques";"32.12";"Matorral à Oliviers et Lentisques";"4"
"9554";"22";"32.121 Matorral arborescent à Olivier sauvage";"32.121";"Matorral arborescent à Olivier sauvage";"5"
"9555";"22";"32.122 Matorral arborescent à Caroubier";"32.122";"Matorral arborescent à Caroubier";"5"
"9556";"22";"32.123 Matorral arborescent à Lentisque";"32.123";"Matorral arborescent à Lentisque";"5"
"9557";"22";"32.124 Matorral arborescent à Myrte";"32.124";"Matorral arborescent à Myrte";"5"
"4039";"22";"32.13 Matorral à Genévriers";"32.13";"Matorral à Genévriers";"4"
"9559";"22";"32.131 Matorral arborescent à Juniperus oxycedrus";"32.131";"Matorral arborescent à Juniperus oxycedrus";"5"
"17000";"22";"32.1311 Matorral arborescent interne à Juniperus oxycedrus";"32.1311";"Matorral arborescent interne à Juniperus oxycedrus";"6"
"17001";"22";"32.1312 Matorral arborescent à Juniperus macrocarpa";"32.1312";"Matorral arborescent à Juniperus macrocarpa";"6"
"9560";"22";"32.132 Matorral arborescent à Juniperus phoenicea";"32.132";"Matorral arborescent à Juniperus phoenicea";"5"
"17003";"22";"32.1321 Matorral arborescent, intérieur, à Juniperus phoenicea";"32.1321";"Matorral arborescent, intérieur, à Juniperus phoenicea";"6"
"16992";"22";"32.1322 Matorral arborescent à Juniperus lycia";"32.1322";"Matorral arborescent à Juniperus lycia";"6"
"9540";"22";"32.134 Matorral arborescent à Juniperus communis";"32.134";"Matorral arborescent à Juniperus communis";"5"
"9542";"22";"32.136 Matorral arborescent à Juniperus thurifera";"32.136";"Matorral arborescent à Juniperus thurifera";"5"
"4035";"22";"32.14 Matorral à Pins";"32.14";"Matorral à Pins";"4"
"9543";"22";"32.141 Matorral arborescent à Pin mésogéen (Pinus pinaster)";"32.141";"Matorral arborescent à Pin mésogéen (Pinus pinaster)";"5"
"9544";"22";"32.142 Matorral arborescent à Pin pignon (Pinus pinea)";"32.142";"Matorral arborescent à Pin pignon (Pinus pinea)";"5"
"9545";"22";"32.143 Matorral arborescent à Pin d'Alep (Pinus halepensis)";"32.143";"Matorral arborescent à Pin d'Alep (Pinus halepensis)";"5"
"9547";"22";"32.145 Matorral arborescent à Pin noir ou à Pin sylvestre";"32.145";"Matorral arborescent à Pin noir ou à Pin sylvestre";"5"
"4047";"22";"32.16 Matorral arborescent à chênes caducifoliés";"32.16";"Matorral arborescent à chênes caducifoliés";"4"
"9595";"22";"32.162 Matorral occidental à Chênes caducifoliés";"32.162";"Matorral occidental à Chênes caducifoliés";"5"
"4049";"22";"32.18 Matorral à Lauriers";"32.18";"Matorral à Lauriers";"4"
"1225";"22";"32.2 Formations arbustives thermo-méditerranéennes";"32.2";"Formations arbustives thermo-méditerranéennes";"3"
"4052";"22";"32.21 Fruticées, fourrés et landes-garrigues thermo-méditerranéennes";"32.21";"Fruticées, fourrés et landes-garrigues thermo-méditerranéennes";"4"
"9596";"22";"32.211 Fruticées à Oliviers et Lentisques";"32.211";"Fruticées à Oliviers et Lentisques";"5"
"9571";"22";"32.212 Landes-garrigues thermo-méditerranéennes";"32.212";"Landes-garrigues thermo-méditerranéennes";"5"
"17004";"22";"32.2121 Landes-garrigues occidentales à Erica multiflora";"32.2121";"Landes-garrigues occidentales à Erica multiflora";"6"
"9573";"22";"32.214 Fruticée à Lentisques";"32.214";"Fruticée à Lentisques";"5"
"9574";"22";"32.215 Fruticée à Calicotome";"32.215";"Fruticée à Calicotome";"5"
"9575";"22";"32.216 Fourrés à Lauriers";"32.216";"Fourrés à Lauriers";"5"
"9576";"22";"32.217 Garrigues côtières à Helichrysum";"32.217";"Garrigues côtières à Helichrysum";"5"
"9577";"22";"32.218 Fourrés à Myrtes";"32.218";"Fourrés à Myrtes";"5"
"9578";"22";"32.219 Buissons thermo-méditerranéens à Chênes kermès";"32.219";"Buissons thermo-méditerranéens à Chênes kermès";"5"
"17008";"22";"32.2192 Fruticées thermo-méditerranéennes tyrrhéniennes à chêne kermès";"32.2192";"Fruticées thermo-méditerranéennes tyrrhéniennes à chêne kermès";"6"
"9579";"22";"32.21A Fourrés à Phillyrea";"32.21A";"Fourrés à Phillyrea";"5"
"17012";"22";"32.21A3 Fourrés occidentaux à Phillyrea";"32.21A3";"Fourrés occidentaux à Phillyrea";"6"
"9586";"22";"32.21B Fruticées à Nerprun et asperges";"32.21B";"Fruticées à Nerprun et asperges";"5"
"9587";"22";"32.21C Buissons à Osyris";"32.21C";"Buissons à Osyris";"5"
"9588";"22";"32.21D Fourrés à Aliboufier";"32.21D";"Fourrés à Aliboufier";"5"
"9593";"22";"32.21I Brousses thermo-méditerranéennes à Genévriers";"32.21I";"Brousses thermo-méditerranéennes à Genévriers";"5"
"4044";"22";"32.22 Formations à Euphorbes";"32.22";"Formations à Euphorbes";"4"
"4045";"22";"32.23 Garrigues à Ampelodesmos mauritanica";"32.23";"Garrigues à Ampelodesmos mauritanica";"4"
"4046";"22";"32.24 Fruticée à Palmier nain";"32.24";"Fruticée à Palmier nain";"4"
"4060";"22";"32.26 Rétamaies thermoméditerranéennes";"32.26";"Rétamaies thermoméditerranéennes";"4"
"4053";"22";"32.27 Landes à ajoncs méditerranéens";"32.27";"Landes à ajoncs méditerranéens";"4"
"9610";"22";"32.274 Landes à Ulex parviflorus franco-ibériennes";"32.274";"Landes à Ulex parviflorus franco-ibériennes";"5"
"1226";"22";"32.3 Maquis silicicoles méso-méditerranéens";"32.3";"Maquis silicicoles méso-méditerranéens";"3"
"4054";"22";"32.31 Maquis hauts";"32.31";"Maquis hauts";"4"
"9607";"22";"32.311 Maquis hauts de Méditerranée occidentale";"32.311";"Maquis hauts de Méditerranée occidentale";"5"
"4074";"22";"32.32 Maquis bas à Ericacées";"32.32";"Maquis bas à Ericacées";"4"
"4075";"22";"32.33 Maquis hauts à Cistus";"32.33";"Maquis hauts à Cistus";"4"
"9661";"22";"32.334 Maquis tyrrhénéens hauts à Cistus";"32.334";"Maquis tyrrhénéens hauts à Cistus";"5"
"4076";"22";"32.34 Maquis bas à Cistes (Cistus sp. pl.)";"32.34";"Maquis bas à Cistes (Cistus sp. pl.)";"4"
"9662";"22";"32.341 Maquis à Cistus monspeliensis";"32.341";"Maquis à Cistus monspeliensis";"5"
"9663";"22";"32.342 Maquis à Cistus salviifolius";"32.342";"Maquis à Cistus salviifolius";"5"
"9635";"22";"32.343 Maquis à Cistus populifolius";"32.343";"Maquis à Cistus populifolius";"5"
"9636";"22";"32.344 Maquis à Cistus laurifolius";"32.344";"Maquis à Cistus laurifolius";"5"
"9638";"22";"32.346 Maquis à Cistus crispus";"32.346";"Maquis à Cistus crispus";"5"
"9639";"22";"32.347 Maquis à Cistus creticus";"32.347";"Maquis à Cistus creticus";"5"
"9640";"22";"32.348 Maquis à Cistus albidus";"32.348";"Maquis à Cistus albidus";"5"
"4061";"22";"32.35 Maquis bas à Cistus-Lavandula stoechas";"32.35";"Maquis bas à Cistus-Lavandula stoechas";"4"
"9641";"22";"32.351 Maquis centraux méditerranéens à lavande";"32.351";"Maquis centraux méditerranéens à lavande";"5"
"4062";"22";"32.36 Maquis bas épars";"32.36";"Maquis bas épars";"4"
"4063";"22";"32.37 Maquis dominés par des genêts";"32.37";"Maquis dominés par des genêts";"4"
"1227";"22";"32.4 Garrigues calcicoles de l'étage méso-méditerranéen occidental";"32.4";"Garrigues calcicoles de l'étage méso-méditerranéen occidental";"3"
"4069";"22";"32.41 Garrigues à chênes kermès";"32.41";"Garrigues à chênes kermès";"4"
"4070";"22";"32.42 Garrigues à romarin";"32.42";"Garrigues à romarin";"4"
"4071";"22";"32.43 Garrigues à cistes";"32.43";"Garrigues à cistes";"4"
"9651";"22";"32.431 Garrigues à Cistus albidus";"32.431";"Garrigues à Cistus albidus";"5"
"9653";"22";"32.433 Garrigues à C. monspeliensis, C. salviifolius, C. incanus";"32.433";"Garrigues à C. monspeliensis, C. salviifolius, C. incanus";"5"
"4072";"22";"32.44 Garrigues à euphorbes";"32.44";"Garrigues à euphorbes";"4"
"9654";"22";"32.441 Garrigues à euphorbe épineuse";"32.441";"Garrigues à euphorbe épineuse";"5"
"4073";"22";"32.45 Garrigues à genévrier oxycèdre";"32.45";"Garrigues à genévrier oxycèdre";"4"
"4064";"22";"32.46 Garrigues à lavande";"32.46";"Garrigues à lavande";"4"
"9646";"22";"32.461 Stations à lavande";"32.461";"Stations à lavande";"5"
"9647";"22";"32.462 Garrigues mixtes à lavande";"32.462";"Garrigues mixtes à lavande";"5"
"4065";"22";"32.47 Garrigues à thym, sauge, germandrée et autres labiées";"32.47";"Garrigues à thym, sauge, germandrée et autres labiées";"4"
"4066";"22";"32.48 Garrigues à Genista";"32.48";"Garrigues à Genista";"4"
"9648";"22";"32.481 Garrigues à Genista scorpius, G. hispanica";"32.481";"Garrigues à Genista scorpius, G. hispanica";"5"
"9649";"22";"32.482 Garrigues à Genista corsica";"32.482";"Garrigues à Genista corsica";"5"
"4067";"22";"32.49 Garrigues à Calicotome";"32.49";"Garrigues à Calicotome";"4"
"4068";"22";"32.4A Garrigues à Composées";"32.4A";"Garrigues à Composées";"4"
"9677";"22";"32.4A1 Garrigues à Helichrysum, Santolina, Phagnalon";"32.4A1";"Garrigues à Helichrysum, Santolina, Phagnalon";"5"
"9678";"22";"32.4A2 Garrigues à Artemisia";"32.4A2";"Garrigues à Artemisia";"5"
"9679";"22";"32.4A3 Garrigues à Inule visqueuse";"32.4A3";"Garrigues à Inule visqueuse";"5"
"9680";"22";"32.4A4 Garrigues à Composées moyennes à grandes";"32.4A4";"Garrigues à Composées moyennes à grandes";"5"
"4100";"22";"32.4B Garrigues à Erica";"32.4B";"Garrigues à Erica";"4"
"4101";"22";"32.4C Garrigues à Globularia";"32.4C";"Garrigues à Globularia";"4"
"4102";"22";"32.4D Garrigues à Helianthemum et Fumana";"32.4D";"Garrigues à Helianthemum et Fumana";"4"
"4103";"22";"32.4E Garrigues à grémil";"32.4E";"Garrigues à grémil";"4"
"4104";"22";"32.4F Garrigues à Thymelaea";"32.4F";"Garrigues à Thymelaea";"4"
"4105";"22";"32.4G Garrigues à Bupleurum";"32.4G";"Garrigues à Bupleurum";"4"
"4106";"22";"32.4H Garrigues à Ajonc";"32.4H";"Garrigues à Ajonc";"4"
"4107";"22";"32.4I Garrigues à Ononis fruticosa";"32.4I";"Garrigues à Ononis fruticosa";"4"
"4108";"22";"32.4J Garrigues à Anthyllis";"32.4J";"Garrigues à Anthyllis";"4"
"1233";"22";"32.5 Garrigues orientales";"32.5";"Garrigues orientales";"3"
"4078";"22";"32.58 Garrigues à épine du Christ";"32.58";"Garrigues à épine du Christ";"4"
"1230";"22";"32.6 Garrigues supra-méditerranéennes";"32.6";"Garrigues supra-méditerranéennes";"3"
"4092";"22";"32.61 Garrigues à Lavande vraie";"32.61";"Garrigues à Lavande vraie";"4"
"4093";"22";"32.62 Garrigues à Genista cinerea";"32.62";"Garrigues à Genista cinerea";"4"
"4094";"22";"32.63 Garrigues montagnardes à Thyms";"32.63";"Garrigues montagnardes à Thyms";"4"
"4095";"22";"32.64 Broussailles supra-méditerranéennes à Buis";"32.64";"Broussailles supra-méditerranéennes à Buis";"4"
"1228";"22";"32.9 Champs d'Asphodèles, de Phlomis, de Chardons, de Ferula";"32.9";"Champs d'Asphodèles, de Phlomis, de Chardons, de Ferula";"3"
"1229";"22";"32.A Champs de Spartium junceum";"32.A";"Champs de Spartium junceum";"3"
"489";"22";"33 Phryganes";"33";"Phryganes";"2"
"1237";"22";"33.1 Phryganes ouest méditerranéennes des sommets de falaises";"33.1";"Phryganes ouest méditerranéennes des sommets de falaises";"3"
"4123";"22";"33.11 Phryganes de la Provence calcaire";"33.11";"Phryganes de la Provence calcaire";"4"
"4124";"22";"33.12 Phryganes de la Provence cristalline";"33.12";"Phryganes de la Provence cristalline";"4"
"4125";"22";"33.13 Phryganes du Cap Corse";"33.13";"Phryganes du Cap Corse";"4"
"4126";"22";"33.14 Phryganes du détroit de Bonifacio";"33.14";"Phryganes du détroit de Bonifacio";"4"
"1245";"22";"33.9 Phryganes cyrno-sardes à Genista";"33.9";"Phryganes cyrno-sardes à Genista";"3"
"490";"22";"34 Pelouses calcicoles sèches et steppes";"34";"Pelouses calcicoles sèches et steppes";"2"
"1234";"22";"34.1 Pelouses pionnières médio-européennes";"34.1";"Pelouses pionnières médio-européennes";"3"
"4116";"22";"34.11 Pelouses médio-européennes sur débris rocheux";"34.11";"Pelouses médio-européennes sur débris rocheux";"4"
"9687";"22";"34.111 Pelouses à orpins";"34.111";"Pelouses à orpins";"5"
"9688";"22";"34.112 Formations à Joubarbes";"34.112";"Formations à Joubarbes";"5"
"17025";"22";"34.1121 Communautés à Sempervivum tectorum";"34.1121";"Communautés à Sempervivum tectorum";"6"
"9689";"22";"34.113 Formations herbeuses sur débris rocheux";"34.113";"Formations herbeuses sur débris rocheux";"5"
"9690";"22";"34.114 Communautés thérophytiques médio-européennes sur débris rocheux";"34.114";"Communautés thérophytiques médio-européennes sur débris rocheux";"5"
"4117";"22";"34.12 Pelouses des sables calcaires";"34.12";"Pelouses des sables calcaires";"4"
"1235";"22";"34.2 Pelouses métallifères de basse altitude";"34.2";"Pelouses métallifères de basse altitude";"3"
"4121";"22";"34.23 Pelouses métallifères d'Europe centrale";"34.23";"Pelouses métallifères d'Europe centrale";"4"
"1236";"22";"34.3 Pelouses pérennes denses et steppes médio-européennes";"34.3";"Pelouses pérennes denses et steppes médio-européennes";"3"
"4122";"22";"34.31 Pelouses steppiques sub-continentales";"34.31";"Pelouses steppiques sub-continentales";"4"
"9697";"22";"34.312 Pelouses steppiques de l'Europe centrale";"34.312";"Pelouses steppiques de l'Europe centrale";"5"
"17028";"22";"34.3121 Pelouses steppiques xérophiles de l'Europe centrale";"34.3121";"Pelouses steppiques xérophiles de l'Europe centrale";"6"
"17029";"22";"34.3122 Pelouses steppiques mésophiles de l'Europe centrale";"34.3122";"Pelouses steppiques mésophiles de l'Europe centrale";"6"
"17030";"22";"34.3123 Pelouses steppiques à brachypode penné de l'Europe centrale";"34.3123";"Pelouses steppiques à brachypode penné de l'Europe centrale";"6"
"9692";"22";"34.314 Pelouses arides des Alpes occidentales internes";"34.314";"Pelouses arides des Alpes occidentales internes";"5"
"4118";"22";"34.32 Pelouses calcaires sub-atlantiques semi-arides";"34.32";"Pelouses calcaires sub-atlantiques semi-arides";"4"
"9979";"22";"34.321 Pelouses calcicoles semi-sèches nord-occidentales";"34.321";"Pelouses calcicoles semi-sèches nord-occidentales";"5"
"9980";"22";"34.322 Pelouses semi-sèches médio-européennes à Bromus erectus";"34.322";"Pelouses semi-sèches médio-européennes à Bromus erectus";"5"
"17208";"22";"34.3221 Mesobromion mosan";"34.3221";"Mesobromion mosan";"6"
"17209";"22";"34.3222 Mesobromion de la basse Meuse";"34.3222";"Mesobromion de la basse Meuse";"6"
"17121";"22";"34.3225 Mesobromion crétacé du Bassin parisien";"34.3225";"Mesobromion crétacé du Bassin parisien";"6"
"17122";"22";"34.3226 Mesobromion parisien tertiaire";"34.3226";"Mesobromion parisien tertiaire";"6"
"17123";"22";"34.3227 Mesobromion du Bassin parisien jurassique";"34.3227";"Mesobromion du Bassin parisien jurassique";"6"
"17124";"22";"34.3228 Mesobromion du Rhin moyen";"34.3228";"Mesobromion du Rhin moyen";"6"
"17125";"22";"34.3229 Mesobromion du Rhin supérieur";"34.3229";"Mesobromion du Rhin supérieur";"6"
"17127";"22";"34.322B Mesobromion du Jura français";"34.322B";"Mesobromion du Jura français";"6"
"17130";"22";"34.322E Mesobromion des pré-Alpes nord-occidentales";"34.322E";"Mesobromion des pré-Alpes nord-occidentales";"6"
"17132";"22";"34.322G Mesobromion ligérien";"34.322G";"Mesobromion ligérien";"6"
"17136";"22";"34.322H Mesobromion aquitain";"34.322H";"Mesobromion aquitain";"6"
"17137";"22";"34.322I Mesobromion du Quercy";"34.322I";"Mesobromion du Quercy";"6"
"17138";"22";"34.322J Mesobromion des Pyrénées occidentales";"34.322J";"Mesobromion des Pyrénées occidentales";"6"
"9897";"22";"34.323 Pelouses semi-arides médio-européennes dominées par Brachypodium";"34.323";"Pelouses semi-arides médio-européennes dominées par Brachypodium";"5"
"9907";"22";"34.324 Pelouses alluviales et humides du Mesobromion";"34.324";"Pelouses alluviales et humides du Mesobromion";"5"
"9908";"22";"34.325 Pelouses semi-sèches médio-européennes dominées par Sesleria";"34.325";"Pelouses semi-sèches médio-européennes dominées par Sesleria";"5"
"9909";"22";"34.326 Mesobromion subméditerranéens";"34.326";"Mesobromion subméditerranéens";"5"
"17143";"22";"34.3261 Mesobromion pyrénéo-catalan";"34.3261";"Mesobromion pyrénéo-catalan";"6"
"17144";"22";"34.3262 Mesobromion des Corbières";"34.3262";"Mesobromion des Corbières";"6"
"17145";"22";"34.3263 Mesobromion des Causses";"34.3263";"Mesobromion des Causses";"6"
"17146";"22";"34.3264 Mesobromion provençal";"34.3264";"Mesobromion provençal";"6"
"17147";"22";"34.3265 Mesobromion des Alpes sud-occidentales";"34.3265";"Mesobromion des Alpes sud-occidentales";"6"
"4269";"22";"34.33 Prairies calcaires subatlantiques très sèches";"34.33";"Prairies calcaires subatlantiques très sèches";"4"
"9936";"22";"34.332 Pelouses médio-européennes du Xerobromion";"34.332";"Pelouses médio-européennes du Xerobromion";"5"
"17160";"22";"34.3321 Xerobromion mosan";"34.3321";"Xerobromion mosan";"6"
"17162";"22";"34.3323 Xerobromion du Bassin parisien crétacé";"34.3323";"Xerobromion du Bassin parisien crétacé";"6"
"17163";"22";"34.3324 Xerobromion du Tertiaire parisien";"34.3324";"Xerobromion du Tertiaire parisien";"6"
"17164";"22";"34.3325 Xerobromion du Bassin parisien jurassique";"34.3325";"Xerobromion du Bassin parisien jurassique";"6"
"17165";"22";"34.3326 Xerobromion du Rhin moyen";"34.3326";"Xerobromion du Rhin moyen";"6"
"17166";"22";"34.3327 Xerobromion du Rhin supérieur";"34.3327";"Xerobromion du Rhin supérieur";"6"
"17167";"22";"34.3328 Xerobromion du Jura français";"34.3328";"Xerobromion du Jura français";"6"
"17170";"22";"34.332B Xerobromion des Préalpes du nord-ouest";"34.332B";"Xerobromion des Préalpes du nord-ouest";"6"
"17172";"22";"34.332D Xerobromion ligérien";"34.332D";"Xerobromion ligérien";"6"
"17173";"22";"34.332E Xerobromion aquitanien";"34.332E";"Xerobromion aquitanien";"6"
"17174";"22";"34.332F Xerobromion du Quercy";"34.332F";"Xerobromion du Quercy";"6"
"17175";"22";"34.332G Xerobromion pyrénéen";"34.332G";"Xerobromion pyrénéen";"6"
"17176";"22";"34.332H Xerobromion des Alpes sud-occidentales";"34.332H";"Xerobromion des Alpes sud-occidentales";"6"
"4290";"22";"34.34 Pelouses calcaréo-siliceuses de l'Europe centrale";"34.34";"Pelouses calcaréo-siliceuses de l'Europe centrale";"4"
"9942";"22";"34.341 Pelouses sur rochers calcaréo-siliceux";"34.341";"Pelouses sur rochers calcaréo-siliceux";"5"
"9943";"22";"34.342 Pelouses sur sables légèrement calcaires";"34.342";"Pelouses sur sables légèrement calcaires";"5"
"4297";"22";"34.35 Pelouses à fétuque pâle";"34.35";"Pelouses à fétuque pâle";"4"
"4303";"22";"34.36 gazons à Brachypode de Phénicie";"34.36";"gazons à Brachypode de Phénicie";"4"
"1283";"22";"34.4 Lisières (ou ourlets) forestières thermophiles";"34.4";"Lisières (ou ourlets) forestières thermophiles";"3"
"4305";"22";"34.41 Lisières xéro-thermophiles";"34.41";"Lisières xéro-thermophiles";"4"
"4306";"22";"34.42 Lisières mésophiles";"34.42";"Lisières mésophiles";"4"
"1291";"22";"34.5 Pelouses méditerranéennes xériques";"34.5";"Pelouses méditerranéennes xériques";"3"
"4312";"22";"34.51 Pelouses xériques de la Méditerranée occidentale";"34.51";"Pelouses xériques de la Méditerranée occidentale";"4"
"9960";"22";"34.511 Pelouses du Brachypodietum retusi";"34.511";"Pelouses du Brachypodietum retusi";"5"
"9961";"22";"34.512 Steppe de la Crau";"34.512";"Steppe de la Crau";"5"
"9962";"22";"34.513 Communautés méditerranéennes annuelles sur sols superficiels";"34.513";"Communautés méditerranéennes annuelles sur sols superficiels";"5"
"17190";"22";"34.5131 Communautés annuelles calciphiles de l'ouest méditerranéen";"34.5131";"Communautés annuelles calciphiles de l'ouest méditerranéen";"6"
"9966";"22";"34.514 Arènes dolomitiques des Causses";"34.514";"Arènes dolomitiques des Causses";"5"
"1295";"22";"34.6 Steppes méditerranéennes à Graminées";"34.6";"Steppes méditerranéennes à Graminées";"3"
"4329";"22";"34.63 Steppes à Stipa, Ampelodesmos, Andropogon, fétuque";"34.63";"Steppes à Stipa, Ampelodesmos, Andropogon, fétuque";"4"
"9985";"22";"34.632 Steppes méditerranéennes à Stipa";"34.632";"Steppes méditerranéennes à Stipa";"5"
"9987";"22";"34.634 Steppes à Andropogon";"34.634";"Steppes à Andropogon";"5"
"1269";"22";"34.7 Pelouses méditerranéo-montagnardes";"34.7";"Pelouses méditerranéo-montagnardes";"3"
"4253";"22";"34.71 Steppes méditerranéo-montagnardes";"34.71";"Steppes méditerranéo-montagnardes";"4"
"9889";"22";"34.711 Steppes méditerranéo-montagnardes à Stipa";"34.711";"Steppes méditerranéo-montagnardes à Stipa";"5"
"17133";"22";"34.7111 Steppes à Stipa des Causses";"34.7111";"Steppes à Stipa des Causses";"6"
"17134";"22";"34.7112 Steppes à Stipa de haute-Provence";"34.7112";"Steppes à Stipa de haute-Provence";"6"
"9890";"22";"34.712 Pelouses méditerranéo-montagnardes à Sesleria";"34.712";"Pelouses méditerranéo-montagnardes à Sesleria";"5"
"9891";"22";"34.713 Steppes méditerranéo-montagnardes à Festuca-Koeleria";"34.713";"Steppes méditerranéo-montagnardes à Festuca-Koeleria";"5"
"17140";"22";"34.7131 Pelouses rases des Causses à Festuca";"34.7131";"Pelouses rases des Causses à Festuca";"6"
"17141";"22";"34.7132 Pelouses rases des Causses à Carex-Anthyllis";"34.7132";"Pelouses rases des Causses à Carex-Anthyllis";"6"
"17142";"22";"34.7133 Steppes méditerranéo-montagnardes franco-ibériennes";"34.7133";"Steppes méditerranéo-montagnardes franco-ibériennes";"6"
"9898";"22";"34.714 Steppes méditerranéo-montagnardes à Artemisia";"34.714";"Steppes méditerranéo-montagnardes à Artemisia";"5"
"4256";"22";"34.72 Steppes supra-méditerranéennes et prairies à Aphyllanthes";"34.72";"Steppes supra-méditerranéennes et prairies à Aphyllanthes";"4"
"9910";"22";"34.721 Pelouses à Aphyllanthes";"34.721";"Pelouses à Aphyllanthes";"5"
"1274";"22";"34.8 Pelouses méditerranéennes subnitrophiles";"34.8";"Pelouses méditerranéennes subnitrophiles";"3"
"4272";"22";"34.81 Groupements méditerranéens subnitrophiles de graminées";"34.81";"Groupements méditerranéens subnitrophiles de graminées";"4"
"493";"22";"35 Pelouses silicicoles sèches";"35";"Pelouses silicicoles sèches";"2"
"1276";"22";"35.1 Pelouses atlantiques à Nard raide et groupements apparentés";"35.1";"Pelouses atlantiques à Nard raide et groupements apparentés";"3"
"4285";"22";"35.11 Gazons à Nard raide";"35.11";"Gazons à Nard raide";"4"
"4286";"22";"35.12 Pelouses à Agrostis-Festuca";"35.12";"Pelouses à Agrostis-Festuca";"4"
"4291";"22";"35.13 Pelouses à canche flexueuse";"35.13";"Pelouses à canche flexueuse";"4"
"4292";"22";"35.14 Pelouses intraforestières à Calamagrostis epigejos";"35.14";"Pelouses intraforestières à Calamagrostis epigejos";"4"
"4293";"22";"35.15 Pelouses à laîche des sables";"35.15";"Pelouses à laîche des sables";"4"
"1279";"22";"35.2 Pelouses siliceuses ouvertes médio-européennes";"35.2";"Pelouses siliceuses ouvertes médio-européennes";"3"
"4294";"22";"35.21 Prairies siliceuses à annuelles naines";"35.21";"Prairies siliceuses à annuelles naines";"4"
"4298";"22";"35.22 Pelouses siliceuses ouvertes pérennes";"35.22";"Pelouses siliceuses ouvertes pérennes";"4"
"4299";"22";"35.23 Pelouses à Corynephorus";"35.23";"Pelouses à Corynephorus";"4"
"1281";"22";"35.3 Pelouses siliceuses méditerranéennes";"35.3";"Pelouses siliceuses méditerranéennes";"3"
"1284";"22";"35.4 Communautés annuelles méditerranéennes des sables profonds";"35.4";"Communautés annuelles méditerranéennes des sables profonds";"3"
"1287";"22";"35.7 Pelouses méditerranéo-montagnardes";"35.7";"Pelouses méditerranéo-montagnardes";"3"
"495";"22";"36 Pelouses alpines et subalpines";"36";"Pelouses alpines et subalpines";"2"
"1292";"22";"36.1 Communautés des combes à neige";"36.1";"Communautés des combes à neige";"3"
"4313";"22";"36.11 Communautés des combes à neige acidiphiles";"36.11";"Communautés des combes à neige acidiphiles";"4"
"9963";"22";"36.111 Communautés acidiphiles des combes à neige alpines";"36.111";"Communautés acidiphiles des combes à neige alpines";"5"
"17187";"22";"36.1111 Communautés acidiphiles des combes à neige alpines à mousses";"36.1111";"Communautés acidiphiles des combes à neige alpines à mousses";"6"
"17188";"22";"36.1112 Communautés acidiphiles des combes à neige alpines à Saule nain";"36.1112";"Communautés acidiphiles des combes à neige alpines à Saule nain";"6"
"17189";"22";"36.1113 Communautés acidiphiles de combes à neige alpines à Carex-Gnaphalium";"36.1113";"Communautés acidiphiles de combes à neige alpines à Carex-Gnaphalium";"6"
"4318";"22";"36.12 Communautés de combes à neige sur substrats calcaires";"36.12";"Communautés de combes à neige sur substrats calcaires";"4"
"9968";"22";"36.121 Communautés des combes à neige sur calcaires à Arabis-Gnaphalium";"36.121";"Communautés des combes à neige sur calcaires à Arabis-Gnaphalium";"5"
"9969";"22";"36.122 Communautés des combes à neige sur calcaires, à Saules en espaliers";"36.122";"Communautés des combes à neige sur calcaires, à Saules en espaliers";"5"
"1296";"22";"36.2 Communautés des affleurements et rochers désagrégés alpins";"36.2";"Communautés des affleurements et rochers désagrégés alpins";"3"
"1297";"22";"36.3 Pelouses acidiphiles alpines et subalpines";"36.3";"Pelouses acidiphiles alpines et subalpines";"3"
"4323";"22";"36.31 Gazons à Nard raide et groupements apparentés";"36.31";"Gazons à Nard raide et groupements apparentés";"4"
"9989";"22";"36.311 Nardaies mésophiles pyrénéo-alpines";"36.311";"Nardaies mésophiles pyrénéo-alpines";"5"
"9990";"22";"36.312 Nardaies pyrénéo-alpines hygrophiles";"36.312";"Nardaies pyrénéo-alpines hygrophiles";"5"
"9991";"22";"36.313 Pelouses pyrénéo-alpines hygrophiles à Vulpins";"36.313";"Pelouses pyrénéo-alpines hygrophiles à Vulpins";"5"
"9992";"22";"36.314 Pelouses pyrénéennes fermées à Festuca eskia";"36.314";"Pelouses pyrénéennes fermées à Festuca eskia";"5"
"9993";"22";"36.315 Pelouses pyrénéennes à Poa violacea";"36.315";"Pelouses pyrénéennes à Poa violacea";"5"
"9883";"22";"36.316 Nardaies sommitales hercyniennes";"36.316";"Nardaies sommitales hercyniennes";"5"
"17109";"22";"36.3161 Nardaies sommitales des Hautes-Chaumes";"36.3161";"Nardaies sommitales des Hautes-Chaumes";"6"
"17110";"22";"36.3162 Gazons sommitaux de la Forêt noire à Nard raide";"36.3162";"Gazons sommitaux de la Forêt noire à Nard raide";"6"
"4254";"22";"36.33 Pelouses siliceuses thermophiles subalpines";"36.33";"Pelouses siliceuses thermophiles subalpines";"4"
"9888";"22";"36.331 Pelouses à Festuca paniculata";"36.331";"Pelouses à Festuca paniculata";"5"
"17118";"22";"36.3311 Pelouses xérophiles des versants rocailleux à Festuca paniculata";"36.3311";"Pelouses xérophiles des versants rocailleux à Festuca paniculata";"6"
"17135";"22";"36.3312 Pelouses mésophiles des sols profonds à Festuca paniculata";"36.3312";"Pelouses mésophiles des sols profonds à Festuca paniculata";"6"
"9892";"22";"36.332 Pelouses en gradins à Festuca eskia";"36.332";"Pelouses en gradins à Festuca eskia";"5"
"9893";"22";"36.333 Pelouses en gradins à Festuca varia";"36.333";"Pelouses en gradins à Festuca varia";"5"
"4257";"22";"36.34 Pelouses à laîche courbée et communautés apparentées";"36.34";"Pelouses à laîche courbée et communautés apparentées";"4"
"9899";"22";"36.341 Pelouses à Carex curvula";"36.341";"Pelouses à Carex curvula";"5"
"9900";"22";"36.342 Pelouses à Festuca halleri";"36.342";"Pelouses à Festuca halleri";"5"
"9914";"22";"36.343 Pelouses à Festuca airoides";"36.343";"Pelouses à Festuca airoides";"5"
"9915";"22";"36.344 Pelouses à Festuca borderei";"36.344";"Pelouses à Festuca borderei";"5"
"9916";"22";"36.345 Pelouses à Oreochloa disticha de l'Allgau";"36.345";"Pelouses à Oreochloa disticha de l'Allgau";"5"
"4270";"22";"36.37 Pelouses des hautes montagnes corses";"36.37";"Pelouses des hautes montagnes corses";"4"
"9930";"22";"36.371 Pelouses écorchées en gradins, oro-méditerranéennes de Corse";"36.371";"Pelouses écorchées en gradins, oro-méditerranéennes de Corse";"5"
"9931";"22";"36.372 Nardaies des pozzines corses";"36.372";"Nardaies des pozzines corses";"5"
"9932";"22";"36.373 Pelouses alpines corses des adrets";"36.373";"Pelouses alpines corses des adrets";"5"
"9937";"22";"36.374 Pelouses alpines des ubacs corses";"36.374";"Pelouses alpines des ubacs corses";"5"
"1277";"22";"36.4 Pelouses calcicoles alpines et subalpines";"36.4";"Pelouses calcicoles alpines et subalpines";"3"
"4287";"22";"36.41 Pelouses à laîche ferrugineuse et communautés apparentées";"36.41";"Pelouses à laîche ferrugineuse et communautés apparentées";"4"
"9944";"22";"36.411 Pelouses mésophiles à laîche sempervirente";"36.411";"Pelouses mésophiles à laîche sempervirente";"5"
"17179";"22";"36.4111 Pelouses à laîche sempervirente des Alpes";"36.4111";"Pelouses à laîche sempervirente des Alpes";"6"
"17180";"22";"36.4112 Pelouses pyrénéennes à laîche sempervirente";"36.4112";"Pelouses pyrénéennes à laîche sempervirente";"6"
"9945";"22";"36.412 Pelouses à laîche ferrugineuse septentrionales";"36.412";"Pelouses à laîche ferrugineuse septentrionales";"5"
"9949";"22";"36.414 Pelouses à fétuque violette et communautés apparentées";"36.414";"Pelouses à fétuque violette et communautés apparentées";"5"
"17182";"22";"36.4141 Pelouses alpines à fétuque violette";"36.4141";"Pelouses alpines à fétuque violette";"6"
"17183";"22";"36.4142 Pelouses pyrénéennes à fétuque noircissante";"36.4142";"Pelouses pyrénéennes à fétuque noircissante";"6"
"9951";"22";"36.416 Pelouses sommitales du Jura";"36.416";"Pelouses sommitales du Jura";"5"
"4304";"22";"36.42 Pelouses des crêtes à Elyna";"36.42";"Pelouses des crêtes à Elyna";"4"
"9954";"22";"36.421 Pelouses alpines à Elyna";"36.421";"Pelouses alpines à Elyna";"5"
"9955";"22";"36.422 Pelouses pyrénéennes à Elyna";"36.422";"Pelouses pyrénéennes à Elyna";"5"
"4310";"22";"36.43 Pelouses en gradins et en guirlandes";"36.43";"Pelouses en gradins et en guirlandes";"4"
"9958";"22";"36.431 Versants à Seslérie et Laîches sempervirentes";"36.431";"Versants à Seslérie et Laîches sempervirentes";"5"
"17185";"22";"36.4311 Pelouses alpines à Seslérie et Laîche sempervirente";"36.4311";"Pelouses alpines à Seslérie et Laîche sempervirente";"6"
"17186";"22";"36.4312 Pelouses à Seslérie et Laîche sempervirente du Jura";"36.4312";"Pelouses à Seslérie et Laîche sempervirente du Jura";"6"
"9964";"22";"36.432 Pelouses à Avoine et Seslérie des Alpes méridionales";"36.432";"Pelouses à Avoine et Seslérie des Alpes méridionales";"5"
"9965";"22";"36.433 Tapis de laîches en coussinets";"36.433";"Tapis de laîches en coussinets";"5"
"9970";"22";"36.434 Pelouses pyrénéennes à Festuca gautieri";"36.434";"Pelouses pyrénéennes à Festuca gautieri";"5"
"4324";"22";"36.44 Communautés alpines métallifères";"36.44";"Communautés alpines métallifères";"4"
"1298";"22";"36.5 Prairies alpines et subalpines fertilisées";"36.5";"Prairies alpines et subalpines fertilisées";"3"
"4325";"22";"36.51 Prairies subalpines à Trisetum flavescens";"36.51";"Prairies subalpines à Trisetum flavescens";"4"
"4326";"22";"36.52 Pâturages à Liondent hispide";"36.52";"Pâturages à Liondent hispide";"4"
"496";"22";"37 Prairies humides et mégaphorbiaies";"37";"Prairies humides et mégaphorbiaies";"2"
"1268";"22";"37.1 Communautés à Reine des prés et communautés associées";"37.1";"Communautés à Reine des prés et communautés associées";"3"
"1270";"22";"37.2 Prairies humides eutrophes";"37.2";"Prairies humides eutrophes";"3"
"4255";"22";"37.21 Prairies humides atlantiques et subatlantiques";"37.21";"Prairies humides atlantiques et subatlantiques";"4"
"9894";"22";"37.211 Prairies humides à cirse des maraîchers";"37.211";"Prairies humides à cirse des maraîchers";"5"
"9895";"22";"37.212 Prairies humides à Trolle et Cirse des ruisseaux";"37.212";"Prairies humides à Trolle et Cirse des ruisseaux";"5"
"9896";"22";"37.213 Prairies à Canche cespiteuse";"37.213";"Prairies à Canche cespiteuse";"5"
"9901";"22";"37.214 Prairies à Séneçon aquatique";"37.214";"Prairies à Séneçon aquatique";"5"
"9902";"22";"37.215 Prairies à Renouée bistorte";"37.215";"Prairies à Renouée bistorte";"5"
"9903";"22";"37.216 Prairies à Jonc filiforme";"37.216";"Prairies à Jonc filiforme";"5"
"9904";"22";"37.217 Prairies à Jonc diffus";"37.217";"Prairies à Jonc diffus";"5"
"9905";"22";"37.218 Prairies à Jonc subnoduleux";"37.218";"Prairies à Jonc subnoduleux";"5"
"9906";"22";"37.219 Prairies à Scirpe des bois";"37.219";"Prairies à Scirpe des bois";"5"
"4258";"22";"37.22 Prairies à Jonc acutiflore";"37.22";"Prairies à Jonc acutiflore";"4"
"4262";"22";"37.23 Prairies subcontinentales à Cnidium";"37.23";"Prairies subcontinentales à Cnidium";"4"
"4295";"22";"37.24 Prairies à Agropyre et Rumex";"37.24";"Prairies à Agropyre et Rumex";"4"
"9947";"22";"37.241 Pâtures à grand jonc";"37.241";"Pâtures à grand jonc";"5"
"9948";"22";"37.242 Pelouses à Agrostide stolonifère et Fétuque faux roseau";"37.242";"Pelouses à Agrostide stolonifère et Fétuque faux roseau";"5"
"4296";"22";"37.25 Prairies humides de transition à hautes herbes";"37.25";"Prairies humides de transition à hautes herbes";"4"
"1280";"22";"37.3 Prairies humides oligotrophes";"37.3";"Prairies humides oligotrophes";"3"
"4311";"22";"37.31 Prairies à Molinie et communautés associées";"37.31";"Prairies à Molinie et communautés associées";"4"
"9959";"22";"37.311 Prairies à Molinie sur calcaires";"37.311";"Prairies à Molinie sur calcaires";"5"
"9922";"22";"37.312 Prairies à Molinie acidiphiles";"37.312";"Prairies à Molinie acidiphiles";"5"
"4263";"22";"37.32 Prairies à Jonc rude et pelouses humides à Nard";"37.32";"Prairies à Jonc rude et pelouses humides à Nard";"4"
"1288";"22";"37.4 Prairies humides méditerranéennes à grandes herbes";"37.4";"Prairies humides méditerranéennes à grandes herbes";"3"
"1289";"22";"37.5 Prairies humides méditerranéennes rases";"37.5";"Prairies humides méditerranéennes rases";"3"
"1294";"22";"37.7 Lisières humides à grandes herbes";"37.7";"Lisières humides à grandes herbes";"3"
"4321";"22";"37.71 Voiles des cours d'eau";"37.71";"Voiles des cours d'eau";"4"
"9973";"22";"37.711 Communautés fluviales à Angelica archangelica";"37.711";"Communautés fluviales à Angelica archangelica";"5"
"9974";"22";"37.712 Communautés fluviales à Angelica heterocarpa";"37.712";"Communautés fluviales à Angelica heterocarpa";"5"
"9975";"22";"37.713 Ourlets à Althaea officinalis";"37.713";"Ourlets à Althaea officinalis";"5"
"9933";"22";"37.714 Communautés riveraines à Pétasites";"37.714";"Communautés riveraines à Pétasites";"5"
"9934";"22";"37.715 Ourlets riverains mixtes";"37.715";"Ourlets riverains mixtes";"5"
"4271";"22";"37.72 Franges des bords boisés ombragés";"37.72";"Franges des bords boisés ombragés";"4"
"1275";"22";"37.8 Mégaphorbiaies alpines et subalpines";"37.8";"Mégaphorbiaies alpines et subalpines";"3"
"4277";"22";"37.81 Mégaphorbiaies des montagnes hercyniennes, du Jura et des Alpes";"37.81";"Mégaphorbiaies des montagnes hercyniennes, du Jura et des Alpes";"4"
"4278";"22";"37.82 Prairies subalpines à Calamagrostis arundinacea";"37.82";"Prairies subalpines à Calamagrostis arundinacea";"4"
"4279";"22";"37.83 Mégaphorbiaies pyrénéo-ibériques";"37.83";"Mégaphorbiaies pyrénéo-ibériques";"4"
"4281";"22";"37.85 Mégaphorbiaies corses à Cymbalaria";"37.85";"Mégaphorbiaies corses à Cymbalaria";"4"
"4282";"22";"37.86 Mégaphorbiaies corses à Doronicum";"37.86";"Mégaphorbiaies corses à Doronicum";"4"
"4284";"22";"37.88 Communautés alpines à Patience alpine";"37.88";"Communautés alpines à Patience alpine";"4"
"494";"22";"38 Prairies mésophiles";"38";"Prairies mésophiles";"2"
"1282";"22";"38.1 Pâtures mésophiles";"38.1";"Pâtures mésophiles";"3"
"4300";"22";"38.11 Pâturages continus";"38.11";"Pâturages continus";"4"
"9952";"22";"38.111 Pâturages à Ray-grass";"38.111";"Pâturages à Ray-grass";"5"
"9953";"22";"38.112 Pâturages à Cynosurus-Centaurea";"38.112";"Pâturages à Cynosurus-Centaurea";"5"
"4301";"22";"38.12 Pâturages interrompus par des fossés";"38.12";"Pâturages interrompus par des fossés";"4"
"4302";"22";"38.13 Pâturages abandonnés";"38.13";"Pâturages abandonnés";"4"
"1293";"22";"38.2 Prairies de fauche de basse altitude";"38.2";"Prairies de fauche de basse altitude";"3"
"4314";"22";"38.21 Prairies de fauche atlantiques";"38.21";"Prairies de fauche atlantiques";"4"
"4315";"22";"38.22 Prairies de fauche des plaines médio-européennes";"38.22";"Prairies de fauche des plaines médio-européennes";"4"
"4316";"22";"38.23 Prairies de fauche submontagnardes médio-européennes";"38.23";"Prairies de fauche submontagnardes médio-européennes";"4"
"1271";"22";"38.3 Prairies de fauche de montagne";"38.3";"Prairies de fauche de montagne";"3"
"68";"22";"4 Forêts";"4";"Forêts";"1"
"492";"22";"41 Forêts caducifoliées";"41";"Forêts caducifoliées";"2"
"1278";"22";"41.1 Hêtraies";"41.1";"Hêtraies";"3"
"4288";"22";"41.11 Hêtraies acidiphiles médio-européennes à Luzule blanchâtre du Luzulo-Fagenion";"41.11";"Hêtraies acidiphiles médio-européennes à Luzule blanchâtre du Luzulo-Fagenion";"4"
"9940";"22";"41.111 Hêtraies collinéennes à Luzule";"41.111";"Hêtraies collinéennes à Luzule";"5"
"9941";"22";"41.112 Hêtraies montagnardes à Luzule";"41.112";"Hêtraies montagnardes à Luzule";"5"
"17178";"22";"41.1122 Hêtraies montagnardes semi-naturelles à Luzule françaises";"41.1122";"Hêtraies montagnardes semi-naturelles à Luzule françaises";"6"
"4289";"22";"41.12 Hêtraies atlantiques acidiphiles";"41.12";"Hêtraies atlantiques acidiphiles";"4"
"9874";"22";"41.121 Hêtraies acidiphiles de la mer du Nord";"41.121";"Hêtraies acidiphiles de la mer du Nord";"5"
"9875";"22";"41.122 Hêtraies acidiphiles sub-atlantiques";"41.122";"Hêtraies acidiphiles sub-atlantiques";"5"
"9876";"22";"41.123 Hêtraies acidiphiles armoricaines";"41.123";"Hêtraies acidiphiles armoricaines";"5"
"9877";"22";"41.124 Hêtraies acidiphiles pyrénéo-cantabriques";"41.124";"Hêtraies acidiphiles pyrénéo-cantabriques";"5"
"4144";"22";"41.13 Hêtraies neutrophiles";"41.13";"Hêtraies neutrophiles";"4"
"9717";"22";"41.131 Hêtraies à Mélique";"41.131";"Hêtraies à Mélique";"5"
"17036";"22";"41.1311 Hêtraies calciclines à Mélique";"41.1311";"Hêtraies calciclines à Mélique";"6"
"17038";"22";"41.1312 Hêtraies neutroclines à Mélique";"41.1312";"Hêtraies neutroclines à Mélique";"6"
"9729";"22";"41.132 Hêtraies à Jacinthe des bois";"41.132";"Hêtraies à Jacinthe des bois";"5"
"17039";"22";"41.1321 Hêtraies calciclines à Jacinthe des bois";"41.1321";"Hêtraies calciclines à Jacinthe des bois";"6"
"17040";"22";"41.1322 Hêtraies neutroclines à Jacinthe des bois";"41.1322";"Hêtraies neutroclines à Jacinthe des bois";"6"
"9730";"22";"41.133 Hêtraies à Dentaires";"41.133";"Hêtraies à Dentaires";"5"
"4160";"22";"41.14 Hêtraies neutrophiles pyrénéo-cantabriques";"41.14";"Hêtraies neutrophiles pyrénéo-cantabriques";"4"
"9739";"22";"41.141 Hêtraies pyrénéennes hygrophiles";"41.141";"Hêtraies pyrénéennes hygrophiles";"5"
"9740";"22";"41.142 Hêtraies pyrénéennes mésophiles";"41.142";"Hêtraies pyrénéennes mésophiles";"5"
"9741";"22";"41.143 Hêtraies oro-cantabriques sub-humides";"41.143";"Hêtraies oro-cantabriques sub-humides";"5"
"9759";"22";"41.144 Hêtraies-sapinières humides du Massif central";"41.144";"Hêtraies-sapinières humides du Massif central";"5"
"4165";"22";"41.15 Hêtraies subalpines";"41.15";"Hêtraies subalpines";"4"
"4166";"22";"41.16 Hêtraies sur calcaire";"41.16";"Hêtraies sur calcaire";"4"
"9751";"22";"41.161 Hêtraie à laîches";"41.161";"Hêtraie à laîches";"5"
"4175";"22";"41.17 Hêtraies médio-européennes méridionales";"41.17";"Hêtraies médio-européennes méridionales";"4"
"9761";"22";"41.171 Hêtraies acidiphiles des Alpes méridionales et des Apennins";"41.171";"Hêtraies acidiphiles des Alpes méridionales et des Apennins";"5"
"9768";"22";"41.172 Hêtraies acidiphiles des Pyrénées orientales et des Cévennes";"41.172";"Hêtraies acidiphiles des Pyrénées orientales et des Cévennes";"5"
"9769";"22";"41.173 Hêtraies corses";"41.173";"Hêtraies corses";"5"
"9770";"22";"41.174 Hêtraies neutrophiles des Alpes méridionales et des Apennins";"41.174";"Hêtraies neutrophiles des Alpes méridionales et des Apennins";"5"
"17055";"22";"41.1741 Hêtraies neutrophiles des Alpes sud-occidentales";"41.1741";"Hêtraies neutrophiles des Alpes sud-occidentales";"6"
"17056";"22";"41.1742 Hêtraies neutrophiles des Alpes maritimes";"41.1742";"Hêtraies neutrophiles des Alpes maritimes";"6"
"9771";"22";"41.175 Hêtraies calcicoles sub-méditerranéennes";"41.175";"Hêtraies calcicoles sub-méditerranéennes";"5"
"17061";"22";"41.1751 Hêtraies à Buis";"41.1751";"Hêtraies à Buis";"6"
"17062";"22";"41.1752 Hêtraies à Androsace";"41.1752";"Hêtraies à Androsace";"6"
"17063";"22";"41.1753 Hêtraies à Lavande";"41.1753";"Hêtraies à Lavande";"6"
"17064";"22";"41.1754 Hêtraies de la Sainte-Baume";"41.1754";"Hêtraies de la Sainte-Baume";"6"
"1261";"22";"41.2 Chênaies-charmaies";"41.2";"Chênaies-charmaies";"3"
"4196";"22";"41.21 Chênaies atlantiques mixtes à Jacinthes des bois";"41.21";"Chênaies atlantiques mixtes à Jacinthes des bois";"4"
"4205";"22";"41.22 Frênaies-chênaies et chênaies-charmaies aquitaniennes";"41.22";"Frênaies-chênaies et chênaies-charmaies aquitaniennes";"4"
"4206";"22";"41.23 Frênaies-chênaies sub-atlantiques à primevère";"41.23";"Frênaies-chênaies sub-atlantiques à primevère";"4"
"9807";"22";"41.231 Frênaies-chênaies à Arum";"41.231";"Frênaies-chênaies à Arum";"5"
"9808";"22";"41.232 Frênaies-chênaies à Corydale";"41.232";"Frênaies-chênaies à Corydale";"5"
"9809";"22";"41.233 Frênaies-chênaies à Ail";"41.233";"Frênaies-chênaies à Ail";"5"
"4207";"22";"41.24 Chênaies-charmaies à Stellaire sub-atlantiques";"41.24";"Chênaies-charmaies à Stellaire sub-atlantiques";"4"
"9825";"22";"41.241 Chênaies-charmaies du Nord-Ouest";"41.241";"Chênaies-charmaies du Nord-Ouest";"5"
"9826";"22";"41.242 Chênaies-charmaies de Lorraine sur marnes";"41.242";"Chênaies-charmaies de Lorraine sur marnes";"5"
"9827";"22";"41.243 Chênaies-charmaies collinéennes du Bourgogne";"41.243";"Chênaies-charmaies collinéennes du Bourgogne";"5"
"9828";"22";"41.244 Chênaies-charmaies des plaines du Bourgogne";"41.244";"Chênaies-charmaies des plaines du Bourgogne";"5"
"4216";"22";"41.25 Chênaies-charmaies faméniennes";"41.25";"Chênaies-charmaies faméniennes";"4"
"4217";"22";"41.26 Chênaies-charmaies orientales";"41.26";"Chênaies-charmaies orientales";"4"
"9837";"22";"41.261 Chênaies-charmaies à Gaillet des bois";"41.261";"Chênaies-charmaies à Gaillet des bois";"5"
"4224";"22";"41.27 Chênaies-charmaies et frênaies-charmaies calciphiles";"41.27";"Chênaies-charmaies et frênaies-charmaies calciphiles";"4"
"9839";"22";"41.271 Chênaies-charmaies xérophiles sur calcaire";"41.271";"Chênaies-charmaies xérophiles sur calcaire";"5"
"9848";"22";"41.272 Chênaies-charmaies xérophiles sur schistes";"41.272";"Chênaies-charmaies xérophiles sur schistes";"5"
"9849";"22";"41.273 Chênaies-charmaies calciphiles";"41.273";"Chênaies-charmaies calciphiles";"5"
"4228";"22";"41.28 Chênaies-charmaies sud-alpines";"41.28";"Chênaies-charmaies sud-alpines";"4"
"4234";"22";"41.29 Chênaies-frênaies pyrénéo-cantabriques";"41.29";"Chênaies-frênaies pyrénéo-cantabriques";"4"
"1266";"22";"41.3 Frênaies";"41.3";"Frênaies";"3"
"4242";"22";"41.33 Forêt de frênes pyrénéo-cantabriques";"41.33";"Forêt de frênes pyrénéo-cantabriques";"4"
"4244";"22";"41.35 Frênaies mixtes atlantiques à jacinthe";"41.35";"Frênaies mixtes atlantiques à jacinthe";"4"
"4245";"22";"41.36 Frênaies d'Aquitaine";"41.36";"Frênaies d'Aquitaine";"4"
"4246";"22";"41.37 Frênaies sub-atlantiques";"41.37";"Frênaies sub-atlantiques";"4"
"4145";"22";"41.38 Frênaies calciphiles lutétiennes";"41.38";"Frênaies calciphiles lutétiennes";"4"
"4146";"22";"41.39 Bois de frênes post-culturaux";"41.39";"Bois de frênes post-culturaux";"4"
"1248";"22";"41.4 Forêts mixtes de pentes et ravins";"41.4";"Forêts mixtes de pentes et ravins";"3"
"4147";"22";"41.41 Forêts de ravin à Frêne et Sycomore";"41.41";"Forêts de ravin à Frêne et Sycomore";"4"
"4155";"22";"41.42 Forêts de pente hercyniennes";"41.42";"Forêts de pente hercyniennes";"4"
"4156";"22";"41.43 Forêts de pente alpiennes et péri-alpiennes";"41.43";"Forêts de pente alpiennes et péri-alpiennes";"4"
"4157";"22";"41.44 Forêts mixtes pyrénéo-cantabriques de Chênes et d'Ormes";"41.44";"Forêts mixtes pyrénéo-cantabriques de Chênes et d'Ormes";"4"
"4161";"22";"41.45 Forêts thermophiles alpiennes et péri-alpiennes mixtes de Tilleuls";"41.45";"Forêts thermophiles alpiennes et péri-alpiennes mixtes de Tilleuls";"4"
"1252";"22";"41.5 Chênaies acidiphiles";"41.5";"Chênaies acidiphiles";"3"
"4167";"22";"41.51 Bois de Chênes pédonculés et de Bouleaux";"41.51";"Bois de Chênes pédonculés et de Bouleaux";"4"
"4168";"22";"41.52 Chênaies acidiphiles atlantiques à Hêtres";"41.52";"Chênaies acidiphiles atlantiques à Hêtres";"4"
"9762";"22";"41.521 Forêts de Chênes sessiles du nord-ouest";"41.521";"Forêts de Chênes sessiles du nord-ouest";"5"
"9763";"22";"41.522 Forêts armoricaine de Chênes sessiles";"41.522";"Forêts armoricaine de Chênes sessiles";"5"
"9764";"22";"41.523 Forêts sur dune";"41.523";"Forêts sur dune";"5"
"4176";"22";"41.53 Forêts de Chênes sessiles britanniques et irlandaises";"41.53";"Forêts de Chênes sessiles britanniques et irlandaises";"4"
"4183";"22";"41.54 Chênaies aquitano-ligériennes sur podzols";"41.54";"Chênaies aquitano-ligériennes sur podzols";"4"
"4188";"22";"41.55 Chênaies aquitano-ligériennes sur sols lessivés ou acides";"41.55";"Chênaies aquitano-ligériennes sur sols lessivés ou acides";"4"
"4189";"22";"41.56 Chênaies acidiphiles ibéro-atlantiques";"41.56";"Chênaies acidiphiles ibéro-atlantiques";"4"
"9791";"22";"41.561 Chênaies acidiphiles pyrénéennes";"41.561";"Chênaies acidiphiles pyrénéennes";"5"
"17070";"22";"41.5611 Chênaies acidiphiles pyrénéennes mésophiles";"41.5611";"Chênaies acidiphiles pyrénéennes mésophiles";"6"
"17071";"22";"41.5612 Chênaies acidiphiles pyrénéennes hygrophiles";"41.5612";"Chênaies acidiphiles pyrénéennes hygrophiles";"6"
"4197";"22";"41.57 Chênaies acidiphiles médio-européennes";"41.57";"Chênaies acidiphiles médio-européennes";"4"
"9802";"22";"41.571 Chênaies à Luzule des bois";"41.571";"Chênaies à Luzule des bois";"5"
"9803";"22";"41.572 Chênaies acidiphiles xéro-thermophiles";"41.572";"Chênaies acidiphiles xéro-thermophiles";"5"
"1262";"22";"41.6 Forêts de Chêne tauzin";"41.6";"Forêts de Chêne tauzin";"3"
"4221";"22";"41.65 Forêts françaises de Quercus pyrenaica";"41.65";"Forêts françaises de Quercus pyrenaica";"4"
"1265";"22";"41.7 Chênaies thermophiles et supra-méditerranéennes";"41.7";"Chênaies thermophiles et supra-méditerranéennes";"3"
"4229";"22";"41.71 Chênaies blanches occidentales et communautés apparentées";"41.71";"Chênaies blanches occidentales et communautés apparentées";"4"
"9850";"22";"41.711 Bois occidentaux de Quercus pubescens";"41.711";"Bois occidentaux de Quercus pubescens";"5"
"9851";"22";"41.712 Bois sub-méditerranéens de Quercus petraea-Q. robur";"41.712";"Bois sub-méditerranéens de Quercus petraea-Q. robur";"5"
"9852";"22";"41.713 Bois de Quercus palensis";"41.713";"Bois de Quercus palensis";"5"
"9859";"22";"41.714 Bois de Chênes blancs eu-méditerranéens";"41.714";"Bois de Chênes blancs eu-méditerranéens";"5"
"4235";"22";"41.72 Chênaies pubescentes cyrno-sardes";"41.72";"Chênaies pubescentes cyrno-sardes";"4"
"4236";"22";"41.73 Chênaies pubescentes orientales";"41.73";"Chênaies pubescentes orientales";"4"
"9860";"22";"41.731 Chênaies pubescentes d'Italie septentrionale";"41.731";"Chênaies pubescentes d'Italie septentrionale";"5"
"1247";"22";"41.8 Forêts de Charmes houblon, de Charmes orientaux et thermophiles mixtes";"41.8";"Forêts de Charmes houblon, de Charmes orientaux et thermophiles mixtes";"3"
"4143";"22";"41.81 Bois de Charmes houblon";"41.81";"Bois de Charmes houblon";"4"
"9716";"22";"41.811 Bois de Charmes houblon méso-méditerranéens";"41.811";"Bois de Charmes houblon méso-méditerranéens";"5"
"9724";"22";"41.812 Bois de Charmes houblon supra-méditerranéens";"41.812";"Bois de Charmes houblon supra-méditerranéens";"5"
"9718";"22";"41.813 Bois de Charmes houblon montagnards";"41.813";"Bois de Charmes houblon montagnards";"5"
"4150";"22";"41.84 Bois de Tilleuls méditerranéens";"41.84";"Bois de Tilleuls méditerranéens";"4"
"4151";"22";"41.85 Micocoulaies";"41.85";"Micocoulaies";"4"
"4152";"22";"41.86 Bois de Frênes thermophiles";"41.86";"Bois de Frênes thermophiles";"4"
"1249";"22";"41.9 Bois de Châtaigniers";"41.9";"Bois de Châtaigniers";"3"
"1250";"22";"41.A Bois de Charmes";"41.A";"Bois de Charmes";"3"
"1251";"22";"41.B Bois de Bouleaux";"41.B";"Bois de Bouleaux";"3"
"4159";"22";"41.B1 Bois de bouleaux de plaine et colline";"41.B1";"Bois de bouleaux de plaine et colline";"4"
"9737";"22";"41.B11 Bois de Bouleaux humides";"41.B11";"Bois de Bouleaux humides";"5"
"17041";"22";"41.B111 Bois de Bouleaux humides septentrionaux";"41.B111";"Bois de Bouleaux humides septentrionaux";"6"
"17042";"22";"41.B112 Bois de Bouleaux humides aquitano-ligériens";"41.B112";"Bois de Bouleaux humides aquitano-ligériens";"6"
"9738";"22";"41.B12 Bois de Bouleaux secs acidiphiles médio-européens";"41.B12";"Bois de Bouleaux secs acidiphiles médio-européens";"5"
"9747";"22";"41.B16 Bois de Bouleaux de dunes";"41.B16";"Bois de Bouleaux de dunes";"5"
"4164";"22";"41.B3 Bois de Bouleaux montagnards et subalpins";"41.B3";"Bois de Bouleaux montagnards et subalpins";"4"
"9748";"22";"41.B31 Bois de Bouleaux en limite forestière dans les Alpes";"41.B31";"Bois de Bouleaux en limite forestière dans les Alpes";"5"
"9749";"22";"41.B32 Massifs forestiers de Bouleaux";"41.B32";"Massifs forestiers de Bouleaux";"5"
"9750";"22";"41.B33 Bois de Bouleaux pyrénéens";"41.B33";"Bois de Bouleaux pyrénéens";"5"
"4170";"22";"41.B4 Bois de Bouleaux corses";"41.B4";"Bois de Bouleaux corses";"4"
"1253";"22";"41.C Aulnaies";"41.C";"Aulnaies";"3"
"4173";"22";"41.C1 Bois d' Alnus cordata";"41.C1";"Bois d' Alnus cordata";"4"
"4174";"22";"41.C2 Bois d'Alnus glutinosa";"41.C2";"Bois d'Alnus glutinosa";"4"
"1255";"22";"41.D Bois de Trembles";"41.D";"Bois de Trembles";"3"
"4178";"22";"41.D1 Bois de Trembles intra-alpins";"41.D1";"Bois de Trembles intra-alpins";"4"
"4179";"22";"41.D2 Bois de Trembles de plaine";"41.D2";"Bois de Trembles de plaine";"4"
"4180";"22";"41.D3 Stations de Trembles montagnardes";"41.D3";"Stations de Trembles montagnardes";"4"
"4181";"22";"41.D4 Stations de Trembles supra-méditerranéennes";"41.D4";"Stations de Trembles supra-méditerranéennes";"4"
"1256";"22";"41.E Bois de Sorbiers sauvages";"41.E";"Bois de Sorbiers sauvages";"3"
"1257";"22";"41.F Bois d'Ormes";"41.F";"Bois d'Ormes";"3"
"4182";"22";"41.F1 Bois d'Ormes à petites feuilles";"41.F1";"Bois d'Ormes à petites feuilles";"4"
"9767";"22";"41.F11 Bois d'Ormes à Violette odorante";"41.F11";"Bois d'Ormes à Violette odorante";"5"
"9776";"22";"41.F12 Bois d'Ormes thermo-atlantiques";"41.F12";"Bois d'Ormes thermo-atlantiques";"5"
"4185";"22";"41.F2 Bois d'Ormes blancs et d'Ormes diffus";"41.F2";"Bois d'Ormes blancs et d'Ormes diffus";"4"
"1258";"22";"41.G Bois de Tilleuls";"41.G";"Bois de Tilleuls";"3"
"1259";"22";"41.H Autres bois caducifoliés";"41.H";"Autres bois caducifoliés";"3"
"491";"22";"42 Forêts de conifères";"42";"Forêts de conifères";"2"
"1260";"22";"42.1 Sapinières";"42.1";"Sapinières";"3"
"4186";"22";"42.11 Sapinières neutrophiles";"42.11";"Sapinières neutrophiles";"4"
"9778";"22";"42.111 Sapinières neutrophiles intra-alpines";"42.111";"Sapinières neutrophiles intra-alpines";"5"
"17067";"22";"42.1111 Sapinières à Oxalis";"42.1111";"Sapinières à Oxalis";"6"
"17068";"22";"42.1112 Sapinières à hautes herbes";"42.1112";"Sapinières à hautes herbes";"6"
"17069";"22";"42.1113 Sapinières à Trochiscanthes";"42.1113";"Sapinières à Trochiscanthes";"6"
"9786";"22";"42.112 Sapinières neutrophiles de la zone du Hêtre";"42.112";"Sapinières neutrophiles de la zone du Hêtre";"5"
"9787";"22";"42.113 Sapinières intra-pyrénéennes";"42.113";"Sapinières intra-pyrénéennes";"5"
"4191";"22";"42.12 Sapinières calciphiles";"42.12";"Sapinières calciphiles";"4"
"9795";"22";"42.121 Sapinières calcicoles intra-alpines";"42.121";"Sapinières calcicoles intra-alpines";"5"
"9796";"22";"42.122 Sapinières calcicoles de la zone du Hêtre";"42.122";"Sapinières calcicoles de la zone du Hêtre";"5"
"4195";"22";"42.13 Sapinières acidiphiles";"42.13";"Sapinières acidiphiles";"4"
"9798";"22";"42.131 Sapinières acidiphiles intra-alpines";"42.131";"Sapinières acidiphiles intra-alpines";"5"
"9799";"22";"42.132 Sapinières acidiphiles de la zone du Hêtre";"42.132";"Sapinières acidiphiles de la zone du Hêtre";"5"
"9800";"22";"42.133 Sapinières à Rhododendron";"42.133";"Sapinières à Rhododendron";"5"
"17085";"22";"42.1331 Sapinières pyrénéennes à Rhododendron";"42.1331";"Sapinières pyrénéennes à Rhododendron";"6"
"17086";"22";"42.1332 Sapinières alpiennes à Rhododendron";"42.1332";"Sapinières alpiennes à Rhododendron";"6"
"17087";"22";"42.1333 Sapinières à Rhododendron sur rocailles";"42.1333";"Sapinières à Rhododendron sur rocailles";"6"
"4199";"22";"42.14 Sapinières corses";"42.14";"Sapinières corses";"4"
"4214";"22";"42.1B Reboisement en Sapins";"42.1B";"Reboisement en Sapins";"4"
"9819";"22";"42.1B1 Reboisement en Abies alba";"42.1B1";"Reboisement en Abies alba";"5"
"9821";"22";"42.1B3 Reboisement en Abies cephalonica";"42.1B3";"Reboisement en Abies cephalonica";"5"
"1264";"22";"42.2 Pessières";"42.2";"Pessières";"3"
"4215";"22";"42.21 Pessières sub-alpines des Alpes";"42.21";"Pessières sub-alpines des Alpes";"4"
"9824";"22";"42.211 Pessières à Airelle";"42.211";"Pessières à Airelle";"5"
"9833";"22";"42.212 Pessières subalpines à hautes herbes";"42.212";"Pessières subalpines à hautes herbes";"5"
"17098";"22";"42.2121 Pessières subalpines calcicoles à hautes herbes";"42.2121";"Pessières subalpines calcicoles à hautes herbes";"6"
"17099";"22";"42.2122 Pessières subalpines silicicoles à hautes herbes";"42.2122";"Pessières subalpines silicicoles à hautes herbes";"6"
"9834";"22";"42.213 Pessières subalpines à sphaignes";"42.213";"Pessières subalpines à sphaignes";"5"
"9835";"22";"42.214 Pessières subalpines xérophiles";"42.214";"Pessières subalpines xérophiles";"5"
"9836";"22";"42.215 Pessières de stations froides";"42.215";"Pessières de stations froides";"5"
"4223";"22";"42.22 Pessières montagnardes des Alpes internes";"42.22";"Pessières montagnardes des Alpes internes";"4"
"9841";"22";"42.221 Pessières montagnardes intra-alpines acidiphiles";"42.221";"Pessières montagnardes intra-alpines acidiphiles";"5"
"9842";"22";"42.222 Pessières montagnardes intra-alpines calciphiles";"42.222";"Pessières montagnardes intra-alpines calciphiles";"5"
"9843";"22";"42.223 Pessières montagnardes intra-alpines xérophiles";"42.223";"Pessières montagnardes intra-alpines xérophiles";"5"
"9844";"22";"42.224 Pessières montagnardes intra-alpines à hautes herbes";"42.224";"Pessières montagnardes intra-alpines à hautes herbes";"5"
"9845";"22";"42.225 Pessières montagnardes intra-alpines à Sphaignes";"42.225";"Pessières montagnardes intra-alpines à Sphaignes";"5"
"4232";"22";"42.25 Pessières extrazonales";"42.25";"Pessières extrazonales";"4"
"9855";"22";"42.251 Pessières subalpines du Jura";"42.251";"Pessières subalpines du Jura";"5"
"9857";"22";"42.253 Pessières montagnardes à déterminisme édaphique";"42.253";"Pessières montagnardes à déterminisme édaphique";"5"
"9858";"22";"42.254 Pessières de la zone montagnarde du Hêtre";"42.254";"Pessières de la zone montagnarde du Hêtre";"5"
"4233";"22";"42.26 Reboisement d'Epicéas";"42.26";"Reboisement d'Epicéas";"4"
"1267";"22";"42.3 Forêts de Mélèzes et d'Arolles";"42.3";"Forêts de Mélèzes et d'Arolles";"3"
"4169";"22";"42.33 Forêts occidentales de Mélèzes, de Pins de montagne et d'Arolles";"42.33";"Forêts occidentales de Mélèzes, de Pins de montagne et d'Arolles";"4"
"9752";"22";"42.331 Forêts occidentales de Mélèzes et de Mélèzes et de Pins de montagne";"42.331";"Forêts occidentales de Mélèzes et de Mélèzes et de Pins de montagne";"5"
"17049";"22";"42.3311 Forêts occidentales de Mélèzes et de Mélèzes et de Pins de montagne sur landes";"42.3311";"Forêts occidentales de Mélèzes et de Mélèzes et de Pins de montagne sur landes";"6"
"17050";"22";"42.3312 Forêts occidentales de Mélèzes et de Mélèzes et de Pins de montagne sur prairies";"42.3312";"Forêts occidentales de Mélèzes et de Mélèzes et de Pins de montagne sur prairies";"6"
"17051";"22";"42.3313 Forêts occidentales de Mélèzes et de Mélèzes et de Pins de montagne sur hautes herbes";"42.3313";"Forêts occidentales de Mélèzes et de Mélèzes et de Pins de montagne sur hautes herbes";"6"
"9753";"22";"42.332 Forêts occidentales d'Arolles";"42.332";"Forêts occidentales d'Arolles";"5"
"17052";"22";"42.3321 Forêts occidentales d'Arolles sur silice";"42.3321";"Forêts occidentales d'Arolles sur silice";"6"
"17053";"22";"42.3322 Forêts occidentales d'Arolles à Genévriers nains";"42.3322";"Forêts occidentales d'Arolles à Genévriers nains";"6"
"17054";"22";"42.3323 Forêts occidentales calcicoles d'Arolles";"42.3323";"Forêts occidentales calcicoles d'Arolles";"6"
"4177";"22";"42.34 Formations secondaire de Mélèzes";"42.34";"Formations secondaire de Mélèzes";"4"
"1254";"22";"42.4 Forêts de Pins de montagne";"42.4";"Forêts de Pins de montagne";"3"
"4184";"22";"42.41 Forêts de Pins de montagne à Rhododendron ferrugineux";"42.41";"Forêts de Pins de montagne à Rhododendron ferrugineux";"4"
"9774";"22";"42.411 Forêts de Pins de montagne à Rhododendron des Alpes externes";"42.411";"Forêts de Pins de montagne à Rhododendron des Alpes externes";"5"
"9775";"22";"42.412 Forêts de Pins de montagne à Rhododendron du Jura";"42.412";"Forêts de Pins de montagne à Rhododendron du Jura";"5"
"9784";"22";"42.413 Forêts pyrénéennes de Pins de montagne à Rhododendron";"42.413";"Forêts pyrénéennes de Pins de montagne à Rhododendron";"5"
"4190";"22";"42.42 Forêts de Pins de montagne xéroclines";"42.42";"Forêts de Pins de montagne xéroclines";"4"
"9785";"22";"42.421 Forêts de Pins de montagne des Alpes internes";"42.421";"Forêts de Pins de montagne des Alpes internes";"5"
"17065";"22";"42.4211 Forêts de Pins de montagne à laîche humble";"42.4211";"Forêts de Pins de montagne à laîche humble";"6"
"17066";"22";"42.4212 Forêts de Pins de montagne à Erica herbacea";"42.4212";"Forêts de Pins de montagne à Erica herbacea";"6"
"17077";"22";"42.4213 Forêts de Pins de montagne à Silène rupestre";"42.4213";"Forêts de Pins de montagne à Silène rupestre";"6"
"17078";"22";"42.4214 Forêts de Pins de montagne sur amphilobites";"42.4214";"Forêts de Pins de montagne sur amphilobites";"6"
"17079";"22";"42.4215 Forêts de Pins de montagne à Ononis";"42.4215";"Forêts de Pins de montagne à Ononis";"6"
"20817";"22";"42.42151 Forêts de Pins de montagne à Ononis d'adret";"42.42151";"Forêts de Pins de montagne à Ononis d'adret";"7"
"20818";"22";"42.42152 Forêts de Pins de montagne à Ononis d'ubac";"42.42152";"Forêts de Pins de montagne à Ononis d'ubac";"7"
"9794";"22";"42.422 Forêts externes de Pins de montagne à Raisin d'Ours et Genévriers";"42.422";"Forêts externes de Pins de montagne à Raisin d'Ours et Genévriers";"5"
"17080";"22";"42.4221 Forêts externes xérophiles de Pins de montagne";"42.4221";"Forêts externes xérophiles de Pins de montagne";"6"
"17081";"22";"42.4222 Forêts de Pins de montagne à Vaccinium";"42.4222";"Forêts de Pins de montagne à Vaccinium";"6"
"17082";"22";"42.4223 Forêts abyssales de Pins de montagne";"42.4223";"Forêts abyssales de Pins de montagne";"6"
"9804";"22";"42.423 Forêts de Pins de montagne du Ventoux";"42.423";"Forêts de Pins de montagne du Ventoux";"5"
"9805";"22";"42.424 Forêts de Pins de montagne des soulanes pyrénéennes";"42.424";"Forêts de Pins de montagne des soulanes pyrénéennes";"5"
"17083";"22";"42.4241 Forêts de Pins de montagne à Véronique";"42.4241";"Forêts de Pins de montagne à Véronique";"6"
"17084";"22";"42.4242 Forêts pyrénéennes de Pins de montagne à Raisin d'Ours";"42.4242";"Forêts pyrénéennes de Pins de montagne à Raisin d'Ours";"6"
"9812";"22";"42.425 Forêts de Pins de montagne à Pulsatille";"42.425";"Forêts de Pins de montagne à Pulsatille";"5"
"4211";"22";"42.43 Reboisement de Pins de montagne";"42.43";"Reboisement de Pins de montagne";"4"
"1263";"22";"42.5 Forêts de Pins sylvestres";"42.5";"Forêts de Pins sylvestres";"3"
"4222";"22";"42.52 Forêts de Pins sylvestres médio-européennes";"42.52";"Forêts de Pins sylvestres médio-européennes";"4"
"9831";"22";"42.521 Forêts subcontinentales de Pins sylvestres";"42.521";"Forêts subcontinentales de Pins sylvestres";"5"
"17097";"22";"42.5212 Forêts de Pins sylvestres des plaines occidentales";"42.5212";"Forêts de Pins sylvestres des plaines occidentales";"6"
"9832";"22";"42.522 Forêts hercyniennes de Pins sylvestres";"42.522";"Forêts hercyniennes de Pins sylvestres";"5"
"17102";"22";"42.5223 Forêts de Pins sylvestres des Vosges";"42.5223";"Forêts de Pins sylvestres des Vosges";"6"
"17103";"22";"42.5224 Pinèdes de pin sylvestre des grès de Luxembourg";"42.5224";"Pinèdes de pin sylvestre des grès de Luxembourg";"6"
"9840";"22";"42.523 Forêts steppiques de Pins sylvestres planitiaires";"42.523";"Forêts steppiques de Pins sylvestres planitiaires";"5"
"4225";"22";"42.53 Forêts steppiques intra-alpines à Ononis";"42.53";"Forêts steppiques intra-alpines à Ononis";"4"
"4230";"22";"42.54 Forêts de Pins sylvestre à Erica herbacea";"42.54";"Forêts de Pins sylvestre à Erica herbacea";"4"
"4231";"22";"42.55 Forêts steppiques intra-alpines à Minuartia";"42.55";"Forêts steppiques intra-alpines à Minuartia";"4"
"4237";"22";"42.56 Forêts mésophiles pyrénéennes de Pins sylvestres";"42.56";"Forêts mésophiles pyrénéennes de Pins sylvestres";"4"
"9861";"22";"42.561 Forêts mésophiles calcicoles pyrénéennes de Pins sylvestres";"42.561";"Forêts mésophiles calcicoles pyrénéennes de Pins sylvestres";"5"
"9862";"22";"42.562 Forêts mésophiles acidiphiles pyrénéennes de Pins sylvestres";"42.562";"Forêts mésophiles acidiphiles pyrénéennes de Pins sylvestres";"5"
"4238";"22";"42.57 Forêts de Pins sylvestres du Massif central";"42.57";"Forêts de Pins sylvestres du Massif central";"4"
"4250";"22";"42.58 Forêts mésophiles de Pins sylvestres des Alpes sud-occidentales";"42.58";"Forêts mésophiles de Pins sylvestres des Alpes sud-occidentales";"4"
"4251";"22";"42.59 Forêts supra-méditerranéennes de Pins sylvestres";"42.59";"Forêts supra-méditerranéennes de Pins sylvestres";"4"
"9873";"22";"42.591 Forêts péri-alpines à Buis de Pins sylvestres";"42.591";"Forêts péri-alpines à Buis de Pins sylvestres";"5"
"9725";"22";"42.592 Forêts pré-pyrénéennes à Buis de Pins sylvestres";"42.592";"Forêts pré-pyrénéennes à Buis de Pins sylvestres";"5"
"4154";"22";"42.5A Forêts ibériques de Pins sylvestres sur calcaires";"42.5A";"Forêts ibériques de Pins sylvestres sur calcaires";"4"
"4585";"22";"42.5B Forêts ibériques silicoles de Pins sylvestres";"42.5B";"Forêts ibériques silicoles de Pins sylvestres";"4"
"10308";"22";"42.5B1 Forêts pyrénéennes xérophiles de Pins sylvestres";"42.5B1";"Forêts pyrénéennes xérophiles de Pins sylvestres";"5"
"4491";"22";"42.5E Reboisement de Pins sylvestres";"42.5E";"Reboisement de Pins sylvestres";"4"
"1369";"22";"42.6 Forêts de Pins noirs";"42.6";"Forêts de Pins noirs";"3"
"4500";"22";"42.63 Forêts de Pins de Salzmann";"42.63";"Forêts de Pins de Salzmann";"4"
"10139";"22";"42.631 Forêts de Pins de Salzmann des Causses";"42.631";"Forêts de Pins de Salzmann des Causses";"5"
"10140";"22";"42.632 Forêts pré-pyrénéennes de Pins de Salzmann";"42.632";"Forêts pré-pyrénéennes de Pins de Salzmann";"5"
"4503";"22";"42.64 Forêts corses de Pins laricio";"42.64";"Forêts corses de Pins laricio";"4"
"10155";"22";"42.641 Forêts denses montagnardes de Pin laricio";"42.641";"Forêts denses montagnardes de Pin laricio";"5"
"10156";"22";"42.642 Forêts ouvertes montagnardes de Pins laricio";"42.642";"Forêts ouvertes montagnardes de Pins laricio";"5"
"10157";"22";"42.643 Forêts de Pins laricio supra-méditerranéennes";"42.643";"Forêts de Pins laricio supra-méditerranéennes";"5"
"4509";"22";"42.67 Reboisement en Pins noirs";"42.67";"Reboisement en Pins noirs";"4"
"1386";"22";"42.8 Bois de Pins méditerranéens";"42.8";"Bois de Pins méditerranéens";"3"
"4514";"22";"42.81 Forêts de Pins maritimes";"42.81";"Forêts de Pins maritimes";"4"
"10178";"22";"42.811 Forêts de Pins et de Chênes verts des Charentes";"42.811";"Forêts de Pins et de Chênes verts des Charentes";"5"
"10179";"22";"42.812 Forêts de Pins et de Chênes lièges aquitaniennes";"42.812";"Forêts de Pins et de Chênes lièges aquitaniennes";"5"
"10180";"22";"42.813 Plantations de Pins maritimes des Landes";"42.813";"Plantations de Pins maritimes des Landes";"5"
"4521";"22";"42.82 Forêts de Pins mésogéens";"42.82";"Forêts de Pins mésogéens";"4"
"10185";"22";"42.822 Pinèdes de Pin mésogéen des Corbières";"42.822";"Pinèdes de Pin mésogéen des Corbières";"5"
"10186";"22";"42.823 Forêts de Pins mésogéens franco-italiennes";"42.823";"Forêts de Pins mésogéens franco-italiennes";"5"
"10187";"22";"42.824 Forêts corses de Pins mésogéens";"42.824";"Forêts corses de Pins mésogéens";"5"
"4525";"22";"42.83 Forêts de Pins parasols";"42.83";"Forêts de Pins parasols";"4"
"10208";"22";"42.833 Bois provençaux de Pins parasols";"42.833";"Bois provençaux de Pins parasols";"5"
"17320";"22";"42.8331 Forêts provençales côtières de Pins parasols";"42.8331";"Forêts provençales côtières de Pins parasols";"6"
"17321";"22";"42.8332 Forêts provençales permiennes de Pins parasols";"42.8332";"Forêts provençales permiennes de Pins parasols";"6"
"10209";"22";"42.834 Bois de Pins parasols corses";"42.834";"Bois de Pins parasols corses";"5"
"4542";"22";"42.84 Forêts de Pins d'Alep";"42.84";"Forêts de Pins d'Alep";"4"
"10219";"22";"42.843 Forêts de Pins d'Alep provenço-liguriennes";"42.843";"Forêts de Pins d'Alep provenço-liguriennes";"5"
"10220";"22";"42.844 Bois de Pins d'Alep corses";"42.844";"Bois de Pins d'Alep corses";"5"
"1400";"22";"42.A Forêts dominées par les Cyprès, les Genévriers et les Ifs";"42.A";"Forêts dominées par les Cyprès, les Genévriers et les Ifs";"3"
"4576";"22";"42.A2 Forêts de Juniperus thurifera";"42.A2";"Forêts de Juniperus thurifera";"4"
"10299";"22";"42.A27 Bois pyrénéens de Genévriers thurifères";"42.A27";"Bois pyrénéens de Genévriers thurifères";"5"
"10300";"22";"42.A28 Bois sud-alpiens de Genévriers thurifères";"42.A28";"Bois sud-alpiens de Genévriers thurifères";"5"
"10301";"22";"42.A29 Bois de Genévriers thurifères de l'Isère";"42.A29";"Bois de Genévriers thurifères de l'Isère";"5"
"10302";"22";"42.A2A Bois de Génevriers thurifères corses";"42.A2A";"Bois de Génevriers thurifères corses";"5"
"4586";"22";"42.A7 Forêts d'Ifs";"42.A7";"Forêts d'Ifs";"4"
"10312";"22";"42.A72 Forêts d'Ifs corses";"42.A72";"Forêts d'Ifs corses";"5"
"10316";"22";"42.A76 Forêts d'Ifs provençales";"42.A76";"Forêts d'Ifs provençales";"5"
"4588";"22";"42.A9 Bois de Genévriers oxycèdres";"42.A9";"Bois de Genévriers oxycèdres";"4"
"4494";"22";"42.AA Bois de Genévriers de Phénicie";"42.AA";"Bois de Genévriers de Phénicie";"4"
"514";"22";"43 Forêts mixtes";"43";"Forêts mixtes";"2"
"1370";"22";"43.1 Hêtraies mixtes";"43.1";"Hêtraies mixtes";"3"
"1371";"22";"43.2 Chênaies-charmaies mixtes";"43.2";"Chênaies-charmaies mixtes";"3"
"1372";"22";"43.5 Chênaies acidiphiles mixtes";"43.5";"Chênaies acidiphiles mixtes";"3"
"1373";"22";"43.7 Chênaies mixtes thermophiles et supra-méditerranéennes";"43.7";"Chênaies mixtes thermophiles et supra-méditerranéennes";"3"
"1374";"22";"43.9 Forêts mixtes de châtaigniers";"43.9";"Forêts mixtes de châtaigniers";"3"
"1375";"22";"43.A Charmaies mixtes";"43.A";"Charmaies mixtes";"3"
"1376";"22";"43.B Boulaies mixtes";"43.B";"Boulaies mixtes";"3"
"1377";"22";"43.H Autres forêts mixtes";"43.H";"Autres forêts mixtes";"3"
"515";"22";"44 Forêts riveraines, forêts et fourrés très humides";"44";"Forêts riveraines, forêts et fourrés très humides";"2"
"1378";"22";"44.1 Formations riveraines de Saules";"44.1";"Formations riveraines de Saules";"3"
"4495";"22";"44.11 Saussaies pré-alpines";"44.11";"Saussaies pré-alpines";"4"
"10128";"22";"44.111 Saussaies à Myricaria";"44.111";"Saussaies à Myricaria";"5"
"10145";"22";"44.112 Saussaies à Argousier";"44.112";"Saussaies à Argousier";"5"
"4501";"22";"44.12 Saussaies de plaine, collinéennes et méditerranéo-montagnardes";"44.12";"Saussaies de plaine, collinéennes et méditerranéo-montagnardes";"4"
"10146";"22";"44.121 Saussaies à Osier et Salix triandra";"44.121";"Saussaies à Osier et Salix triandra";"5"
"10147";"22";"44.122 Saussaies à Saule pourpre méditerranéennes";"44.122";"Saussaies à Saule pourpre méditerranéennes";"5"
"4504";"22";"44.13 Forêts galeries de Saules blancs";"44.13";"Forêts galeries de Saules blancs";"4"
"4505";"22";"44.14 Galeries méditerranéennes de grands Saules";"44.14";"Galeries méditerranéennes de grands Saules";"4"
"10171";"22";"44.141 Galeries méditerranéennes de Saules blancs";"44.141";"Galeries méditerranéennes de Saules blancs";"5"
"17282";"22";"44.1412 Galeries de Salix alba méditerranéennes";"44.1412";"Galeries de Salix alba méditerranéennes";"6"
"10172";"22";"44.142 Bois riverains de Saules à feuilles d'Olivier et de Saules cendrés";"44.142";"Bois riverains de Saules à feuilles d'Olivier et de Saules cendrés";"5"
"1387";"22";"44.2 Galeries d'Aulnes blancs";"44.2";"Galeries d'Aulnes blancs";"3"
"4516";"22";"44.21 Galeries montagnardes d'Aulnes blancs";"44.21";"Galeries montagnardes d'Aulnes blancs";"4"
"4517";"22";"44.22 Galeries sub-montagnardes d'Aulnes blancs";"44.22";"Galeries sub-montagnardes d'Aulnes blancs";"4"
"1389";"22";"44.3 Forêt de Frênes et d'Aulnes des fleuves médio-européens";"44.3";"Forêt de Frênes et d'Aulnes des fleuves médio-européens";"3"
"4522";"22";"44.31 Forêts de Frênes et d'Aulnes des ruisselets et des sources (rivulaires)";"44.31";"Forêts de Frênes et d'Aulnes des ruisselets et des sources (rivulaires)";"4"
"10183";"22";"44.311 Forêts de Frênes et d'Aulnes à Laîches";"44.311";"Forêts de Frênes et d'Aulnes à Laîches";"5"
"10190";"22";"44.312 Forêts de Frênes et d'Aulnes fontinales";"44.312";"Forêts de Frênes et d'Aulnes fontinales";"5"
"10191";"22";"44.313 Forêts de Frênes et d'Aulnes à Cirse des maraîchers";"44.313";"Forêts de Frênes et d'Aulnes à Cirse des maraîchers";"5"
"10192";"22";"44.314 Forêts de Frênes et d'Aulnes des bords de sources à groseillers";"44.314";"Forêts de Frênes et d'Aulnes des bords de sources à groseillers";"5"
"10193";"22";"44.315 Forêts de Frênes et d'Aulnes à grande Prêle";"44.315";"Forêts de Frênes et d'Aulnes à grande Prêle";"5"
"4526";"22";"44.32 Bois de Frênes et d'Aulnes des rivières à débit rapide";"44.32";"Bois de Frênes et d'Aulnes des rivières à débit rapide";"4"
"4527";"22";"44.33 Bois de Frênes et d'Aulnes des rivières à eaux lentes";"44.33";"Bois de Frênes et d'Aulnes des rivières à eaux lentes";"4"
"10214";"22";"44.331 Bois de Frênes et d'Aulnes des rivières médio-européennes à eaux lentes à cerisiers à grappes";"44.331";"Bois de Frênes et d'Aulnes des rivières médio-européennes à eaux lentes à cerisiers à grappes";"5"
"10215";"22";"44.332 Bois de Frênes et d'Aulnes à hautes herbes";"44.332";"Bois de Frênes et d'Aulnes à hautes herbes";"5"
"4543";"22";"44.34 Galeries d'Aulnes nord-ibériques";"44.34";"Galeries d'Aulnes nord-ibériques";"4"
"10224";"22";"44.342 Galeries d'Aulnes pyrénéo-cantabriques";"44.342";"Galeries d'Aulnes pyrénéo-cantabriques";"5"
"10225";"22";"44.343 Galeries d'Aulnes pyrénéo-catalanes";"44.343";"Galeries d'Aulnes pyrénéo-catalanes";"5"
"1396";"22";"44.4 Forêts mixtes de Chênes, d'Ormes et de Frênes des grands fleuves";"44.4";"Forêts mixtes de Chênes, d'Ormes et de Frênes des grands fleuves";"3"
"4549";"22";"44.41 Grandes forêts fluviales médio-européennes";"44.41";"Grandes forêts fluviales médio-européennes";"4"
"4557";"22";"44.42 Forêts fluviales médio-européennes résiduelles";"44.42";"Forêts fluviales médio-européennes résiduelles";"4"
"1399";"22";"44.5 Galeries méridionales d'Aulnes et de Bouleaux";"44.5";"Galeries méridionales d'Aulnes et de Bouleaux";"3"
"4571";"22";"44.51 Galeries méridionales d'Aulnes glutineux";"44.51";"Galeries méridionales d'Aulnes glutineux";"4"
"10277";"22";"44.513 Galeries d'Aulnes méditerranéennes occidentales";"44.513";"Galeries d'Aulnes méditerranéennes occidentales";"5"
"4577";"22";"44.53 Galeries corses d'Aulnes glutineux et d'Aulnes à feuilles cordées";"44.53";"Galeries corses d'Aulnes glutineux et d'Aulnes à feuilles cordées";"4"
"10291";"22";"44.531 Galeries d'Aulnes collinéennes corses";"44.531";"Galeries d'Aulnes collinéennes corses";"5"
"10292";"22";"44.532 Galeries d'Aulnes montagnardes corses";"44.532";"Galeries d'Aulnes montagnardes corses";"5"
"1403";"22";"44.6 Forêts méditerranéennes de Peupliers, d'Ormes et de Frênes";"44.6";"Forêts méditerranéennes de Peupliers, d'Ormes et de Frênes";"3"
"4584";"22";"44.61 Forêts de Peupliers riveraines et méditerranéennes";"44.61";"Forêts de Peupliers riveraines et méditerranéennes";"4"
"10320";"22";"44.612 Galeries de Peupliers provenço-languedociennes";"44.612";"Galeries de Peupliers provenço-languedociennes";"5"
"10321";"22";"44.613 Galeries de Peupliers cyrno-sardes";"44.613";"Galeries de Peupliers cyrno-sardes";"5"
"4486";"22";"44.62 Forêts d'Ormes riveraines et méditerranéennes";"44.62";"Forêts d'Ormes riveraines et méditerranéennes";"4"
"4487";"22";"44.63 Bois de Frênes riverains et méditerranéens";"44.63";"Bois de Frênes riverains et méditerranéens";"4"
"10132";"22";"44.634 Galeries de Frênes et d'Aulnes tyrrhéniennes";"44.634";"Galeries de Frênes et d'Aulnes tyrrhéniennes";"5"
"4496";"22";"44.64 Galeries de Charmes Houblon";"44.64";"Galeries de Charmes Houblon";"4"
"1380";"22";"44.8 Galeries et fourrés riverains méridionaux";"44.8";"Galeries et fourrés riverains méridionaux";"3"
"4506";"22";"44.81 Galeries de Laurier-roses, de Gattiliers et de Tamaris";"44.81";"Galeries de Laurier-roses, de Gattiliers et de Tamaris";"4"
"10161";"22";"44.811 Galeries de Laurier-rose";"44.811";"Galeries de Laurier-rose";"5"
"10162";"22";"44.812 Fourrés de Gattiliers";"44.812";"Fourrés de Gattiliers";"5"
"10173";"22";"44.813 Fourrés de Tamaris";"44.813";"Fourrés de Tamaris";"5"
"17283";"22";"44.8131 Fourrés de Tamaris ouest-méditerranéens";"44.8131";"Fourrés de Tamaris ouest-méditerranéens";"6"
"1388";"22";"44.9 Bois marécageux d'Aulne, de Saule et de Myrte des marais";"44.9";"Bois marécageux d'Aulne, de Saule et de Myrte des marais";"3"
"4523";"22";"44.91 Bois marécageux d'Aulnes";"44.91";"Bois marécageux d'Aulnes";"4"
"10184";"22";"44.911 Bois d'Aulnes marécageux méso-eutrophes";"44.911";"Bois d'Aulnes marécageux méso-eutrophes";"5"
"17296";"22";"44.9111 Bois d'Aulnes marécageux atlantiques à grandes touffes de laîches";"44.9111";"Bois d'Aulnes marécageux atlantiques à grandes touffes de laîches";"6"
"17297";"22";"44.9112 Bois d'Aulnes marécageux à laîche allongée";"44.9112";"Bois d'Aulnes marécageux à laîche allongée";"6"
"10194";"22";"44.912 Bois d'Aulnes marécageux oligotrophes";"44.912";"Bois d'Aulnes marécageux oligotrophes";"5"
"4524";"22";"44.92 Saussaies marécageuses";"44.92";"Saussaies marécageuses";"4"
"10196";"22";"44.921 Saussaies marécageuses à Saule cendré";"44.921";"Saussaies marécageuses à Saule cendré";"5"
"10197";"22";"44.922 Saussaies à sphaigne";"44.922";"Saussaies à sphaigne";"5"
"10198";"22";"44.923 Saussaies marécageuses à Saule laurier";"44.923";"Saussaies marécageuses à Saule laurier";"5"
"10199";"22";"44.924 Saussaies naines marécageuses";"44.924";"Saussaies naines marécageuses";"5"
"4528";"22";"44.93 Bois marécageux de Bouleaux et de piment royal";"44.93";"Bois marécageux de Bouleaux et de piment royal";"4"
"1390";"22";"44.A Forêts marécageuses de Bouleaux et de Conifères";"44.A";"Forêts marécageuses de Bouleaux et de Conifères";"3"
"4529";"22";"44.A1 Bois de Bouleaux à Sphaignes";"44.A1";"Bois de Bouleaux à Sphaignes";"4"
"10206";"22";"44.A11 Forêts de Bouleaux à Sphaignes et Linaigrettes";"44.A11";"Forêts de Bouleaux à Sphaignes et Linaigrettes";"5"
"10207";"22";"44.A12 Bois de Bouleaux à Sphaignes et à Laîches";"44.A12";"Bois de Bouleaux à Sphaignes et à Laîches";"5"
"10216";"22";"44.A13 Bois de Bouleaux à Sphaignes méso-acidiphiles";"44.A13";"Bois de Bouleaux à Sphaignes méso-acidiphiles";"5"
"4536";"22";"44.A2 Bois tourbeux de Pins sylvestres";"44.A2";"Bois tourbeux de Pins sylvestres";"4"
"4537";"22";"44.A3 Bois tourbeux de Pins de montagne";"44.A3";"Bois tourbeux de Pins de montagne";"4"
"4538";"22";"44.A4 Bois d'Epicéas à Sphaignes";"44.A4";"Bois d'Epicéas à Sphaignes";"4"
"10226";"22";"44.A41 Pessières à Sphaignes montagnardes";"44.A41";"Pessières à Sphaignes montagnardes";"5"
"10227";"22";"44.A42 Tourbières boisées à Epicéas";"44.A42";"Tourbières boisées à Epicéas";"5"
"517";"22";"45 Forêts sempervirentes non résineuses";"45";"Forêts sempervirentes non résineuses";"2"
"1395";"22";"45.1 Forêts d'Oliviers et de Caroubiers";"45.1";"Forêts d'Oliviers et de Caroubiers";"3"
"4544";"22";"45.11 Bois d'Oliviers sauvages (oléastres)";"45.11";"Bois d'Oliviers sauvages (oléastres)";"4"
"4550";"22";"45.12 Bois de Caroubiers";"45.12";"Bois de Caroubiers";"4"
"1397";"22";"45.2 Forêts de Chênes lièges (suberaies)";"45.2";"Forêts de Chênes lièges (suberaies)";"3"
"4552";"22";"45.21 Forêts thyrrhéniennes de Chênes lièges";"45.21";"Forêts thyrrhéniennes de Chênes lièges";"4"
"10236";"22";"45.211 Forêts provençales de Chênes lièges";"45.211";"Forêts provençales de Chênes lièges";"5"
"10237";"22";"45.212 Forêts corses de Chênes lièges";"45.212";"Forêts corses de Chênes lièges";"5"
"10251";"22";"45.216 Suberaies catalano-pyrénéennes";"45.216";"Suberaies catalano-pyrénéennes";"5"
"4562";"22";"45.24 Forêts aquitaniennes de Chênes lièges";"45.24";"Forêts aquitaniennes de Chênes lièges";"4"
"1401";"22";"45.3 Forêts de Chênes verts méso- et supra méditerranéennes";"45.3";"Forêts de Chênes verts méso- et supra méditerranéennes";"3"
"4573";"22";"45.31 Forêts de Chêne verts";"45.31";"Forêts de Chêne verts";"4"
"10279";"22";"45.311 Forêts de Chênes verts ibériques nord-occidentales";"45.311";"Forêts de Chênes verts ibériques nord-occidentales";"5"
"10293";"22";"45.312 Forêts de Chênes verts de la plaine catalo-provençale";"45.312";"Forêts de Chênes verts de la plaine catalo-provençale";"5"
"10294";"22";"45.313 Forêts de Chênes vert des collines catalo-provençales";"45.313";"Forêts de Chênes vert des collines catalo-provençales";"5"
"10304";"22";"45.315 Yeuseraies des plaines corses";"45.315";"Yeuseraies des plaines corses";"5"
"10305";"22";"45.316 Forêts de Chênes verts des collines corses";"45.316";"Forêts de Chênes verts des collines corses";"5"
"10119";"22";"45.319 Forêts de Chênes verts Illyriennes";"45.319";"Forêts de Chênes verts Illyriennes";"5"
"4488";"22";"45.32 Forêts de Chênes verts supra-méditerranéennes";"45.32";"Forêts de Chênes verts supra-méditerranéennes";"4"
"10124";"22";"45.321 Forêts de Chênes verts supra-méditerranéennes françaises";"45.321";"Forêts de Chênes verts supra-méditerranéennes françaises";"5"
"10135";"22";"45.322 Forêts supra-méditerranéennes corses de Chênes verts";"45.322";"Forêts supra-méditerranéennes corses de Chênes verts";"5"
"4498";"22";"45.33 Forêts aquitaniennes de Chênes verts";"45.33";"Forêts aquitaniennes de Chênes verts";"4"
"1393";"22";"45.5 Forêts de Chênes et Lauriers";"45.5";"Forêts de Chênes et Lauriers";"3"
"1384";"22";"45.8 Bois de Houx";"45.8";"Bois de Houx";"3"
"71";"22";"5 Tourbières et marais";"5";"Tourbières et marais";"1"
"518";"22";"51 Tourbières hautes";"51";"Tourbières hautes";"2"
"1404";"22";"51.1 Tourbières hautes à peu près naturelles";"51.1";"Tourbières hautes à peu près naturelles";"3"
"4579";"22";"51.11 Buttes, bourrelets et pelouses tourbeuses";"51.11";"Buttes, bourrelets et pelouses tourbeuses";"4"
"10296";"22";"51.111 Buttes de Sphaignes colorées (bulten)";"51.111";"Buttes de Sphaignes colorées (bulten)";"5"
"17347";"22";"51.1111 Buttes de Sphagnum magellanicum";"51.1111";"Buttes de Sphagnum magellanicum";"6"
"17348";"22";"51.1112 Buttes de Sphagnum fuscum";"51.1112";"Buttes de Sphagnum fuscum";"6"
"17298";"22";"51.1113 Couronnes de buttes à Sphagnum rubellum";"51.1113";"Couronnes de buttes à Sphagnum rubellum";"6"
"17299";"22";"51.1114 Buttes de Sphagnum rubellum";"51.1114";"Buttes de Sphagnum rubellum";"6"
"17300";"22";"51.1115 Buttes de Sphagnum imbricatum";"51.1115";"Buttes de Sphagnum imbricatum";"6"
"17301";"22";"51.1116 Buttes de Sphagnum papillosum";"51.1116";"Buttes de Sphagnum papillosum";"6"
"17306";"22";"51.1117 Buttes de Sphagnum capillifolium";"51.1117";"Buttes de Sphagnum capillifolium";"6"
"10200";"22";"51.112 Bases des buttes et pelouses de Sphaignes vertes";"51.112";"Bases des buttes et pelouses de Sphaignes vertes";"5"
"10201";"22";"51.113 Buttes à buissons nains";"51.113";"Buttes à buissons nains";"5"
"17307";"22";"51.1131 Buttes à buissons de Callune prostrée";"51.1131";"Buttes à buissons de Callune prostrée";"6"
"17308";"22";"51.1132 Buttes à buissons de Bruyère tétragone";"51.1132";"Buttes à buissons de Bruyère tétragone";"6"
"17309";"22";"51.1133 Buttes à buissons de Camarine";"51.1133";"Buttes à buissons de Camarine";"6"
"17310";"22";"51.1134 Buttes à buissons de Vaccinium";"51.1134";"Buttes à buissons de Vaccinium";"6"
"17312";"22";"51.1136 Buttes à buissons de Myrte des marais (ou piment royal)";"51.1136";"Buttes à buissons de Myrte des marais (ou piment royal)";"6"
"10202";"22";"51.114 Communautés de tourbières bombées à Trichophorum cespitosum";"51.114";"Communautés de tourbières bombées à Trichophorum cespitosum";"5"
"10203";"22";"51.115 Tourbières bombées à Erica et Sphagnum";"51.115";"Tourbières bombées à Erica et Sphagnum";"5"
"4545";"22";"51.12 Tourbières basses (Schlenken)";"51.12";"Tourbières basses (Schlenken)";"4"
"10228";"22";"51.121 Chenaux, cuvettes profondes";"51.121";"Chenaux, cuvettes profondes";"5"
"10229";"22";"51.122 Chenaux superficiels, cuvettes peu profondes";"51.122";"Chenaux superficiels, cuvettes peu profondes";"5"
"4546";"22";"51.13 Mares de tourbières";"51.13";"Mares de tourbières";"4"
"10230";"22";"51.131 Dépressions tourbeuses (Kolk)";"51.131";"Dépressions tourbeuses (Kolk)";"5"
"10231";"22";"51.132 Autres mares de tourbières";"51.132";"Autres mares de tourbières";"5"
"4547";"22";"51.14 Suintements et rigoles de tourbières";"51.14";"Suintements et rigoles de tourbières";"4"
"10280";"22";"51.141 Tourbières à Narthecium";"51.141";"Tourbières à Narthecium";"5"
"10281";"22";"51.142 Rigoles à Myrte des marais";"51.142";"Rigoles à Myrte des marais";"5"
"10282";"22";"51.143 Autres communautés des rigoles et chenaux de tourbières";"51.143";"Autres communautés des rigoles et chenaux de tourbières";"5"
"4574";"22";"51.15 Garnitures de bordure (lagg)";"51.15";"Garnitures de bordure (lagg)";"4"
"4575";"22";"51.16 Pré-bois tourbeux";"51.16";"Pré-bois tourbeux";"4"
"1402";"22";"51.2 Tourbières à Molinie bleue";"51.2";"Tourbières à Molinie bleue";"3"
"516";"22";"52 Tourbières de couverture";"52";"Tourbières de couverture";"2"
"513";"22";"53 Végétation de ceinture des bords des eaux";"53";"Végétation de ceinture des bords des eaux";"2"
"1368";"22";"53.1 Roselières";"53.1";"Roselières";"3"
"4343";"22";"53.11 Phragmitaies";"53.11";"Phragmitaies";"4"
"9995";"22";"53.111 Phragmitaies inondées";"53.111";"Phragmitaies inondées";"5"
"9996";"22";"53.112 Phragmitaies sèches";"53.112";"Phragmitaies sèches";"5"
"9997";"22";"53.113 Phagmitaies géantes";"53.113";"Phagmitaies géantes";"5"
"4333";"22";"53.12 Scirpaies lacustres";"53.12";"Scirpaies lacustres";"4"
"4334";"22";"53.13 Typhaies";"53.13";"Typhaies";"4"
"4335";"22";"53.14 Roselières basses";"53.14";"Roselières basses";"4"
"9998";"22";"53.141 Communautés de Sagittaires";"53.141";"Communautés de Sagittaires";"5"
"9999";"22";"53.142 Communautés à Rubanier négligé";"53.142";"Communautés à Rubanier négligé";"5"
"10006";"22";"53.143 Communautés à Rubanier rameux";"53.143";"Communautés à Rubanier rameux";"5"
"10007";"22";"53.144 Communautés avec Acore vrai";"53.144";"Communautés avec Acore vrai";"5"
"10008";"22";"53.145 Communautés à Jonc fleuri";"53.145";"Communautés à Jonc fleuri";"5"
"10009";"22";"53.146 Communautés d'Oenanthe aquatica et de Rorippa amphibia";"53.146";"Communautés d'Oenanthe aquatica et de Rorippa amphibia";"5"
"10010";"22";"53.147 Communautés de Prêles d'eau";"53.147";"Communautés de Prêles d'eau";"5"
"10011";"22";"53.148 Communautés de Grande Berle";"53.148";"Communautés de Grande Berle";"5"
"10012";"22";"53.149 Végétation à Hippuris vulgaris";"53.149";"Végétation à Hippuris vulgaris";"5"
"10013";"22";"53.14A Végétation à Eleocharis palustris";"53.14A";"Végétation à Eleocharis palustris";"5"
"4344";"22";"53.15 Végétation à Glyceria maxima";"53.15";"Végétation à Glyceria maxima";"4"
"4358";"22";"53.16 Végétation à Phalaris arundinacea";"53.16";"Végétation à Phalaris arundinacea";"4"
"4359";"22";"53.17 Végétation à Scirpes halophiles";"53.17";"Végétation à Scirpes halophiles";"4"
"1306";"22";"53.2 Communautés à grandes Laîches";"53.2";"Communautés à grandes Laîches";"3"
"4360";"22";"53.21 Peuplements de grandes Laîches (Magnocariçaies)";"53.21";"Peuplements de grandes Laîches (Magnocariçaies)";"4"
"10024";"22";"53.211 Cariçaies à laîche distique";"53.211";"Cariçaies à laîche distique";"5"
"10025";"22";"53.212 Cariçaies à laîche aiguë et communautés s'y rapportant";"53.212";"Cariçaies à laîche aiguë et communautés s'y rapportant";"5"
"17221";"22";"53.2121 Cariçaies à laîche aiguë";"53.2121";"Cariçaies à laîche aiguë";"6"
"17222";"22";"53.2122 Cariçaies à laîche des marais";"53.2122";"Cariçaies à laîche des marais";"6"
"10031";"22";"53.213 Cariçaies à Carex riparia";"53.213";"Cariçaies à Carex riparia";"5"
"10032";"22";"53.214 Cariçaies à Carex rostrata et à Carex vesicaria";"53.214";"Cariçaies à Carex rostrata et à Carex vesicaria";"5"
"17227";"22";"53.2141 Cariçaies à Carex rostrata";"53.2141";"Cariçaies à Carex rostrata";"6"
"17228";"22";"53.2142 Cariçaies à Carex vesicaria";"53.2142";"Cariçaies à Carex vesicaria";"6"
"10033";"22";"53.215 Cariçaies à Carex elata et de Carex cespitosa";"53.215";"Cariçaies à Carex elata et de Carex cespitosa";"5"
"17229";"22";"53.2151 Cariçaies à Carex elata";"53.2151";"Cariçaies à Carex elata";"6"
"17230";"22";"53.2152 Cariçaies à Carex cespitosa";"53.2152";"Cariçaies à Carex cespitosa";"6"
"10041";"22";"53.216 Cariçaies à Carex paniculata";"53.216";"Cariçaies à Carex paniculata";"5"
"10042";"22";"53.217 Cariçaies à Carex appropinquata";"53.217";"Cariçaies à Carex appropinquata";"5"
"10043";"22";"53.218 Cariçaies à Carex pseudocyperus";"53.218";"Cariçaies à Carex pseudocyperus";"5"
"10044";"22";"53.219 Cariçaies à Carex vulpina";"53.219";"Cariçaies à Carex vulpina";"5"
"17231";"22";"53.2191 Cariçaies à Carex vulpina";"53.2191";"Cariçaies à Carex vulpina";"6"
"17232";"22";"53.2192 Cariçaies à Carex cuprina";"53.2192";"Cariçaies à Carex cuprina";"6"
"10045";"22";"53.21A Végétation à Carex buxbaumii";"53.21A";"Végétation à Carex buxbaumii";"5"
"1329";"22";"53.3 Végétation à Cladium mariscus";"53.3";"Végétation à Cladium mariscus";"3"
"4393";"22";"53.31 Cladiaies des bas-marais";"53.31";"Cladiaies des bas-marais";"4"
"4395";"22";"53.33 Cladiaies riveraines";"53.33";"Cladiaies riveraines";"4"
"1333";"22";"53.4 Bordures à Calamagrostis des eaux courantes";"53.4";"Bordures à Calamagrostis des eaux courantes";"3"
"1334";"22";"53.5 Jonchaies hautes";"53.5";"Jonchaies hautes";"3"
"1335";"22";"53.6 Formations riveraines de Cannes";"53.6";"Formations riveraines de Cannes";"3"
"4409";"22";"53.61 Communautés avec les Cannes de Ravenne";"53.61";"Communautés avec les Cannes de Ravenne";"4"
"4410";"22";"53.62 Peuplements de Cannes de Provence";"53.62";"Peuplements de Cannes de Provence";"4"
"504";"22";"54 Bas-marais, tourbières de transition et sources";"54";"Bas-marais, tourbières de transition et sources";"2"
"1340";"22";"54.1 Sources";"54.1";"Sources";"3"
"4417";"22";"54.11 Sources d'eaux douces pauvres en bases";"54.11";"Sources d'eaux douces pauvres en bases";"4"
"10088";"22";"54.111 Sources d'eaux douces à Bryophytes";"54.111";"Sources d'eaux douces à Bryophytes";"5"
"10089";"22";"54.112 Sources à Cardamines";"54.112";"Sources à Cardamines";"5"
"4438";"22";"54.12 Sources d'eaux dures";"54.12";"Sources d'eaux dures";"4"
"10097";"22";"54.121 Cônes de tufs";"54.121";"Cônes de tufs";"5"
"10098";"22";"54.122 Sources calcaires";"54.122";"Sources calcaires";"5"
"1359";"22";"54.2 Bas-marais alcalins (tourbières basses alcalines)";"54.2";"Bas-marais alcalins (tourbières basses alcalines)";"3"
"4454";"22";"54.21 Bas-marais à Schoenus nigricans (choin noir)";"54.21";"Bas-marais à Schoenus nigricans (choin noir)";"4"
"4455";"22";"54.22 Bas-marais à Schoenus ferrugineus";"54.22";"Bas-marais à Schoenus ferrugineus";"4"
"10108";"22";"54.221 Bas-marais péri-alpins à Schoenus ferrugineus (choin ferrugineux)";"54.221";"Bas-marais péri-alpins à Schoenus ferrugineus (choin ferrugineux)";"5"
"4466";"22";"54.23 Tourbières basses à Carex davalliana";"54.23";"Tourbières basses à Carex davalliana";"4"
"10112";"22";"54.231 Bas-marais à Carex davalliana floristiquement riches";"54.231";"Bas-marais à Carex davalliana floristiquement riches";"5"
"10113";"22";"54.232 Bas-marais à Carex davalliana et Trichophorum cespitosum";"54.232";"Bas-marais à Carex davalliana et Trichophorum cespitosum";"5"
"4473";"22";"54.24 Bas-marais alcalins pyrénéens";"54.24";"Bas-marais alcalins pyrénéens";"4"
"4474";"22";"54.25 Bas-marais à Carex dioica, C. pulicaris, C. flava";"54.25";"Bas-marais à Carex dioica, C. pulicaris, C. flava";"4"
"10118";"22";"54.253 Bas-marais à Carex flava médio-européens";"54.253";"Bas-marais à Carex flava médio-européens";"5"
"4336";"22";"54.26 Bas-marais à Carex nigra";"54.26";"Bas-marais à Carex nigra";"4"
"4338";"22";"54.28 Bas-marais à Carex frigida";"54.28";"Bas-marais à Carex frigida";"4"
"4340";"22";"54.2A Bas-marais à Eleocharis quinqueflora";"54.2A";"Bas-marais à Eleocharis quinqueflora";"4"
"4346";"22";"54.2C Bas-marais alcalins à Carex rostrata";"54.2C";"Bas-marais alcalins à Carex rostrata";"4"
"4347";"22";"54.2D Tourbières basses alcalines à Scirpus hudsonianus";"54.2D";"Tourbières basses alcalines à Scirpus hudsonianus";"4"
"4348";"22";"54.2E Bas-marais alcalins à Trichophorum cespitosum";"54.2E";"Bas-marais alcalins à Trichophorum cespitosum";"4"
"4349";"22";"54.2F Bas-marais médio-européens à Blysmus compressus";"54.2F";"Bas-marais médio-européens à Blysmus compressus";"4"
"4350";"22";"54.2G Bas-marais alcalins à petites herbes";"54.2G";"Bas-marais alcalins à petites herbes";"4"
"4351";"22";"54.2H Bas-marais alcalins dunaires à Carex trinervis";"54.2H";"Bas-marais alcalins dunaires à Carex trinervis";"4"
"4352";"22";"54.2I Bas-marais à hautes herbes";"54.2I";"Bas-marais à hautes herbes";"4"
"1307";"22";"54.3 Gazons riverains arctico-alpins";"54.3";"Gazons riverains arctico-alpins";"3"
"4361";"22";"54.31 Gazons riverains arctico-alpins à élyne fausse Laîche";"54.31";"Gazons riverains arctico-alpins à élyne fausse Laîche";"4"
"4362";"22";"54.32 Gazons riverains arctico-alpins à Carex maritima";"54.32";"Gazons riverains arctico-alpins à Carex maritima";"4"
"4363";"22";"54.33 Gazons riverains arctico-alpins à Typha";"54.33";"Gazons riverains arctico-alpins à Typha";"4"
"1314";"22";"54.4 Bas-marais acides";"54.4";"Bas-marais acides";"3"
"4369";"22";"54.41 Ceintures lacustres à Eriophorum scheuchzeri";"54.41";"Ceintures lacustres à Eriophorum scheuchzeri";"4"
"4370";"22";"54.42 Tourbières basses à Carex nigra, C. canescens et C. echinata";"54.42";"Tourbières basses à Carex nigra, C. canescens et C. echinata";"4"
"10034";"22";"54.421 Bas-marais alpins à Carex fusca";"54.421";"Bas-marais alpins à Carex fusca";"5"
"10048";"22";"54.422 Bas-marais sub-atlantiques à Carex nigra, C. canescens et C. echinata";"54.422";"Bas-marais sub-atlantiques à Carex nigra, C. canescens et C. echinata";"5"
"17233";"22";"54.4221 Bas-marais acides sub-atlantiques à Carex";"54.4221";"Bas-marais acides sub-atlantiques à Carex";"6"
"17234";"22";"54.4222 Bas-marais acides subatlantiques à Carex et Juncus";"54.4222";"Bas-marais acides subatlantiques à Carex et Juncus";"6"
"17235";"22";"54.4223 Bas-marais sub-atlantiques à Carex et Sphagnum";"54.4223";"Bas-marais sub-atlantiques à Carex et Sphagnum";"6"
"17236";"22";"54.4224 Bas-marais sub-atlantiques à Carex, Juncus et Sphagnum";"54.4224";"Bas-marais sub-atlantiques à Carex, Juncus et Sphagnum";"6"
"10058";"22";"54.424 Bas-marais acides pyrénéens à Laîche noire";"54.424";"Bas-marais acides pyrénéens à Laîche noire";"5"
"4397";"22";"54.44 Pozzines complexes à Carex intricata";"54.44";"Pozzines complexes à Carex intricata";"4"
"10068";"22";"54.442 Pozzines complexes corses à Carex intricata";"54.442";"Pozzines complexes corses à Carex intricata";"5"
"4411";"22";"54.45 Bas-marais acides à Trichophorum cespitosum";"54.45";"Bas-marais acides à Trichophorum cespitosum";"4"
"10070";"22";"54.451 Bas-marais acides alpiens à Trichophorum cespitosum";"54.451";"Bas-marais acides alpiens à Trichophorum cespitosum";"5"
"10071";"22";"54.452 Bas-marais acides pyrénéens à Trichophorum cespitosum";"54.452";"Bas-marais acides pyrénéens à Trichophorum cespitosum";"5"
"10073";"22";"54.454 Bas-marais acides sub-atlantiques à Trichophorum cespitosum";"54.454";"Bas-marais acides sub-atlantiques à Trichophorum cespitosum";"5"
"10080";"22";"54.455 Bas-marais acides corses à Trichophorum cespitosum";"54.455";"Bas-marais acides corses à Trichophorum cespitosum";"5"
"4418";"22";"54.46 Bas-marais à Eriophorum angustifolium";"54.46";"Bas-marais à Eriophorum angustifolium";"4"
"4419";"22";"54.47 Bas-marais acides dunaires à Laîches";"54.47";"Bas-marais acides dunaires à Laîches";"4"
"1341";"22";"54.5 Tourbières de transition";"54.5";"Tourbières de transition";"3"
"4429";"22";"54.51 Pelouses à Carex lasiocarpa";"54.51";"Pelouses à Carex lasiocarpa";"4"
"10099";"22";"54.511 Pelouses de Carex lasiocarpa et Mousses brunes";"54.511";"Pelouses de Carex lasiocarpa et Mousses brunes";"5"
"10100";"22";"54.512 Pelouses à Carex lasiocarpa et Sphaignes";"54.512";"Pelouses à Carex lasiocarpa et Sphaignes";"5"
"4439";"22";"54.52 Tourbières tremblantes à Carex diandra";"54.52";"Tourbières tremblantes à Carex diandra";"4"
"4440";"22";"54.53 Tourbières tremblantes à Carex rostrata";"54.53";"Tourbières tremblantes à Carex rostrata";"4"
"10105";"22";"54.531 Tourbières tremblantes acidiclines à Carex rostrata";"54.531";"Tourbières tremblantes acidiclines à Carex rostrata";"5"
"10106";"22";"54.532 Tourbières tremblantes basiclines à Carex rostrata";"54.532";"Tourbières tremblantes basiclines à Carex rostrata";"5"
"17256";"22";"54.5321 Tourbières tremblantes basiclines à Carex rostrata et Sphaignes";"54.5321";"Tourbières tremblantes basiclines à Carex rostrata et Sphaignes";"6"
"17257";"22";"54.5322 Tourbières tremblantes basiclines à Carex rostrata et Mousses brunes";"54.5322";"Tourbières tremblantes basiclines à Carex rostrata et Mousses brunes";"6"
"4456";"22";"54.54 Pelouses à Carex limosa";"54.54";"Pelouses à Carex limosa";"4"
"10107";"22";"54.541 Pelouses à Carex limosa des bourbiers et Mousses brunes";"54.541";"Pelouses à Carex limosa des bourbiers et Mousses brunes";"5"
"10111";"22";"54.542 Pelouses à Carex limosa et Sphaignes";"54.542";"Pelouses à Carex limosa et Sphaignes";"5"
"4461";"22";"54.55 Pelouses à Carex chordorrhiza";"54.55";"Pelouses à Carex chordorrhiza";"4"
"4462";"22";"54.56 Pelouses à Carex heleonastes";"54.56";"Pelouses à Carex heleonastes";"4"
"4463";"22";"54.57 Tourbières tremblantes à Rhynchospora";"54.57";"Tourbières tremblantes à Rhynchospora";"4"
"4467";"22";"54.58 Radeaux de Sphaignes et de Linaigrettes";"54.58";"Radeaux de Sphaignes et de Linaigrettes";"4"
"4468";"22";"54.59 Radeaux à Menyanthes trifoliata et Potentilla palustris";"54.59";"Radeaux à Menyanthes trifoliata et Potentilla palustris";"4"
"4469";"22";"54.5A Tourbières à Calla";"54.5A";"Tourbières à Calla";"4"
"4475";"22";"54.5B Tapis de Mousses brunes";"54.5B";"Tapis de Mousses brunes";"4"
"4476";"22";"54.5C Tourbières tremblantes à Eriophorum vaginatum";"54.5C";"Tourbières tremblantes à Eriophorum vaginatum";"4"
"4477";"22";"54.5D Tourbières tremblantes à Molinia caerulea";"54.5D";"Tourbières tremblantes à Molinia caerulea";"4"
"4478";"22";"54.5E Tourbières tremblantes à Calamagrostis stricta";"54.5E";"Tourbières tremblantes à Calamagrostis stricta";"4"
"4330";"22";"54.5F Tourbières tremblantes à Scirpus hudsonianus";"54.5F";"Tourbières tremblantes à Scirpus hudsonianus";"4"
"1299";"22";"54.6 Communautés à Rhynchospora alba";"54.6";"Communautés à Rhynchospora alba";"3"
"69";"22";"6 Rochers continentaux, éboulis et sables";"6";"Rochers continentaux, éboulis et sables";"1"
"497";"22";"61 Eboulis";"61";"Eboulis";"2"
"1300";"22";"61.1 Eboulis siliceux alpins et nordiques";"61.1";"Eboulis siliceux alpins et nordiques";"3"
"4332";"22";"61.11 Eboulis siliceux alpins";"61.11";"Eboulis siliceux alpins";"4"
"9994";"22";"61.111 Eboulis à Oxyria digyna";"61.111";"Eboulis à Oxyria digyna";"5"
"17213";"22";"61.1111 Eboulis à Oxyria digyna des Alpes";"61.1111";"Eboulis à Oxyria digyna des Alpes";"6"
"17211";"22";"61.1112 Eboulis du sud-ouest des Alpes à Oxyria digyna";"61.1112";"Eboulis du sud-ouest des Alpes à Oxyria digyna";"6"
"17212";"22";"61.1113 Eboulis pyrénéens à Oxyria";"61.1113";"Eboulis pyrénéens à Oxyria";"6"
"10003";"22";"61.112 Eboulis à Androsace alpina";"61.112";"Eboulis à Androsace alpina";"5"
"10004";"22";"61.113 Eboulis à Luzule alpine";"61.113";"Eboulis à Luzule alpine";"5"
"10005";"22";"61.114 Eboulis siliceux et froids de blocailles";"61.114";"Eboulis siliceux et froids de blocailles";"5"
"4341";"22";"61.12 Eboulis siliceux des montagnes nordiques";"61.12";"Eboulis siliceux des montagnes nordiques";"4"
"1301";"22";"61.2 Eboulis calcaires alpiens";"61.2";"Eboulis calcaires alpiens";"3"
"4342";"22";"61.21 Eboulis alpiens sur calcschistes";"61.21";"Eboulis alpiens sur calcschistes";"4"
"4356";"22";"61.22 Eboulis alpiens à Tabouret à feuilles rondes";"61.22";"Eboulis alpiens à Tabouret à feuilles rondes";"4"
"4357";"22";"61.23 Eboulis calcaires fins";"61.23";"Eboulis calcaires fins";"4"
"10016";"22";"61.231 Eboulis à Petasites";"61.231";"Eboulis à Petasites";"5"
"10017";"22";"61.232 Eboulis à Liondent des montagnes";"61.232";"Eboulis à Liondent des montagnes";"5"
"17214";"22";"61.2321 Eboulis à Liondent des montagnes des Alpes centrales";"61.2321";"Eboulis à Liondent des montagnes des Alpes centrales";"6"
"17215";"22";"61.2322 Eboulis à Berardia";"61.2322";"Eboulis à Berardia";"6"
"1305";"22";"61.3 Eboulis ouest-méditerranéens et éboulis thermophiles";"61.3";"Eboulis ouest-méditerranéens et éboulis thermophiles";"3"
"4367";"22";"61.31 Eboulis thermophiles péri-alpins";"61.31";"Eboulis thermophiles péri-alpins";"4"
"10021";"22";"61.311 Eboulis à Stipa calamagrostis";"61.311";"Eboulis à Stipa calamagrostis";"5"
"10022";"22";"61.312 Eboulis calcaires sub-montagnards";"61.312";"Eboulis calcaires sub-montagnards";"5"
"17218";"22";"61.3121 Eboulis à Galeopsis angustifolia";"61.3121";"Eboulis à Galeopsis angustifolia";"6"
"17219";"22";"61.3122 Eboulis à Rumex scutatus";"61.3122";"Eboulis à Rumex scutatus";"6"
"17220";"22";"61.3123 Eboulis calcaires à Fougères";"61.3123";"Eboulis calcaires à Fougères";"6"
"10023";"22";"61.313 Eboulis à Leontodon hyoseroides";"61.313";"Eboulis à Leontodon hyoseroides";"5"
"4368";"22";"61.32 Eboulis provençaux";"61.32";"Eboulis provençaux";"4"
"4375";"22";"61.33 Eboulis pyrénéo-alpiens siliceux thermophiles";"61.33";"Eboulis pyrénéo-alpiens siliceux thermophiles";"4"
"4376";"22";"61.34 Eboulis calcaires pyrénéens";"61.34";"Eboulis calcaires pyrénéens";"4"
"10026";"22";"61.341 Eboulis calcaires fins pyrénéens";"61.341";"Eboulis calcaires fins pyrénéens";"5"
"10027";"22";"61.342 Eboulis calcaires grossiers pyrénéens";"61.342";"Eboulis calcaires grossiers pyrénéens";"5"
"10028";"22";"61.343 Eboulis calcaires des Pyrénées de haute altitude";"61.343";"Eboulis calcaires des Pyrénées de haute altitude";"5"
"10029";"22";"61.344 Eboulis calcaires humides pyrénéens";"61.344";"Eboulis calcaires humides pyrénéens";"5"
"10030";"22";"61.345 Eboulis calcaires subalpins pyrénéens";"61.345";"Eboulis calcaires subalpins pyrénéens";"5"
"4377";"22";"61.35 Eboulis calcaires oro-cantabriques";"61.35";"Eboulis calcaires oro-cantabriques";"4"
"4379";"22";"61.37 Eboulis ibériques à fougères";"61.37";"Eboulis ibériques à fougères";"4"
"503";"22";"62 Falaises continentales et rochers exposés";"62";"Falaises continentales et rochers exposés";"2"
"1332";"22";"62.1 Végétation des falaises continentales calcaires";"62.1";"Végétation des falaises continentales calcaires";"3"
"4408";"22";"62.11 Falaises calcaires eu-méditerranéennes occidentales et oro-ibériques";"62.11";"Falaises calcaires eu-méditerranéennes occidentales et oro-ibériques";"4"
"10066";"22";"62.111 Falaises calcaires eu-méditerranéennes occidentales";"62.111";"Falaises calcaires eu-méditerranéennes occidentales";"5"
"17243";"22";"62.1111 Falaises calcaires ibéro-méditerranéennes";"62.1111";"Falaises calcaires ibéro-méditerranéennes";"6"
"17252";"22";"62.1115 Falaises méditerranéennes à Fougères";"62.1115";"Falaises méditerranéennes à Fougères";"6"
"4413";"22";"62.12 Falaises calcaires des Pyrénées centrales";"62.12";"Falaises calcaires des Pyrénées centrales";"4"
"4414";"22";"62.13 Falaises calcaires des Alpes ligures et des Apennins";"62.13";"Falaises calcaires des Alpes ligures et des Apennins";"4"
"4416";"22";"62.15 Falaises calcaires alpiennes et sub-méditerranéennes";"62.15";"Falaises calcaires alpiennes et sub-méditerranéennes";"4"
"10081";"22";"62.151 Falaises calcaires ensoleillées des Alpes";"62.151";"Falaises calcaires ensoleillées des Alpes";"5"
"10082";"22";"62.152 Falaises calcaires médio-européennes à Fougères";"62.152";"Falaises calcaires médio-européennes à Fougères";"5"
"1356";"22";"62.2 Végétation des falaises continentales siliceuses";"62.2";"Végétation des falaises continentales siliceuses";"3"
"4437";"22";"62.21 Falaises siliceuses des montagnes médio-européennes";"62.21";"Falaises siliceuses des montagnes médio-européennes";"4"
"10096";"22";"62.211 Falaises siliceuses pyrénéo-alpiennes";"62.211";"Falaises siliceuses pyrénéo-alpiennes";"5"
"10101";"22";"62.212 Falaises siliceuses hercyniennes";"62.212";"Falaises siliceuses hercyniennes";"5"
"10102";"22";"62.213 Falaises de serpentines hercyniennes";"62.213";"Falaises de serpentines hercyniennes";"5"
"4449";"22";"62.23 Falaises siliceuses des Alpes sud-occidentales";"62.23";"Falaises siliceuses des Alpes sud-occidentales";"4"
"4450";"22";"62.24 Falaises des montagnes cyrno-sardes";"62.24";"Falaises des montagnes cyrno-sardes";"4"
"4452";"22";"62.26 Falaises siliceuses catalano-languedociennes";"62.26";"Falaises siliceuses catalano-languedociennes";"4"
"4457";"22";"62.28 Falaises siliceuses provenço-ibériques";"62.28";"Falaises siliceuses provenço-ibériques";"4"
"1360";"22";"62.3 Dalles rocheuses";"62.3";"Dalles rocheuses";"3"
"1361";"22";"62.4 Falaises continentales dénudées";"62.4";"Falaises continentales dénudées";"3"
"4459";"22";"62.41 Falaises continentales calcaires nues";"62.41";"Falaises continentales calcaires nues";"4"
"4460";"22";"62.42 Falaises continentales siliceuses nues";"62.42";"Falaises continentales siliceuses nues";"4"
"1362";"22";"62.5 Falaises continentales humides";"62.5";"Falaises continentales humides";"3"
"4464";"22";"62.51 Falaises continentales humides méditerranéennes";"62.51";"Falaises continentales humides méditerranéennes";"4"
"4465";"22";"62.52 Falaises continentales humides septentrionales";"62.52";"Falaises continentales humides septentrionales";"4"
"511";"22";"63 Neiges et glaces éternelles";"63";"Neiges et glaces éternelles";"2"
"1364";"22";"63.1 Névés";"63.1";"Névés";"3"
"1365";"22";"63.2 Glaciers rocheux";"63.2";"Glaciers rocheux";"3"
"1366";"22";"63.3 Glaciers";"63.3";"Glaciers";"3"
"512";"22";"64 Dunes sableuses continentales";"64";"Dunes sableuses continentales";"2"
"1367";"22";"64.1 Dunes fluvio-glaciaires";"64.1";"Dunes fluvio-glaciaires";"3"
"4470";"22";"64.11 Pelouses pionnières des dunes continentales";"64.11";"Pelouses pionnières des dunes continentales";"4"
"4471";"22";"64.12 Pelouses siliceuses des dunes intérieures";"64.12";"Pelouses siliceuses des dunes intérieures";"4"
"4472";"22";"64.13 Landes sur dunes continentales";"64.13";"Landes sur dunes continentales";"4"
"10115";"22";"64.132 Autres landes sur dunes continentales";"64.132";"Autres landes sur dunes continentales";"5"
"4353";"22";"64.14 Fourrés sur dunes continentales";"64.14";"Fourrés sur dunes continentales";"4"
"10014";"22";"64.141 Peuplements de Juniperus communis sur dunes continentales";"64.141";"Peuplements de Juniperus communis sur dunes continentales";"5"
"10015";"22";"64.142 Autres fourrés sur dunes continentales";"64.142";"Autres fourrés sur dunes continentales";"5"
"1303";"22";"64.3 Dunes paléo-côtières";"64.3";"Dunes paléo-côtières";"3"
"1304";"22";"64.4 Dunes fluviatiles";"64.4";"Dunes fluviatiles";"3"
"1308";"22";"64.5 Dunes d'origine lacustre";"64.5";"Dunes d'origine lacustre";"3"
"1309";"22";"64.6 Dunes continentales méditerranéennes";"64.6";"Dunes continentales méditerranéennes";"3"
"4365";"22";"64.61 Dunes riveraines du Rhône";"64.61";"Dunes riveraines du Rhône";"4"
"10018";"22";"64.611 Prairies dunaires du Rhône";"64.611";"Prairies dunaires du Rhône";"5"
"17216";"22";"64.6111 Végétation de cannes sur dunes du Rhône";"64.6111";"Végétation de cannes sur dunes du Rhône";"6"
"17217";"22";"64.6112 Autres pelouses des dunes du Rhône";"64.6112";"Autres pelouses des dunes du Rhône";"6"
"10019";"22";"64.612 Fourrés dunaires du Rhône";"64.612";"Fourrés dunaires du Rhône";"5"
"10020";"22";"64.613 Bois de Genévriers des dunes du Rhône";"64.613";"Bois de Genévriers des dunes du Rhône";"5"
"498";"22";"65 Grottes";"65";"Grottes";"2"
"1311";"22";"65.2 Grottes de l'Italie septentrionale et du sud-est de la France avec Hydromantes italicus";"65.2";"Grottes de l'Italie septentrionale et du sud-est de la France avec Hydromantes italicus";"3"
"1313";"22";"65.4 Autres grottes";"65.4";"Autres grottes";"3"
"499";"22";"66 Communautés des sites volcaniques";"66";"Communautés des sites volcaniques";"2"
"1320";"22";"66.6 Fumerolles";"66.6";"Fumerolles";"3"
"70";"22";"8 Terres agricoles et paysages artificiels";"8";"Terres agricoles et paysages artificiels";"1"
"500";"22";"81 Prairies améliorées";"81";"Prairies améliorées";"2"
"1321";"22";"81.1 Prairies sèches améliorées";"81.1";"Prairies sèches améliorées";"3"
"1322";"22";"81.2 Prairies humides améliorées";"81.2";"Prairies humides améliorées";"3"
"501";"22";"82 Cultures";"82";"Cultures";"2"
"1323";"22";"82.1 Champs d'un seul tenant intensément cultivés";"82.1";"Champs d'un seul tenant intensément cultivés";"3"
"4383";"22";"82.11 Grandes cultures";"82.11";"Grandes cultures";"4"
"4384";"22";"82.12 Cultures et maraichage";"82.12";"Cultures et maraichage";"4"
"1324";"22";"82.2 Cultures avec marges de végétation spontanée";"82.2";"Cultures avec marges de végétation spontanée";"3"
"1325";"22";"82.3 Culture extensive";"82.3";"Culture extensive";"3"
"1326";"22";"82.4 Cultures inondées";"82.4";"Cultures inondées";"3"
"4385";"22";"82.41 Rizières";"82.41";"Rizières";"4"
"4386";"22";"82.42 Cressonnières";"82.42";"Cressonnières";"4"
"502";"22";"83 Vergers, bosquets et plantations d'arbres";"83";"Vergers, bosquets et plantations d'arbres";"2"
"1327";"22";"83.1 Vergers de hautes tiges";"83.1";"Vergers de hautes tiges";"3"
"4387";"22";"83.11 Oliveraies";"83.11";"Oliveraies";"4"
"10049";"22";"83.111 Oliveraies traditionnelles";"83.111";"Oliveraies traditionnelles";"5"
"10050";"22";"83.112 Oliveraies intensives";"83.112";"Oliveraies intensives";"5"
"4398";"22";"83.12 Châtaigneraies";"83.12";"Châtaigneraies";"4"
"4399";"22";"83.13 Vergers à Noyers";"83.13";"Vergers à Noyers";"4"
"4400";"22";"83.14 Vergers à Amandiers";"83.14";"Vergers à Amandiers";"4"
"4401";"22";"83.15 Vergers";"83.15";"Vergers";"4"
"10060";"22";"83.151 Vergers septentrionaux";"83.151";"Vergers septentrionaux";"5"
"10061";"22";"83.152 Vergers méridionaux";"83.152";"Vergers méridionaux";"5"
"4402";"22";"83.16 Vergers à agrumes";"83.16";"Vergers à agrumes";"4"
"4404";"22";"83.18 Autres vergers à hautes tiges";"83.18";"Autres vergers à hautes tiges";"4"
"1330";"22";"83.2 Vergers à arbustes";"83.2";"Vergers à arbustes";"3"
"4405";"22";"83.21 Vignobles";"83.21";"Vignobles";"4"
"10062";"22";"83.211 Vignobles traditionnels";"83.211";"Vignobles traditionnels";"5"
"10063";"22";"83.212 Vignobles intensifs";"83.212";"Vignobles intensifs";"5"
"4406";"22";"83.22 Vergers de basses tiges";"83.22";"Vergers de basses tiges";"4"
"1331";"22";"83.3 Plantations";"83.3";"Plantations";"3"
"4407";"22";"83.31 Plantations de conifères";"83.31";"Plantations de conifères";"4"
"10064";"22";"83.311 Plantations de conifères indigènes";"83.311";"Plantations de conifères indigènes";"5"
"17240";"22";"83.3111 Plantations de Sapins, d'Epicéas et de Mélèzes européens";"83.3111";"Plantations de Sapins, d'Epicéas et de Mélèzes européens";"6"
"17241";"22";"83.3112 Plantations de Pins européens";"83.3112";"Plantations de Pins européens";"6"
"17242";"22";"83.3113 Plantations de Cyprès et de Genévriers européens";"83.3113";"Plantations de Cyprès et de Genévriers européens";"6"
"10065";"22";"83.312 Plantations de conifères exotiques";"83.312";"Plantations de conifères exotiques";"5"
"17247";"22";"83.3121 Plantations d'Epicéas, de Sapins exotiques, de Sapin de Douglas et de Cèdres";"83.3121";"Plantations d'Epicéas, de Sapins exotiques, de Sapin de Douglas et de Cèdres";"6"
"17248";"22";"83.3122 Plantations de Pins exotiques";"83.3122";"Plantations de Pins exotiques";"6"
"17249";"22";"83.3123 Autres plantations de conifères exotiques";"83.3123";"Autres plantations de conifères exotiques";"6"
"4412";"22";"83.32 Plantations d'arbres feuillus";"83.32";"Plantations d'arbres feuillus";"4"
"10074";"22";"83.321 Plantations de Peupliers";"83.321";"Plantations de Peupliers";"5"
"17250";"22";"83.3211 Plantations de Peupliers avec une strate herbacée élevée (Mégaphorbiaies)";"83.3211";"Plantations de Peupliers avec une strate herbacée élevée (Mégaphorbiaies)";"6"
"17251";"22";"83.3212 Autres plantations de Peupliers";"83.3212";"Autres plantations de Peupliers";"6"
"10075";"22";"83.322 Plantations d'Eucalyptus";"83.322";"Plantations d'Eucalyptus";"5"
"10076";"22";"83.323 Plantations de Chênes exotiques";"83.323";"Plantations de Chênes exotiques";"5"
"10077";"22";"83.324 Plantations de Robiniers";"83.324";"Plantations de Robiniers";"5"
"10078";"22";"83.325 Autres plantations d'arbres feuillus";"83.325";"Autres plantations d'arbres feuillus";"5"
"505";"22";"84 Alignements d'arbres, haies, petits bois, bocage, parcs";"84";"Alignements d'arbres, haies, petits bois, bocage, parcs";"2"
"1336";"22";"84.1 Alignements d'arbres";"84.1";"Alignements d'arbres";"3"
"1337";"22";"84.2 Bordures de haies";"84.2";"Bordures de haies";"3"
"1338";"22";"84.3 Petits bois, bosquets";"84.3";"Petits bois, bosquets";"3"
"1339";"22";"84.4 Bocages";"84.4";"Bocages";"3"
"506";"22";"85 Parcs urbains et grands jardins";"85";"Parcs urbains et grands jardins";"2"
"1344";"22";"85.1 Grands parcs";"85.1";"Grands parcs";"3"
"4420";"22";"85.11 Parcelles boisées de parcs";"85.11";"Parcelles boisées de parcs";"4"
"4421";"22";"85.12 Pelouses de parcs";"85.12";"Pelouses de parcs";"4"
"4422";"22";"85.13 Bassins de parcs";"85.13";"Bassins de parcs";"4"
"4423";"22";"85.14 Parterre de fleurs, avec arbres et avec bosquets en parc";"85.14";"Parterre de fleurs, avec arbres et avec bosquets en parc";"4"
"4424";"22";"85.15 Communautés sub-naturelles des parcs";"85.15";"Communautés sub-naturelles des parcs";"4"
"1345";"22";"85.2 Petits parcs et squares citadins";"85.2";"Petits parcs et squares citadins";"3"
"1346";"22";"85.3 Jardins";"85.3";"Jardins";"3"
"4425";"22";"85.31 Jardins ornementaux";"85.31";"Jardins ornementaux";"4"
"4426";"22";"85.32 Jardins potagers de subsistance";"85.32";"Jardins potagers de subsistance";"4"
"1347";"22";"85.4 Espaces internes au centre-ville";"85.4";"Espaces internes au centre-ville";"3"
"507";"22";"86 Villes, villages et sites industriels";"86";"Villes, villages et sites industriels";"2"
"1348";"22";"86.1 Villes";"86.1";"Villes";"3"
"1349";"22";"86.2 Villages";"86.2";"Villages";"3"
"1350";"22";"86.3 Sites industriels en activité";"86.3";"Sites industriels en activité";"3"
"1351";"22";"86.4 Sites industriels anciens";"86.4";"Sites industriels anciens";"3"
"4430";"22";"86.41 Carrières";"86.41";"Carrières";"4"
"10091";"22";"86.411 Carrières de sable, d'argile et de kaolin";"86.411";"Carrières de sable, d'argile et de kaolin";"5"
"10092";"22";"86.412 Carrières de graviers";"86.412";"Carrières de graviers";"5"
"10093";"22";"86.413 Carrières de pierres";"86.413";"Carrières de pierres";"5"
"4431";"22";"86.42 Terrils crassiers et autres tas de détritus";"86.42";"Terrils crassiers et autres tas de détritus";"4"
"4432";"22";"86.43 Voies de chemins de fer, gares de triage et autres espaces ouverts";"86.43";"Voies de chemins de fer, gares de triage et autres espaces ouverts";"4"
"1352";"22";"86.5 Serres et constructions agricoles";"86.5";"Serres et constructions agricoles";"3"
"1353";"22";"86.6 Sites archéologiques";"86.6";"Sites archéologiques";"3"
"508";"22";"87 Terrains en friche et terrains vagues";"87";"Terrains en friche et terrains vagues";"2"
"1354";"22";"87.1 Terrains en friche";"87.1";"Terrains en friche";"3"
"1355";"22";"87.2 Zones rudérales";"87.2";"Zones rudérales";"3"
"509";"22";"88 Mines et passages souterrains";"88";"Mines et passages souterrains";"2"
"510";"22";"89 Lagunes et réservoirs industriels, canaux";"89";"Lagunes et réservoirs industriels, canaux";"2"
"1357";"22";"89.1 Lagunes industrielles et canaux salins";"89.1";"Lagunes industrielles et canaux salins";"3"
"4441";"22";"89.11 Ports maritimes";"89.11";"Ports maritimes";"4"
"4442";"22";"89.12 Salines";"89.12";"Salines";"4"
"4443";"22";"89.13 Autres lagunes industrielles et canaux salins";"89.13";"Autres lagunes industrielles et canaux salins";"4"
"1358";"22";"89.2 Lagunes industrielles et canaux d'eau douce";"89.2";"Lagunes industrielles et canaux d'eau douce";"3"
"4444";"22";"89.21 Canaux navigables";"89.21";"Canaux navigables";"4"
"4445";"22";"89.22 Fossés et petits canaux";"89.22";"Fossés et petits canaux";"4"
"4446";"22";"89.23 Lagunes industrielles et bassins ornementaux";"89.23";"Lagunes industrielles et bassins ornementaux";"4"
"4447";"22";"89.24 Bassins de décantation et stations d'épuration";"89.24";"Bassins de décantation et stations d'épuration";"4"
"30621";"28";"""Arrhenatherenion elatioris primaire""";"";"""Arrhenatherenion elatioris primaire""";"6"
"30622";"28";"(Cratoneuro falcati-) Arabidetum bellidifoliae";"";"(Cratoneuro falcati-) Arabidetum bellidifoliae";"8"
"26592";"28";"01 Adiantetea capilli-veneris";"01";"Adiantetea capilli-veneris";"1"
"382";"28";"03 Agrostietea stoloniferae";"03";"Agrostietea stoloniferae";"1"
"383";"28";"10 Betulo carpaticae-Alnetea viridis";"10";"Betulo carpaticae-Alnetea viridis";"1"
"384";"28";"14 Cardaminetea hirsutae";"14";"Cardaminetea hirsutae";"1"
"28392";"28";"15 Caricetea curvulae";"15";"Caricetea curvulae";"1"
"385";"28";"18 Charetea fragilis";"18";"Charetea fragilis";"1"
"386";"28";"19 Cisto ladaniferi-Lavanduletea stoechadis";"19";"Cisto ladaniferi-Lavanduletea stoechadis";"1"
"30958";"28";"20 Rhamno catharticae-Prunetea spinosae";"20";"Rhamno catharticae-Prunetea spinosae";"1"
"387";"28";"22 Cytisetea scopario-striati";"22";"Cytisetea scopario-striati";"1"
"26606";"28";"23 Epilobietea angustifolii";"23";"Epilobietea angustifolii ";"1"
"31175";"28";"26 Festuco-Brometea";"26";"Festuco-Brometea";"1"
"388";"28";"28 Filipendulo ulmariae-Convolvuletea sepium";"28";"Filipendulo ulmariae-Convolvuletea sepium";"1"
"26383";"28";"28b Franguletea dodonei";"28b";"Franguletea dodonei";"1"
"389";"28";"34a Isoëtetea velatae";"34a";"Isoëtetea velatae";"1"
"381";"28";"34b Juncetea bufonii";"34b";"Juncetea bufonii";"1"
"375";"28";"37 Lemnetea minoris";"37";"Lemnetea minoris";"1"
"376";"28";"38 Littorelletea uniflorae";"38";"Littorelletea uniflorae";"1"
"30996";"28";"43 Montio fontanae-Cardaminetea amarae";"43";"Montio fontanae-Cardaminetea amarae";"1"
"377";"28";"44 Mulgedio alpini-Aconitetea variegati";"44";"Mulgedio alpini-Aconitetea variegati";"1"
"378";"28";"45 Nardetea strictae";"45";"Nardetea strictae";"1"
"379";"28";"46 Nerio oleandri-Tamaricetea africanae";"46";"Nerio oleandri-Tamaricetea africanae";"1"
"380";"28";"48 Oxycocco palustris-Sphagnetea magellanici";"48";"Oxycocco palustris-Sphagnetea magellanici";"1"
"26381";"28";"49 Parietarietea judaicae";"49";"Parietarietea judaicae";"1"
"26582";"28";"50 Pegano harmalae-Salsoletea vermiculatae";"50";"Pegano harmalae-Salsoletea vermiculatae";"1"
"31011";"28";"51 Phragmito-Magnocaricetea";"51";"Phragmito-Magnocaricetea";"1"
"374";"28";"53 Polygono arenastri-Poetea annuae";"53";"Polygono arenastri-Poetea annuae";"1"
"28685";"28";"55 Potametea";"55";"Potametea";"1"
"31503";"28";"57a Quercetea pubescentis";"57a";"Quercetea pubescentis";"1"
"31600";"28";"57b Quercetea robori-petraeae";"57b";"Quercetea robori-petraeae";"1"
"31584";"28";"57c-01 Festuco altissimae-Abietetum albae";"57c-01";"Festuco altissimae-Abietetum albae";"8"
"31585";"28";"57c-02 Mercurialo perennis-Abietetum albae";"57c-02";"Mercurialo perennis-Abietetum albae";"8"
"31586";"28";"57c-03 Polygonato verticillati-Fagetum sylvaticae";"57c-03";"Polygonato verticillati-Fagetum sylvaticae";"8"
"31588";"28";"57c-04 Milio effusi-Fagetum sylvaticae";"57c-04";"Milio effusi-Fagetum sylvaticae";"8"
"31589";"28";"57c-05 Hordelymo europaei-Fagetum sylvaticae";"57c-05";"Hordelymo europaei-Fagetum sylvaticae";"8"
"31562";"28";"57c-06 Dentario heptaphyllae-Fagetum sylvaticae";"57c-06";"Dentario heptaphyllae-Fagetum sylvaticae";"8"
"31564";"28";"57c-07 Calamintho grandiflorae-Fagetum sylvaticae";"57c-07";"Calamintho grandiflorae-Fagetum sylvaticae";"8"
"31565";"28";"57c-08 Phyteumo ovati-Abietetum albae";"57c-08";"Phyteumo ovati-Abietetum albae";"8"
"31566";"28";"57c-09 Trochiscantho nodiflorae-Abietetum albae";"57c-09";"Trochiscantho nodiflorae-Abietetum albae";"8"
"31567";"28";"57c-10 Poo chaixii-Abietetum albae";"57c-10";"Poo chaixii-Abietetum albae";"8"
"31694";"28";"57c-100 Mentho longifoliae-Alnetum glutinosae";"57c-100";"Mentho longifoliae-Alnetum glutinosae";"8"
"31695";"28";"57c-101 Impatienti noli-tangere-Alnetum glutinosae";"57c-101";"Impatienti noli-tangere-Alnetum glutinosae";"8"
"31696";"28";"57c-102 Ranunculo aconitifolii-Alnetum glutinosae";"57c-102";"Ranunculo aconitifolii-Alnetum glutinosae";"8"
"31703";"28";"57c-103 Artemisio vulgaris-Alnetum glutinosae";"57c-103";"Artemisio vulgaris-Alnetum glutinosae";"8"
"31704";"28";"57c-104 Sambuco nigrae-Alnetum glutinosae";"57c-104";"Sambuco nigrae-Alnetum glutinosae";"8"
"31705";"28";"57c-105 Hyperico androsaemi-Alnetum glutinosae";"57c-105";"Hyperico androsaemi-Alnetum glutinosae";"8"
"31706";"28";"57c-106 Filipendulo ulmariae-Alnetum glutinosae";"57c-106";"Filipendulo ulmariae-Alnetum glutinosae";"8"
"31707";"28";"57c-107 Carici ripariae-Fraxinetum excelsioris";"57c-107";"Carici ripariae-Fraxinetum excelsioris";"8"
"31709";"28";"57c-108 Pruno padi-Fraxinetum excelsioris";"57c-108";"Pruno padi-Fraxinetum excelsioris";"8"
"31710";"28";"57c-109 Alno glutinosae-Carpinetum betuli";"57c-109";"Alno glutinosae-Carpinetum betuli";"8"
"31569";"28";"57c-11 Adoxo moschatellinae-Fagetum sylvaticae";"57c-11";"Adoxo moschatellinae-Fagetum sylvaticae";"8"
"31711";"28";"57c-110 Ribo rubri-Ulmetum minoris";"57c-110";"Ribo rubri-Ulmetum minoris";"8"
"31712";"28";"57c-111 Ulmo minoris-Fraxinetum excelsioris";"57c-111";"Ulmo minoris-Fraxinetum excelsioris";"8"
"31713";"28";"57c-112 Ulmo laevis-Fraxinetum angustifoliae";"57c-112";"Ulmo laevis-Fraxinetum angustifoliae";"8"
"31714";"28";"57c-113 Stachyo sylvaticae-Quercetum roboris";"57c-113";"Stachyo sylvaticae-Quercetum roboris";"8"
"31715";"28";"57c-114 Viti sylvestris-Fraxinetum excelsioris";"57c-114";"Viti sylvestris-Fraxinetum excelsioris";"8"
"31700";"28";"57c-115 Primulo elatioris-Quercetum roboris";"57c-115";"Primulo elatioris-Quercetum roboris";"8"
"31701";"28";"57c-116 Scillo bifoliae-Quercetum roboris";"57c-116";"Scillo bifoliae-Quercetum roboris";"8"
"31702";"28";"57c-117 Aconito vulpariae-Quercetum roboris";"57c-117";"Aconito vulpariae-Quercetum roboris";"8"
"31749";"28";"57c-118 Corydalido cavae-Fraxinetum excelsioris";"57c-118";"Corydalido cavae-Fraxinetum excelsioris";"8"
"31750";"28";"57c-119 Glechomo hederaceae-Carpinetum";"57c-119";"Glechomo hederaceae-Carpinetum";"8"
"31570";"28";"57c-12 Euphorbio hybernae-Fagetum sylvaticae";"57c-12";"Euphorbio hybernae-Fagetum sylvaticae";"8"
"31751";"28";"57c-120 Pruno padi-Quercetum roboris";"57c-120";"Pruno padi-Quercetum roboris";"8"
"31753";"28";"57c-121 Endymio non-scriptae-Carpinetum betuli";"57c-121";"Endymio non-scriptae-Carpinetum betuli";"8"
"31754";"28";"57c-122 Adoxo moschatellinae-Fraxinetum excelsioris";"57c-122";"Adoxo moschatellinae-Fraxinetum excelsioris";"8"
"31756";"28";"57c-123 Pulmonario affinis-Fraxinetum excelsioris";"57c-123";"Pulmonario affinis-Fraxinetum excelsioris";"8"
"31757";"28";"57c-124 Rusco aculeati-Quercetum roboris";"57c-124";"Rusco aculeati-Quercetum roboris";"8"
"31758";"28";"57c-125 Aro italici-Carpinetum betuli";"57c-125";"Aro italici-Carpinetum betuli";"8"
"31766";"28";"57c-126 Hyperico androsaemi-Quercetum roboris";"57c-126";"Hyperico androsaemi-Quercetum roboris";"8"
"31767";"28";"57c-127 Thalictrello thalictroidis-Fraxinetum excelsioris";"57c-127";"Thalictrello thalictroidis-Fraxinetum excelsioris";"8"
"31768";"28";"57c-128 Saxifrago hirsutae-Quercetum roboris";"57c-128";"Saxifrago hirsutae-Quercetum roboris";"8"
"31770";"28";"57c-129 Polygono bistortae-Quercetum roboris";"57c-129";"Polygono bistortae-Quercetum roboris";"8"
"31613";"28";"57c-13 Luzulo sylvaticae-Fagetum sylvaticae";"57c-13";"Luzulo sylvaticae-Fagetum sylvaticae";"8"
"31771";"28";"57c-130 Corydalido solidae-Fraxinetum excelsioris";"57c-130";"Corydalido solidae-Fraxinetum excelsioris";"8"
"31773";"28";"57c-131 Buxo sempervirentis-Fraxinetum angustifoliae";"57c-131";"Buxo sempervirentis-Fraxinetum angustifoliae";"8"
"31774";"28";"57c-132 Symphyto tuberosi-Fraxinetum excelsioris";"57c-132";"Symphyto tuberosi-Fraxinetum excelsioris";"8"
"31775";"28";"57c-133 Carici pendulae-Fraxinetum angustifoliae";"57c-133";"Carici pendulae-Fraxinetum angustifoliae";"8"
"31776";"28";"57c-134 Daphno laureolae-Fraxinetum excelsioris";"57c-134";"Daphno laureolae-Fraxinetum excelsioris";"8"
"31777";"28";"57c-135 Melico uniflorae-Ostryetum carpinifoliae";"57c-135";"Melico uniflorae-Ostryetum carpinifoliae";"8"
"31779";"28";"57c-136 Quercetum petraeo-roboris";"57c-136";"Quercetum petraeo-roboris";"8"
"31780";"28";"57c-137 Deschampsio cespitosae-Quercetum roboris";"57c-137";"Deschampsio cespitosae-Quercetum roboris";"8"
"31781";"28";"57c-138 Primulo vulgaris-Carpinetum betuli";"57c-138";"Primulo vulgaris-Carpinetum betuli";"8"
"31782";"28";"57c-139 Carici flaccae-Quercetum roboris";"57c-139";"Carici flaccae-Quercetum roboris";"8"
"31614";"28";"57c-14 Lysimachio nemorum-Fagetum sylvaticae";"57c-14";"Lysimachio nemorum-Fagetum sylvaticae";"8"
"31786";"28";"57c-140 Phyllitido scolopendrii-Aceretum pseudoplatani";"57c-140";"Phyllitido scolopendrii-Aceretum pseudoplatani";"8"
"31787";"28";"57c-141 Ribeso alpini-Tilietum platyphylli";"57c-141";"Ribeso alpini-Tilietum platyphylli";"8"
"31788";"28";"57c-142 Lunario redivivae-Aceretum pseudoplatani";"57c-142";"Lunario redivivae-Aceretum pseudoplatani";"8"
"31789";"28";"57c-143 Corydalido solidae-Aceretum pseudoplatani";"57c-143";"Corydalido solidae-Aceretum pseudoplatani";"8"
"31790";"28";"57c-144 Arunco dioici-Aceretum pseudoplatani";"57c-144";"Arunco dioici-Aceretum pseudoplatani";"8"
"31791";"28";"57c-145 Ulmo glabrae-Aceretum pseudoplatani";"57c-145";"Ulmo glabrae-Aceretum pseudoplatani";"8"
"31792";"28";"57c-146 Sorbo ariae-Aceretum pseudoplatani";"57c-146";"Sorbo ariae-Aceretum pseudoplatani";"8"
"31793";"28";"57c-147 Polysticho aculeati-Fraxinetum excelsioris";"57c-147";"Polysticho aculeati-Fraxinetum excelsioris";"8"
"31794";"28";"57c-148 Dryopterido borreri-Aceretum pseudoplatani";"57c-148";"Dryopterido borreri-Aceretum pseudoplatani";"8"
"31795";"28";"57c-149 Asperulo taurinae-Aceretum pseudoplatani";"57c-149";"Asperulo taurinae-Aceretum pseudoplatani";"8"
"31615";"28";"57c-15 Scillo lilio-hyacinthi-Fagetum sylvaticae";"57c-15";"Scillo lilio-hyacinthi-Fagetum sylvaticae";"8"
"31797";"28";"57c-150 Avenello flexuosae-Aceretum pseudoplatani";"57c-150";"Avenello flexuosae-Aceretum pseudoplatani";"8"
"31798";"28";"57c-151 Querco petraeae-Tilietum platyphylli";"57c-151";"Querco petraeae-Tilietum platyphylli";"8"
"31799";"28";"57c-152 Valeriano tripteridis-Tilietum platyphylli";"57c-152";"Valeriano tripteridis-Tilietum platyphylli";"8"
"31801";"28";"57c-153 Dryopterido affinis-Fraxinetum excelsioris";"57c-153";"Dryopterido affinis-Fraxinetum excelsioris";"8"
"31802";"28";"57c-154 Hyperico androsaemi-Ulmetum glabrae";"57c-154";"Hyperico androsaemi-Ulmetum glabrae";"8"
"31803";"28";"57c-155 Polysticho setiferi-Ulmetum glabrae";"57c-155";"Polysticho setiferi-Ulmetum glabrae";"8"
"31804";"28";"57c-156 Phyllitido scolopendrii-Tilietum platyphylli";"57c-156";"Phyllitido scolopendrii-Tilietum platyphylli";"8"
"31807";"28";"57c-157 Helleboro foetidi-Aceretum pseudoplatani";"57c-157";"Helleboro foetidi-Aceretum pseudoplatani";"8"
"31808";"28";"57c-158 Seslerio albicantis-Tilietum platyphylli";"57c-158";"Seslerio albicantis-Tilietum platyphylli";"8"
"31809";"28";"57c-159 Aceri platanoidis-Tilietum platyphylli";"57c-159";"Aceri platanoidis-Tilietum platyphylli";"8"
"31617";"28";"57c-16 Chaerophyllo hirsuti-Abietetum albae";"57c-16";"Chaerophyllo hirsuti-Abietetum albae";"8"
"31810";"28";"57c-160 Aceri opali-Tilietum platyphylli";"57c-160";"Aceri opali-Tilietum platyphylli";"8"
"31760";"28";"57c-161 Clinopodio grandiflorii-Tilietum platyphylli";"57c-161";"Clinopodio grandiflorii-Tilietum platyphylli";"8"
"31761";"28";"57c-162 Lathyro nigri-Tilietum platyphylli";"57c-162";"Lathyro nigri-Tilietum platyphylli";"8"
"31762";"28";"57c-163 Tilietum cordato-platyphylli";"57c-163";"Tilietum cordato-platyphylli";"8"
"31763";"28";"57c-164 Aceri monspessulani-Tilietum cordatae";"57c-164";"Aceri monspessulani-Tilietum cordatae";"8"
"31764";"28";"57c-165 Querco ilicis-Tilietum platyphylli";"57c-165";"Querco ilicis-Tilietum platyphylli";"8"
"31618";"28";"57c-17 Carici pendulae-Abietetum albae";"57c-17";"Carici pendulae-Abietetum albae";"8"
"31619";"28";"57c-18 Equiseto sylvatici-Abietetum albae";"57c-18";"Equiseto sylvatici-Abietetum albae";"8"
"31620";"28";"57c-19 Ranunculo aconitifolii-Abietetum albae";"57c-19";"Ranunculo aconitifolii-Abietetum albae";"8"
"31633";"28";"57c-20 Aceri pseudoplatani-Fagetum sylvaticae";"57c-20";"Aceri pseudoplatani-Fagetum sylvaticae";"8"
"31634";"28";"57c-21 Saxifrago rotundifolii-Fagetum sylvaticae";"57c-21";"Saxifrago rotundifolii-Fagetum sylvaticae";"8"
"31635";"28";"57c-22 Doronico austriaci-Fagetum sylvaticae";"57c-22";"Doronico austriaci-Fagetum sylvaticae";"8"
"31636";"28";"57c-23 Violo biflorae-Fagetum sylvaticae";"57c-23";"Violo biflorae-Fagetum sylvaticae";"8"
"31637";"28";"57c-24 Sorbo praemorsae-Aceretum pseudoplatani";"57c-24";"Sorbo praemorsae-Aceretum pseudoplatani";"8"
"31638";"28";"57c-25 Valeriano rotundifoliae-Abietetum albae";"57c-25";"Valeriano rotundifoliae-Abietetum albae";"8"
"31641";"28";"57c-26 Deschampsio cespitosae-Fagetum sylvaticae";"57c-26";"Deschampsio cespitosae-Fagetum sylvaticae";"8"
"31642";"28";"57c-27 Scillo bifoliae-Carpinetum betuli";"57c-27";"Scillo bifoliae-Carpinetum betuli";"8"
"31643";"28";"57c-28 Ulmo glabrae-Fagetum sylvaticae";"57c-28";"Ulmo glabrae-Fagetum sylvaticae";"8"
"31644";"28";"57c-29 Equiseto hyemalis-Fagetum sylvaticae";"57c-29";"Equiseto hyemalis-Fagetum sylvaticae";"8"
"31645";"28";"57c-30 Endymio non-scriptae-Fagetum sylvaticae";"57c-30";"Endymio non-scriptae-Fagetum sylvaticae";"8"
"31646";"28";"57c-31 Pteridio aquilini-Fagetum sylvaticae";"57c-31";"Pteridio aquilini-Fagetum sylvaticae";"8"
"31647";"28";"57c-32 Mercurialo perennis-Aceretum campestris";"57c-32";"Mercurialo perennis-Aceretum campestris";"8"
"31648";"28";"57c-33 Lonicero periclymeni-Fagetum sylvaticae";"57c-33";"Lonicero periclymeni-Fagetum sylvaticae";"8"
"31649";"28";"57c-34 Milio effusi-Quercetum petraeae";"57c-34";"Milio effusi-Quercetum petraeae";"8"
"31650";"28";"57c-35 Daphno laureolae-Fagetum sylvaticae";"57c-35";"Daphno laureolae-Fagetum sylvaticae";"8"
"31651";"28";"57c-36 Rusco aculeati-Fagetum sylvaticae";"57c-36";"Rusco aculeati-Fagetum sylvaticae";"8"
"31652";"28";"57c-37 Luzulo sylvaticae-Quercetum petraeae";"57c-37";"Luzulo sylvaticae-Quercetum petraeae";"8"
"31653";"28";"57c-38 Polygonato multiflori-Fagetum sylvaticae";"57c-38";"Polygonato multiflori-Fagetum sylvaticae";"8"
"31654";"28";"57c-39 Lilio martagon-Quercetum petraeae";"57c-39";"Lilio martagon-Quercetum petraeae";"8"
"31655";"28";"57c-40 Epilobio montani-Fagetum sylvaticae";"57c-40";"Epilobio montani-Fagetum sylvaticae";"8"
"31656";"28";"57c-41 Rubio peregrinae-Fagetum sylvaticae";"57c-41";"Rubio peregrinae-Fagetum sylvaticae";"8"
"31657";"28";"57c-42 Androsaemo officinalis-Fagetum sylvaticae";"57c-42";"Androsaemo officinalis-Fagetum sylvaticae";"8"
"31658";"28";"57c-43 Pulmonario affinis-Fagetum sylvaticae";"57c-43";"Pulmonario affinis-Fagetum sylvaticae";"8"
"31659";"28";"57c-44 Saniculo europaeae-Carpinetum";"57c-44";"Saniculo europaeae-Carpinetum";"8"
"31661";"28";"57c-45 Conopodio majoris-Fagetum sylvaticae";"57c-45";"Conopodio majoris-Fagetum sylvaticae";"8"
"31662";"28";"57c-46 Conopodio majoris-Fraxinetum excelsioris";"57c-46";"Conopodio majoris-Fraxinetum excelsioris";"8"
"31663";"28";"57c-47 Rubio peregrinae-Quercetum roboris";"57c-47";"Rubio peregrinae-Quercetum roboris";"8"
"31664";"28";"57c-48 Rubio peregrinae-Quercetum petraeae";"57c-48";"Rubio peregrinae-Quercetum petraeae";"8"
"31665";"28";"57c-49 Aro neglecti-Ulmetum minoris";"57c-49";"Aro neglecti-Ulmetum minoris";"8"
"31666";"28";"57c-50 Aro neglecti-Fraxinetum excelsioris";"57c-50";"Aro neglecti-Fraxinetum excelsioris";"8"
"31667";"28";"57c-51 Polysticho setiferi-Fraxinetum excelsioris";"57c-51";"Polysticho setiferi-Fraxinetum excelsioris";"8"
"31671";"28";"57c-52 Carici albae-Fagetum sylvaticae";"57c-52";"Carici albae-Fagetum sylvaticae";"8"
"31672";"28";"57c-53 Seslerio albicantis-Fagetum sylvaticae";"57c-53";"Seslerio albicantis-Fagetum sylvaticae";"8"
"31673";"28";"57c-54 Taxo baccatae-Fagetum sylvaticae";"57c-54";"Taxo baccatae-Fagetum sylvaticae";"8"
"31674";"28";"57c-55 Buxo sempervirentis-Fagetum sylvaticae";"57c-55";"Buxo sempervirentis-Fagetum sylvaticae";"8"
"31621";"28";"57c-56 Polygalo chamaebuxi-Fagetum sylvaticae";"57c-56";"Polygalo chamaebuxi-Fagetum sylvaticae";"8"
"31622";"28";"57c-57 Cytiso sessiliflori-Fagetum sylvaticae";"57c-57";"Cytiso sessiliflori-Fagetum sylvaticae";"8"
"31623";"28";"57c-58 Laserpitio nestleri-Fagetum sylvaticae";"57c-58";"Laserpitio nestleri-Fagetum sylvaticae";"8"
"31624";"28";"57c-59 Epipactido microphyllae-Fagetum sylvaticae";"57c-59";"Epipactido microphyllae-Fagetum sylvaticae";"8"
"31626";"28";"57c-60 Carici montanae-Fagetum sylvaticae";"57c-60";"Carici montanae-Fagetum sylvaticae";"8"
"31627";"28";"57c-61 Noccaeo montanae-Quercetum petraeae";"57c-61";"Noccaeo montanae-Quercetum petraeae";"8"
"31628";"28";"57c-62 Rhamno alpini-Fagetum sylvaticae";"57c-62";"Rhamno alpini-Fagetum sylvaticae";"8"
"31629";"28";"57c-63 Lonicero caprifolii-Fagetum sylvaticae";"57c-63";"Lonicero caprifolii-Fagetum sylvaticae";"8"
"31630";"28";"57c-64 Sorbo latifoliae-Fagetum sylvaticae";"57c-64";"Sorbo latifoliae-Fagetum sylvaticae";"8"
"31631";"28";"57c-65 Aceri monspessulani-Fagetum sylvaticae";"57c-65";"Aceri monspessulani-Fagetum sylvaticae";"8"
"31717";"28";"57c-66 Campanulo persicaefoliae-Ostryetum carpinifoliae";"57c-66";"Campanulo persicaefoliae-Ostryetum carpinifoliae";"8"
"31575";"28";"57c-67 Luzulo luzuloidis-Fagetum sylvaticae";"57c-67";"Luzulo luzuloidis-Fagetum sylvaticae";"8"
"31726";"28";"57c-69 Luzulo niveae-Fagetum sylvaticae";"57c-69";"Luzulo niveae-Fagetum sylvaticae";"8"
"31727";"28";"57c-70 Saxifrago hirsutae-Fagetum sylvaticae";"57c-70";"Saxifrago hirsutae-Fagetum sylvaticae";"8"
"31576";"28";"57c-71 Solidago virgaureae-Fagetum sylvaticae";"57c-71";"Solidago virgaureae-Fagetum sylvaticae";"8"
"31729";"28";"57c-72 Goodyero repentis-Abietetum albae";"57c-72";"Goodyero repentis-Abietetum albae";"8"
"31730";"28";"57c-73 Groupement à Galium rotundifolium et Abies alba";"57c-73";"Groupement à Galium rotundifolium et Abies alba";"8"
"31732";"28";"57c-74 Poo balbisii-Fagetum sylvaticae";"57c-74";"Poo balbisii-Fagetum sylvaticae";"8"
"31733";"28";"57c-75 Galio rotundifolii-Pinetum laricionis";"57c-75";"Galio rotundifolii-Pinetum laricionis";"8"
"31577";"28";"57c-76 Pinetum laricionis";"57c-76";"Pinetum laricionis";"8"
"31734";"28";"57c-77 Anthyllido hermanniae-Pinetum laricionis";"57c-77";"Anthyllido hermanniae-Pinetum laricionis";"8"
"31735";"28";"57c-78 Pyrolo minoris-Fagetum sylvaticae";"57c-78";"Pyrolo minoris-Fagetum sylvaticae";"8"
"31736";"28";"57c-79 Petasito albi-Fagetum sylvaticae";"57c-79";"Petasito albi-Fagetum sylvaticae";"8"
"31737";"28";"57c-80 Luzulo pedemontanae-Fagetum sylvaticae";"57c-80";"Luzulo pedemontanae-Fagetum sylvaticae";"8"
"31742";"28";"57c-81 Populetum albae";"57c-81";"Populetum albae";"8"
"31743";"28";"57c-82 Fraxino angustifoliae-Alnetum glutinosae";"57c-82";"Fraxino angustifoliae-Alnetum glutinosae";"8"
"31745";"28";"57c-83 Carici remotae-Fraxinetum angustifoliae";"57c-83";"Carici remotae-Fraxinetum angustifoliae";"8"
"31746";"28";"57c-84 Rubio peregrinae-Fraxinetum oxycarpae";"57c-84";"Rubio peregrinae-Fraxinetum oxycarpae";"8"
"31747";"28";"57c-85 Fraxino angustifoliae-Quercetum ilicis";"57c-85";"Fraxino angustifoliae-Quercetum ilicis";"8"
"31676";"28";"57c-86 Molinio arundinaceae-Alnetum glutinosae";"57c-86";"Molinio arundinaceae-Alnetum glutinosae";"8"
"31677";"28";"57c-87 Tilio cordatae-Alnetum glutinosae";"57c-87";"Tilio cordatae-Alnetum glutinosae";"8"
"31679";"28";"57c-88 Eupatorio corsici-Alnetum glutinosae";"57c-88";"Eupatorio corsici-Alnetum glutinosae";"8"
"31680";"28";"57c-89 Gentiano asclepiadeae-Alnetum glutinosae";"57c-89";"Gentiano asclepiadeae-Alnetum glutinosae";"8"
"31682";"28";"57c-90 Scolopendrio officinalis-Alnetum glutinosae";"57c-90";"Scolopendrio officinalis-Alnetum glutinosae";"8"
"31683";"28";"57c-91 Scrophulario auriculatae-Alnetum glutinosae";"57c-91";"Scrophulario auriculatae-Alnetum glutinosae";"8"
"31686";"28";"57c-92 Calamagrostio variae-Alnetum incanae";"57c-92";"Calamagrostio variae-Alnetum incanae";"8"
"31687";"28";"57c-93 Equiseto hyemalis-Alnetum incanae";"57c-93";"Equiseto hyemalis-Alnetum incanae";"8"
"31688";"28";"57c-94 Cytiso sessilifolii-Alnetum incanae";"57c-94";"Cytiso sessilifolii-Alnetum incanae";"8"
"31689";"28";"57c-95 Carici pendulae-Aceretum pseudoplatani";"57c-95";"Carici pendulae-Aceretum pseudoplatani";"8"
"31690";"28";"57c-96 Palustriello commutatae-Fraxinetum excelsioris";"57c-96";"Palustriello commutatae-Fraxinetum excelsioris";"8"
"31691";"28";"57c-97 Carici remotae-Fraxinetum excelsioris";"57c-97";"Carici remotae-Fraxinetum excelsioris";"8"
"31692";"28";"57c-98 Stellario nemorum-Alnetum glutinosae";"57c-98";"Stellario nemorum-Alnetum glutinosae";"8"
"31693";"28";"57c-99 Lonicero nigrae-Alnetum glutinosae";"57c-99";"Lonicero nigrae-Alnetum glutinosae";"8"
"31578";"28";"57c Carpino betuli-Fagetea sylvaticae";"57c";"Carpino betuli-Fagetea sylvaticae";"1"
"30582";"28";"6 Arrhenatheretea elatioris";"6";"Arrhenatheretea elatioris";"1"
"390";"28";"60 Saginetea maritimae";"60";"Saginetea maritimae";"1"
"26382";"28";"61 Salicetea herbaceae";"61";"Salicetea herbaceae";"1"
"31377";"28";"62a Salicetea purpureae";"62a";"Salicetea purpureae";"1"
"31484";"28";"62b Populo albae-Salicetea albae";"62b";"Populo albae-Salicetea albae";"1"
"31098";"28";"65 Sedo albi-Scleranthetea biennis";"65";"Sedo albi-Scleranthetea biennis";"1"
"391";"28";"65b Serapiadetea cordigero-linguae";"65b";"Serapiadetea cordigero-linguae";"1"
"392";"28";"66 Sisymbrietea officinalis";"66";"Sisymbrietea officinalis";"1"
"31217";"28";"72 Trifolio medii-Geranietea sanguinei";"72";"Trifolio medii-Geranietea sanguinei";"1"
"31126";"28";"74A Vaccinio-Piceetea";"74A";"Vaccinio-Piceetea";"1"
"30864";"28";"74B Junipero-Pinetea sylvestris";"74B";"Junipero-Pinetea sylvestris";"1"
"30932";"28";"74C Roso Pendulinae-Pinetea mugo";"74C";"Roso Pendulinae-Pinetea mugo";"1"
"31583";"28";"Abietenion albae";"";"Abietenion albae";"6"
"30623";"28";"Abieti-Piceion";"";"Abieti-Piceion";"5"
"31784";"28";"Acerenalia pseudoplatani";"";"Acerenalia pseudoplatani";"4"
"31783";"28";"Aceretalia pseudoplatani";"";"Aceretalia pseudoplatani";"3"
"31632";"28";"Aceri pseudoplatani-Fagion sylvaticae";"";"Aceri pseudoplatani-Fagion sylvaticae";"5"
"16774";"28";"Achilleo ptarmicae-Cirsion palustris";"";"Achilleo ptarmicae-Cirsion palustris";"5"
"3565";"28";"Adenostyletalia alliariae";"";"Adenostyletalia alliariae";"3"
"16707";"28";"Adenostylion alliariae";"";"Adenostylion alliariae";"5"
"16706";"28";"Adenostylion pyrenaicae";"";"Adenostylion pyrenaicae";"5"
"26593";"28";"Adiantetalia capilli-veneris";"";"Adiantetalia capilli-veneris";"3"
"26594";"28";"Adiantion capilli-veneris";"";"Adiantion capilli-veneris";"5"
"30628";"28";"Agrimonio-Trifolienion medii";"";"Agrimonio-Trifolienion medii";"6"
"31612";"28";"Agrostio capillaris-Quercion petraeae";"";"Agrostio capillaris-Quercion petraeae";"5"
"16750";"28";"Agrostio stoloniferae-Scirpoidion holoschoeni";"";"Agrostio stoloniferae-Scirpoidion holoschoeni";"5"
"16711";"28";"Agrostion curtisii";"";"Agrostion curtisii";"5"
"30637";"28";"Alchemillo monticolae-Trisetenion flavescentis";"";"Alchemillo monticolae-Trisetenion flavescentis";"6"
"30639";"28";"Alchemillo xanthochlorae-Cynosurenion cristati";"";"Alchemillo xanthochlorae-Cynosurenion cristati";"6"
"16701";"28";"Alliance à définir";"";"Alliance à définir";"5"
"3576";"28";"Alnetalia viridis";"";"Alnetalia viridis";"3"
"31685";"28";"Alnion incanae";"";"Alnion incanae";"5"
"16756";"28";"Alnion viridis";"";"Alnion viridis";"5"
"31379";"28";"Alno glutinosae-Salicion cinereae";"";"Alno glutinosae-Salicion cinereae";"5"
"31684";"28";"Alno glutinosae-Ulmenalia minoris";"";"Alno glutinosae-Ulmenalia minoris";"4"
"16746";"28";"Alopecurion pratensis";"";"Alopecurion pratensis";"5"
"16740";"28";"Alopecurion utriculati";"";"Alopecurion utriculati";"5"
"30643";"28";"Alysso alyssoidis-Sedetalia acris";"";"Alysso alyssoidis-Sedetalia acris";"3"
"30645";"28";"Alysso alyssoidis-Sedion albi";"";"Alysso alyssoidis-Sedion albi";"5"
"30647";"28";"Amelanchiero ovalis-Buxenion sempervirentis";"";"Amelanchiero ovalis-Buxenion sempervirentis";"6"
"30648";"28";"Amelanchiero ovalis-Buxion sempervirentis";"";"Amelanchiero ovalis-Buxion sempervirentis";"5"
"31625";"28";"Antherico ramosi-Fagenion sylvaticae";"";"Antherico ramosi-Fagenion sylvaticae";"6"
"30653";"28";"Antherico ramosi-Geranienion sanguinei";"";"Antherico ramosi-Geranienion sanguinei";"6"
"30654";"28";"Antherico ramosi-Geranietalia sanguinei";"";"Antherico ramosi-Geranietalia sanguinei";"3"
"16765";"28";"Anthrisco caucalidis-Cochlearion danicae";"";"Anthrisco caucalidis-Cochlearion danicae";"5"
"31196";"28";"Anthyllido boscii-Brometum erecti";"";"Anthyllido boscii-Brometum erecti";"8"
"16782";"28";"Antinorio agrostideae-Isoëtion velatae";"";"Antinorio agrostideae-Isoëtion velatae";"5"
"26385";"28";"Arabidetalia caeruleae";"";"Arabidetalia caeruleae";"3"
"26393";"28";"Arabidion caeruleae";"";"Arabidion caeruleae";"5"
"30576";"28";"Arabidion soyeri";"";"Arabidion soyeri";"5"
"30578";"28";"Arctostaphyllo uvae-ursi-Pinenion uncinatae";"";"Arctostaphyllo uvae-ursi-Pinenion uncinatae";"6"
"31388";"28";"Armerienion girardii";"";"Armerienion girardii";"6"
"31339";"28";"Armerio arenariae-Festucetum lemanii";"";"Armerio arenariae-Festucetum lemanii";"8"
"24072";"28";"Armerio plantagineae-Festucetum paniculatae";"";"Armerio plantagineae-Festucetum paniculatae";"8"
"31365";"28";"Armerion junceae";"";"Armerion junceae";"5"
"31148";"28";"Arrhénathéraie à Brachypodium pinnatum";"";"Arrhénathéraie à Brachypodium pinnatum";"8"
"31149";"28";"Arrhénathéraie à Symphytum officinale";"";"Arrhénathéraie à Symphytum officinale";"8"
"31150";"28";"Arrhénathéraie à Veronica teucrium";"";"Arrhénathéraie à Veronica teucrium";"8"
"31151";"28";"Arrhénathéraie de Brenne";"";"Arrhénathéraie de Brenne";"8"
"31152";"28";"Arrhénathéraie de terril du nord de la France";"";"Arrhénathéraie de terril du nord de la France";"8"
"30581";"28";"Arrhenatheretalia elatioris";"";"Arrhenatheretalia elatioris";"3"
"30583";"28";"Arrhenatherion elatioris";"";"Arrhenatherion elatioris";"5"
"31316";"28";"Artemisio albae-Bromenalia erecti";"";"Artemisio albae-Bromenalia erecti";"4"
"26584";"28";"Artemision arborescentis";"";"Artemision arborescentis";"5"
"16709";"28";"Arunco dioici-Petasition albi";"";"Arunco dioici-Petasition albi";"5"
"26430";"28";"Asplenio-Parietarietum judaicae";"";"Asplenio-Parietarietum judaicae";"8"
"26390";"28";"Asplenio billotii-Cymbalarion muralis";"";"Asplenio billotii-Cymbalarion muralis ";"5"
"24161";"28";"ass. à Lotus pedunculatus-Trifolium fragiferum";"";"ass. à Lotus pedunculatus-Trifolium fragiferum";"8"
"23980";"28";"association à Aconitum lycoctonum et Adenostyles glabra";"";"association à Aconitum lycoctonum et Adenostyles glabra";"8"
"31366";"28";"Astero cebennensis-Anthyllidenion montanae";"";"Astero cebennensis-Anthyllidenion montanae";"6"
"31370";"28";"Astragalo incani-Festucion cinereae";"";"Astragalo incani-Festucion cinereae";"5"
"31719";"28";"Astrantio-Corylion avellanae";"";"Astrantio-Corylion avellanae";"5"
"30607";"28";"Athyrio-Piceetalia";"";"Athyrio-Piceetalia";"3"
"26609";"28";"Atropion belladonnae";"";"Atropion belladonnae";"5"
"31523";"28";"Avenello flexuosae-Quercion pubescentis";"";"Avenello flexuosae-Quercion pubescentis";"5"
"16713";"28";"Avenulo sulcatae-Nardion strictae";"";"Avenulo sulcatae-Nardion strictae";"5"
"20774";"28";"Azollo filiculoidis-Salvinienion natantis";"";"Azollo filiculoidis-Salvinienion natantis";"6"
"28699";"28";"Batrachion fluitantis";"";"Batrachion fluitantis";"5"
"30609";"28";"Berberidion vulgaris";"";"Berberidion vulgaris";"5"
"26585";"28";"Beto maritimae-Malvion arboreae";"";"Beto maritimae-Malvion arboreae";"5"
"31574";"28";"Betulion fontquerio-celtibericae";"";"Betulion fontquerio-celtibericae";"5"
"30613";"28";"Betulion pubescentis";"";"Betulion pubescentis";"5"
"30617";"28";"Bolboschoenetalia maritimi";"";"Bolboschoenetalia maritimi";"3"
"30619";"28";"Bolboschoenion yagaro-laticarpion";"";"Bolboschoenion yagaro-laticarpion";"5"
"30590";"28";"Bolboschoeno maritimi-Schoenoplection litoralis";"";"Bolboschoeno maritimi-Schoenoplection litoralis";"5"
"30591";"28";"Brachypodio rupestris-Centaureion nemoralis";"";"Brachypodio rupestris-Centaureion nemoralis";"5"
"30592";"28";"Brachypodio rupestris-Gaudinienion fragilis";"";"Brachypodio rupestris-Gaudinienion fragilis";"6"
"26391";"28";"Brassicion oleraceae";"";"Brassicion oleraceae ";"5"
"31177";"28";"Bromenalia erecti";"";"Bromenalia erecti";"4"
"31176";"28";"Brometalia erecti";"";"Brometalia erecti";"3"
"3590";"28";"Brometalia rubenti-tectorum";"";"Brometalia rubenti-tectorum";"3"
"31178";"28";"Bromion erecti";"";"Bromion erecti";"5"
"16745";"28";"Bromion racemosi";"";"Bromion racemosi";"5"
"16806";"28";"Bromo-Hordeion murini";"";"Bromo-Hordeion murini";"5"
"3578";"28";"Bromo sterilis-Cardaminetalia hirsutae";"";"Bromo sterilis-Cardaminetalia hirsutae";"3"
"31534";"28";"Buxenion sempervirentis";"";"Buxenion sempervirentis";"6"
"31772";"28";"Buxo sempervirentis-Fraxinion angustifoliae";"";"Buxo sempervirentis-Fraxinion angustifoliae";"5"
"31506";"28";"Buxo sempervirentis-Quercenion pubescentis";"";"Buxo sempervirentis-Quercenion pubescentis";"6"
"16705";"28";"Calamagrostion arundinaceae";"";"Calamagrostion arundinaceae";"5"
"16780";"28";"Calystegio sepium-Althaeion officinalis";"";"Calystegio sepium-Althaeion officinalis";"5"
"16720";"28";"Campanulo barbatae-Potentillion aureae";"";"Campanulo barbatae-Potentillion aureae";"5"
"31528";"28";"Campanulo mediae-Ostryenion carpinifoliae";"";"Campanulo mediae-Ostryenion carpinifoliae";"6"
"30735";"28";"Campanulo rhomboidalis-Trisetenion flavescentis";"";"Campanulo rhomboidalis-Trisetenion flavescentis";"6"
"30738";"28";"Cardamino amarae-Chrysosplenietalia alternifolii";"";"Cardamino amarae-Chrysosplenietalia alternifolii";"3"
"30741";"28";"Cardamino amarae-Montion fontanae";"";"Cardamino amarae-Montion fontanae";"5"
"31423";"28";"Carduncello mitissimi-Caricetum flaccae";"";"Carduncello mitissimi-Caricetum flaccae";"8"
"28394";"28";"Caricetalia curvulae";"";"Caricetalia curvulae";"3"
"30751";"28";"Carici arenariae-Arrhenatherion elatioris";"";"Carici arenariae-Arrhenatherion elatioris";"5"
"16715";"28";"Carici arenariae-Festucion filiformis";"";"Carici arenariae-Festucion filiformis";"5"
"16721";"28";"Carici macrostyli-Nardion strictae";"";"Carici macrostyli-Nardion strictae";"5"
"16704";"28";"Carici nigrae-Juncion bulbosi";"";"Carici nigrae-Juncion bulbosi";"5"
"30760";"28";"Carici pseudocyperi-Rumicion hydrolapathi";"";"Carici pseudocyperi-Rumicion hydrolapathi";"5"
"8584";"28";"Carici vulpinae-Eleocharitenalia palustris";"";"Carici vulpinae-Eleocharitenalia palustris";"4"
"16725";"28";"Caricion caryophylleae";"";"Caricion caryophylleae";"5"
"28405";"28";"Caricion curvulae";"";"Caricion curvulae";"5"
"30761";"28";"Caricion gracilis";"";"Caricion gracilis";"5"
"30762";"28";"Caricion remotae";"";"Caricion remotae";"5"
"31473";"28";"Carpinenion betuli";"";"Carpinenion betuli";"6"
"31472";"28";"Carpinion betuli";"";"Carpinion betuli";"5"
"31527";"28";"Carpinion orientalis";"";"Carpinion orientalis";"5"
"31639";"28";"Carpino betuli-Fagenalia sylvaticae";"";"Carpino betuli-Fagenalia sylvaticae";"4"
"31640";"28";"Carpino betuli-Fagion sylvaticae";"";"Carpino betuli-Fagion sylvaticae";"5"
"31310";"28";"Catanancho caeruleae-Plantaginetum mediae";"";"Catanancho caeruleae-Plantaginetum mediae";"8"
"31317";"28";"Centaureo stoebes-Koelerion vallesianae";"";"Centaureo stoebes-Koelerion vallesianae";"5"
"16694";"28";"Centaurio pulchelli-Blackstonion perfoliatae";"";"Centaurio pulchelli-Blackstonion perfoliatae";"5"
"26389";"28";"Centrantho rubri-Parietarion judaicae";"";"Centrantho rubri-Parietarion judaicae ";"5"
"20771";"28";"Centunculenion minimi";"";"Centunculenion minimi";"6"
"31668";"28";"Cephalanthero damasonii-Fagenalia sylvaticae";"";"Cephalanthero damasonii-Fagenalia sylvaticae";"4"
"31670";"28";"Cephalanthero damasonii-Fagenion sylvaticae";"";"Cephalanthero damasonii-Fagenion sylvaticae";"6"
"31669";"28";"Cephalanthero damasonii-Fagion sylvaticae";"";"Cephalanthero damasonii-Fagion sylvaticae";"5"
"20777";"28";"Ceratophyllenion demersi";"";"Ceratophyllenion demersi";"6"
"31616";"28";"Chaerophyllo hirsuti-Abietion albae";"";"Chaerophyllo hirsuti-Abietion albae";"5"
"30774";"28";"Chamaemelo nobilis-Cynosurenion cristati";"";"Chamaemelo nobilis-Cynosurenion cristati";"6"
"31198";"28";"Chamaespartio sagittalis-Agrostienion capillaris";"";"Chamaespartio sagittalis-Agrostienion capillaris";"6"
"3581";"28";"Charetalia canescentis";"";"Charetalia canescentis";"3"
"3580";"28";"Charetalia hispidae";"";"Charetalia hispidae";"3"
"16770";"28";"Charion canescentis";"";"Charion canescentis";"5"
"16769";"28";"Charion fragilis";"";"Charion fragilis";"5"
"16768";"28";"Charion vulgaris";"";"Charion vulgaris";"5"
"31720";"28";"Chelidonio majoris-Robinion pseudoacaciae";"";"Chelidonio majoris-Robinion pseudoacaciae";"5"
"3591";"28";"Chenopodietalia muralis";"";"Chenopodietalia muralis";"3"
"24476";"28";"Chenopodietum muralis sensu";"";"Chenopodietum muralis sensu";"8"
"16801";"28";"Chenopodion muralis";"";"Chenopodion muralis";"5"
"30778";"28";"Chrysanthemo rotundifolii-Piceion";"";"Chrysanthemo rotundifolii-Piceion";"5"
"16788";"28";"Cicendio filiformis-Solenopsion laurentiae";"";"Cicendio filiformis-Solenopsion laurentiae";"5"
"16691";"28";"Cicendion filiformis";"";"Cicendion filiformis";"5"
"16771";"28";"Cistion ladaniferi";"";"Cistion ladaniferi";"5"
"16772";"28";"Cistion laurifolii";"";"Cistion laurifolii";"5"
"30662";"28";"Clematido vitalbae-Acerion campestris";"";"Clematido vitalbae-Acerion campestris";"5"
"16738";"28";"Cnidion venosi";"";"Cnidion venosi";"5"
"30667";"28";"Colchico autumnalis-Arrhenatherenion elatioris";"";"Colchico autumnalis-Arrhenatherenion elatioris";"6"
"24112";"28";"communauté à Rorippa islandica";"";"communauté à Rorippa islandica";"8"
"3584";"28";"Convolvuletalia sepium";"";"Convolvuletalia sepium";"3"
"16779";"28";"Convolvulion sepium";"";"Convolvulion sepium";"5"
"31718";"28";"Corylo avellanae-Fraxinenalia excelsioris";"";"Corylo avellanae-Fraxinenalia excelsioris";"4"
"30677";"28";"Corylo avellanae-Populion tremulae";"";"Corylo avellanae-Populion tremulae";"5"
"31526";"28";"Cotino coggygriae-Fraxinetalia orni";"";"Cotino coggygriae-Fraxinetalia orni";"3"
"30679";"28";"Cotoneastro integerrimi-Amelanchierenion ovalis";"";"Cotoneastro integerrimi-Amelanchierenion ovalis";"6"
"16786";"28";"Crassulo vaillantii-Lythrion borysthenici";"";"Crassulo vaillantii-Lythrion borysthenici";"5"
"31538";"28";"Cyclamino repandi-Fraxinenion orni";"";"Cyclamino repandi-Fraxinenion orni";"6"
"26392";"28";"Cymbalario muralis-Asplenion rutae-murariae";"";"Cymbalario muralis-Asplenion rutae-murariae ";"5"
"16781";"28";"Cynancho acuti-Calystegion sepium";"";"Cynancho acuti-Calystegion sepium";"5"
"30685";"28";"Cynosurion cristati";"";"Cynosurion cristati";"5"
"944";"28";"Cytisetalia scopario-striati";"";"Cytisetalia scopario-striati";"3"
"8588";"28";"Cytision oromediterranei";"";"Cytision oromediterranei";"5"
"31421";"28";"Dactylido hispanicae-Thymetum vulgaris";"";"Dactylido hispanicae-Thymetum vulgaris";"8"
"30704";"28";"Danthonio decumbentis-Cynosurenion cristati";"";"Danthonio decumbentis-Cynosurenion cristati";"6"
"16716";"28";"Danthonio decumbentis-Serapiadion linguae";"";"Danthonio decumbentis-Serapiadion linguae";"5"
"23963";"28";"Delphinio montani-Trollietum europaei";"";"Delphinio montani-Trollietum europaei";"8"
"3573";"28";"Deschampsietalia cespitosae";"";"Deschampsietalia cespitosae";"3"
"31796";"28";"Deschampsio flexuosae-Acerion pseudoplatani";"";"Deschampsio flexuosae-Acerion pseudoplatani";"5"
"30708";"28";"Deschampsio flexuosae-Pinion sylvestris";"";"Deschampsio flexuosae-Pinion sylvestris";"5"
"16751";"28";"Deschampsion mediae";"";"Deschampsion mediae";"5"
"31340";"28";"Diantho armeriae-Ranunculetum paludosi";"";"Diantho armeriae-Ranunculetum paludosi";"8"
"31342";"28";"Diantho gratianopolitani-Melicion ciliatae";"";"Diantho gratianopolitani-Melicion ciliatae";"5"
"30713";"28";"Dicrano-Pinion sylvestris";"";"Dicrano-Pinion sylvestris";"5"
"16789";"28";"Digitario sanguinalis-Polygonion avicularis";"";"Digitario sanguinalis-Polygonion avicularis";"5"
"30715";"28";"Dioscoreo communis-Salicion atrocinereae";"";"Dioscoreo communis-Salicion atrocinereae";"5"
"16710";"28";"Doronicion corsici";"";"Doronicion corsici";"5"
"24125";"28";"Doronico corsici-Narthecietum reverchoni";"";"Doronico corsici-Narthecietum reverchoni";"8"
"24229";"28";"Dorycnio gracilis-Schoenetum nigricantis";"";"Dorycnio gracilis-Schoenetum nigricantis";"8"
"16778";"28";"Dorycnio recti-Rumicion conglomerati";"";"Dorycnio recti-Rumicion conglomerati";"5"
"16764";"28";"Drabo muralis-Cardaminion hirsutae";"";"Drabo muralis-Cardaminion hirsutae";"5"
"31800";"28";"Dryopterido affinis-Fraxinion excelsioris";"";"Dryopterido affinis-Fraxinion excelsioris";"5"
"16797";"28";"Echio lycopsis-Galactition tomentosae";"";"Echio lycopsis-Galactition tomentosae";"5"
"20779";"28";"Elatino macropodae-Lindernenion procumbentis";"";"Elatino macropodae-Lindernenion procumbentis";"6"
"3572";"28";"Elatino triandrae-Cyperetalia fusci";"";"Elatino triandrae-Cyperetalia fusci";"3"
"16785";"28";"Elatino triandrae-Damasonion alismatis";"";"Elatino triandrae-Damasonion alismatis";"5"
"3563";"28";"Eleocharitetalia multicaulis";"";"Eleocharitetalia multicaulis";"3"
"16702";"28";"Eleocharition acicularis";"";"Eleocharition acicularis";"5"
"16732";"28";"Eleocharition soloniensis";"";"Eleocharition soloniensis";"5"
"30721";"28";"Eleocharito palustris-Sagittarion sagittifoliae";"";"Eleocharito palustris-Sagittarion sagittifoliae";"5"
"24138";"28";"Eleocharito palustris-Scirpetum americani";"";"Eleocharito palustris-Scirpetum americani";"8"
"16699";"28";"Elodo palustris-Sparganion";"";"Elodo palustris-Sparganion";"5"
"26607";"28";"Epilobietalia angustifolii";"";"Epilobietalia angustifolii ";"3"
"24360";"28";"Epilobio hirsuti-Filipenduletum ulmariae";"";"Epilobio hirsuti-Filipenduletum ulmariae";"8"
"26608";"28";"Epilobion angustifolii";"";"Epilobion angustifolii";"5"
"30726";"28";"Epipactido atropurpureae-Pinion mugo";"";"Epipactido atropurpureae-Pinion mugo";"5"
"28422";"28";"Ericion terminalis";"";"Ericion terminalis";"5"
"16731";"28";"Ericion tetralicis";"";"Ericion tetralicis";"5"
"3571";"28";"Erico tetralicis-Sphagnetalia papillosi";"";"Erico tetralicis-Sphagnetalia papillosi";"3"
"30731";"28";"Eriophoro vaginati-Piceenion abietis";"";"Eriophoro vaginati-Piceenion abietis";"6"
"30732";"28";"Eriophoro vaginati-Piceion abietis";"";"Eriophoro vaginati-Piceion abietis";"5"
"31598";"28";"Erythronio dentis-canis-Carpinion betuli";"";"Erythronio dentis-canis-Carpinion betuli";"5"
"20778";"28";"Eu-Eleocharitenion ovatae";"";"Eu-Eleocharitenion ovatae";"6"
"31311";"28";"Euphorbio portlandicae-Anthyllidenion vulnerariae";"";"Euphorbio portlandicae-Anthyllidenion vulnerariae";"6"
"31197";"28";"Euphorbio verrucosae-Salvietum pratensis";"";"Euphorbio verrucosae-Salvietum pratensis";"8"
"28413";"28";"Euphorbion prostratae";"";"Euphorbion prostratae";"5"
"26597";"28";"F01-01 Samolo valerandi-Adiantetum capilli-veneris";"F01-01";"Samolo valerandi-Adiantetum capilli-veneris";"8"
"26598";"28";"F01-02 Crithmo maritimi-Adiantetum capilli-veneris";"F01-02";"Crithmo maritimi-Adiantetum capilli-veneris";"8"
"26599";"28";"F01-03 Hyperico androsaemi-Adiantetum capilli-veneris";"F01-03";"Hyperico androsaemi-Adiantetum capilli-veneris";"8"
"26600";"28";"F01-04 Adianto capilli-veneris-Osmundetum regalis";"F01-04";"Adianto capilli-veneris-Osmundetum regalis";"8"
"26601";"28";"F01-05 Carici brachystachyos-Pinguiculetum caussensis";"F01-05";"Carici brachystachyos-Pinguiculetum caussensis";"8"
"26602";"28";"F01-06 Adianto capilli-veneris-Pinguiculetum longifoliae";"F01-06";"Adianto capilli-veneris-Pinguiculetum longifoliae";"8"
"26603";"28";"F01-07 Adianto capilli-veneris-Pinguiculetum reichenbachianae";"F01-07";"Adianto capilli-veneris-Pinguiculetum reichenbachianae";"8"
"26604";"28";"F01-08 Hyperico hircini-Woodwardietum radicantis";"F01-08";"Hyperico hircini-Woodwardietum radicantis";"8"
"26605";"28";"F01-09 Polysticho setiferi-Pteridetum creticae";"F01-09";"Polysticho setiferi-Pteridetum creticae";"8"
"24127";"28";"F03-01 Plantagini timbalii-Oenanthetum globulosae";"F03-01";"Plantagini timbalii-Oenanthetum globulosae";"8"
"24128";"28";"F03-02 Ranunculo ophioglossifolii-Artemisietum molinieri";"F03-02";"Ranunculo ophioglossifolii-Artemisietum molinieri";"8"
"24130";"28";"F03-03 Eleocharito palustris-Preslietum cervinae";"F03-03";"Eleocharito palustris-Preslietum cervinae";"8"
"24131";"28";"F03-04 Inulo britannicae-Menthetum cervinae";"F03-04";"Inulo britannicae-Menthetum cervinae";"8"
"24132";"28";"F03-05 Loto preslii-Oenanthetum fistulosae";"F03-05";"Loto preslii-Oenanthetum fistulosae";"8"
"24133";"28";"F03-06 Helosciadio crassipedis-Ranunculetum ophioglossifolii";"F03-06";"Helosciadio crassipedis-Ranunculetum ophioglossifolii";"8"
"24134";"28";"F03-07 Ranunculo ophioglossifolii-Oenanthetum fistulosae";"F03-07";"Ranunculo ophioglossifolii-Oenanthetum fistulosae";"8"
"24135";"28";"F03-08 Hydrocotylo vulgaris-Caricetum divisae";"F03-08";"Hydrocotylo vulgaris-Caricetum divisae";"8"
"24136";"28";"F03-09 Junco gerardi-Oenanthetum fistulosae";"F03-09";"Junco gerardi-Oenanthetum fistulosae";"8"
"24139";"28";"F03-10 Gratiolo officinalis-Oenanthetum fistulosae";"F03-10";"Gratiolo officinalis-Oenanthetum fistulosae";"8"
"24140";"28";"F03-11 Eleocharito palustris-Oenanthetum fistulosae";"F03-11";"Eleocharito palustris-Oenanthetum fistulosae";"8"
"24141";"28";"F03-12 Hydrocotylo vulgaris-Eleocharitetum palustris";"F03-12";"Hydrocotylo vulgaris-Eleocharitetum palustris";"8"
"24142";"28";"F03-13 Oenantho fistulosae-Caricetum vulpinae";"F03-13";"Oenantho fistulosae-Caricetum vulpinae";"8"
"24143";"28";"F03-14 Oenantho lachenalii-Eleocharitetum uniglumis";"F03-14";"Oenantho lachenalii-Eleocharitetum uniglumis";"8"
"24144";"28";"F03-15 Ranunculo repentis-Alopecuretum geniculati";"F03-15";"Ranunculo repentis-Alopecuretum geniculati";"8"
"24146";"28";"F03-16 Cnidio dubii-Violetum pumilae";"F03-16";"Cnidio dubii-Violetum pumilae";"8"
"24147";"28";"F03-17 Glycerio fluitantis-Menthetum arvensis";"F03-17";"Glycerio fluitantis-Menthetum arvensis";"8"
"24149";"28";"F03-18 Teucrio scordii-Menthetum arvensis";"F03-18";"Teucrio scordii-Menthetum arvensis";"8"
"24150";"28";"F03-19 Trifolio maritimi-Oenanthetum silaifoliae";"F03-19";"Trifolio maritimi-Oenanthetum silaifoliae";"8"
"24151";"28";"F03-20 Carici divisae-Lolietum perennis";"F03-20";"Carici divisae-Lolietum perennis";"8"
"24153";"28";"F03-21 Lino biennis-Festucetum arundinaceae";"F03-21";"Lino biennis-Festucetum arundinaceae";"8"
"24154";"28";"F03-22 Dorycnio gracilis-Festucetum arundinaceae";"F03-22";"Dorycnio gracilis-Festucetum arundinaceae";"8"
"24155";"28";"F03-23 Junco maritimi-Iridetum spuriae";"F03-23";"Junco maritimi-Iridetum spuriae";"8"
"24156";"28";"F03-24 Cerastio dubii-Juncetum gerardi";"F03-24";"Cerastio dubii-Juncetum gerardi";"8"
"24157";"28";"F03-25 Agropyro repentis-Juncetum gerardi";"F03-25";"Agropyro repentis-Juncetum gerardi";"8"
"24158";"28";"F03-26 Festuco arundinaceae-Caricetum distantis";"F03-26";"Festuco arundinaceae-Caricetum distantis";"8"
"24159";"28";"F03-27 Agrostio stoloniferae-Caricetum vikingensis";"F03-27";"Agrostio stoloniferae-Caricetum vikingensis";"8"
"24160";"28";"F03-28 Samolo valerandi-Caricetum vikingensis";"F03-28";"Samolo valerandi-Caricetum vikingensis";"8"
"24162";"28";"F03-29 Potentillo anserinae-Festucetum arundinaceae";"F03-29";"Potentillo anserinae-Festucetum arundinaceae";"8"
"24163";"28";"F03-30 Soncho arvensis-Rumicetum rupestris";"F03-30";"Soncho arvensis-Rumicetum rupestris";"8"
"24164";"28";"F03-31 Apio graveolentis-Rumicetum rupestris";"F03-31";"Apio graveolentis-Rumicetum rupestris";"8"
"24165";"28";"F03-32 Trifolietum fragifero-repentis";"F03-32";"Trifolietum fragifero-repentis";"8"
"24166";"28";"F03-33 Potentillo reptantis-Elymetum repentis";"F03-33";"Potentillo reptantis-Elymetum repentis";"8"
"24167";"28";"F03-34 Rhinantho grandiflori-Holcetum lanati";"F03-34";"Rhinantho grandiflori-Holcetum lanati";"8"
"24168";"28";"F03-35 Taraxaco bessarabici-Caricetum distantis";"F03-35";"Taraxaco bessarabici-Caricetum distantis";"8"
"24169";"28";"F03-36 Cirsio monspessulani-Menthetum longifoliae";"F03-36";"Cirsio monspessulani-Menthetum longifoliae";"8"
"24171";"28";"F03-37 Potentillo reptantis-Menthetum suaveolentis";"F03-37";"Potentillo reptantis-Menthetum suaveolentis";"8"
"24172";"28";"F03-38 Cichorio intybi-Festucetum arundinaceae";"F03-38";"Cichorio intybi-Festucetum arundinaceae";"8"
"24175";"28";"F03-39 Ophioglosso vulgati-Oenanthetum pimpinelloidis";"F03-39";"Ophioglosso vulgati-Oenanthetum pimpinelloidis";"8"
"24176";"28";"F03-40 Oenantho peucedanifoliae-Brometum racemosi";"F03-40";"Oenantho peucedanifoliae-Brometum racemosi";"8"
"24177";"28";"F03-41 Senecioni aquatici-Oenanthetum mediae";"F03-41";"Senecioni aquatici-Oenanthetum mediae";"8"
"24178";"28";"F03-42 Trifolio patentis-Brometum racemosi";"F03-42";"Trifolio patentis-Brometum racemosi";"8"
"24181";"28";"F03-43 Junco acutiflori-Brometum racemosi";"F03-43";"Junco acutiflori-Brometum racemosi";"8"
"24182";"28";"F03-44 Deschampsio cespitosae-Oenanthetum peucedanifoliae";"F03-44";"Deschampsio cespitosae-Oenanthetum peucedanifoliae";"8"
"24183";"28";"F03-45 Colchico autumnalis-Brometum racemosi";"F03-45";"Colchico autumnalis-Brometum racemosi";"8"
"24184";"28";"F03-46 Senecioni aquatici-Brometum racemosi";"F03-46";"Senecioni aquatici-Brometum racemosi";"8"
"24185";"28";"F03-47 Achilleo ptarmicae-Brometum racemosi";"F03-47";"Achilleo ptarmicae-Brometum racemosi";"8"
"24188";"28";"F03-48 Oenantho peucedanifoliae-Ranunculetum repentis";"F03-48";"Oenantho peucedanifoliae-Ranunculetum repentis";"8"
"24189";"28";"F03-49 Hordeo secalini-Lolietum perennis";"F03-49";"Hordeo secalini-Lolietum perennis";"8"
"24190";"28";"F03-50 Silao silai-Festucetum pratensis";"F03-50";"Silao silai-Festucetum pratensis";"8"
"24191";"28";"F03-51 Euphorbio esulae-Elytrigietum repentis";"F03-51";"Euphorbio esulae-Elytrigietum repentis";"8"
"24192";"28";"F03-52 Trollio europaei-Cirsietum salisburgensis";"F03-52";"Trollio europaei-Cirsietum salisburgensis";"8"
"24196";"28";"F03-53 Pulicario dysentericae-Juncetum inflexi";"F03-53";"Pulicario dysentericae-Juncetum inflexi";"8"
"24197";"28";"F03-54 Mentho suaveolentis-Festucetum arundinaceae";"F03-54";"Mentho suaveolentis-Festucetum arundinaceae";"8"
"24198";"28";"F03-55 Carici flaccae-Juncetum inflexi";"F03-55";"Carici flaccae-Juncetum inflexi";"8"
"24199";"28";"F03-56 Mentho longifoliae-Juncetum inflexi";"F03-56";"Mentho longifoliae-Juncetum inflexi";"8"
"24200";"28";"F03-57 Achilleo ptarmicae-Juncetum inflexi";"F03-57";"Achilleo ptarmicae-Juncetum inflexi";"8"
"24202";"28";"F03-58 Gaudinio fragilis-Agrostietum stoloniferae";"F03-58";"Gaudinio fragilis-Agrostietum stoloniferae";"8"
"24203";"28";"F03-59 Hordeo secalini-Festucetum arundinaceae";"F03-59";"Hordeo secalini-Festucetum arundinaceae";"8"
"24204";"28";"F03-60 Rumici crispi-Juncetum inflexi";"F03-60";"Rumici crispi-Juncetum inflexi";"8"
"24205";"28";"F03-61 Carici distantis-Potentilletum reptantis";"F03-61";"Carici distantis-Potentilletum reptantis";"8"
"24206";"28";"F03-62 Cirsio palustris-Juncetum effusi";"F03-62";"Cirsio palustris-Juncetum effusi";"8"
"24207";"28";"F03-63 Junco acutiflori-Cynosuretum cristati";"F03-63";"Junco acutiflori-Cynosuretum cristati";"8"
"24208";"28";"F03-64 Cirsio arvensis-Alopecuretum pratensis";"F03-64";"Cirsio arvensis-Alopecuretum pratensis";"8"
"24209";"28";"F03-65 Loto pedunculati-Cynosuretum cristati";"F03-65";"Loto pedunculati-Cynosuretum cristati";"8"
"24210";"28";"F03-66 Plantagini majoris-Menthetum pulegii";"F03-66";"Plantagini majoris-Menthetum pulegii";"8"
"24211";"28";"F03-67 Potentillo anserinae-Alopecuretum geniculati";"F03-67";"Potentillo anserinae-Alopecuretum geniculati";"8"
"24212";"28";"F03-68 Rorippo sylvestris-Agrostietum stoloniferae";"F03-68";"Rorippo sylvestris-Agrostietum stoloniferae";"8"
"24213";"28";"F03-69 Ranunculo ophioglossifolii-Menthetum pulegii";"F03-69";"Ranunculo ophioglossifolii-Menthetum pulegii";"8"
"24214";"28";"F03-70 Nasturtio microphylli-Alopecuretum geniculati";"F03-70";"Nasturtio microphylli-Alopecuretum geniculati";"8"
"24215";"28";"F03-71 Triglochino palustris-Agrostietum stoloniferae";"F03-71";"Triglochino palustris-Agrostietum stoloniferae";"8"
"24216";"28";"F03-72 Junco compressi-Blysmetum compressi";"F03-72";"Junco compressi-Blysmetum compressi";"8"
"24217";"28";"F03-73 Caricetum hirto-distichae";"F03-73";"Caricetum hirto-distichae";"8"
"24218";"28";"F03-74 Poo trivialis-Rumicetum obtusifolii";"F03-74";"Poo trivialis-Rumicetum obtusifolii";"8"
"24219";"28";"F03-75 Carici flaccae-Agrostietum albae";"F03-75";"Carici flaccae-Agrostietum albae";"8"
"24220";"28";"F03-76 Prunello vulgaris-Potentilletum reptantis";"F03-76";"Prunello vulgaris-Potentilletum reptantis";"8"
"24222";"28";"F03-77 Lolio perennis-Potentilletum anserinae";"F03-77";"Lolio perennis-Potentilletum anserinae";"8"
"24223";"28";"F03-78 Prunello vulgaris-Ranunculetum repentis";"F03-78";"Prunello vulgaris-Ranunculetum repentis";"8"
"24224";"28";"F03-79 Plantagini majoris-Trifolietum resupinati";"F03-79";"Plantagini majoris-Trifolietum resupinati";"8"
"24225";"28";"F03-80 Cirsio monspessulani-Holoschoenetum vulgaris";"F03-80";"Cirsio monspessulani-Holoschoenetum vulgaris";"8"
"24226";"28";"F03-81 Fuirenetum pubescentis";"F03-81";"Fuirenetum pubescentis";"8"
"24227";"28";"F03-82 Agrostio maritimae-Achilleetum agerati";"F03-82";"Agrostio maritimae-Achilleetum agerati";"8"
"24228";"28";"F03-83 Prunello hyssopifoliae-Deschampsietum mediae";"F03-83";"Prunello hyssopifoliae-Deschampsietum mediae";"8"
"24230";"28";"F03-84 Hieracio pilosellae-Deschampsietum mediae";"F03-84";"Hieracio pilosellae-Deschampsietum mediae";"8"
"24231";"28";"F03-85 Hyperico tomentosi-Deschampsietum mediae";"F03-85";"Hyperico tomentosi-Deschampsietum mediae";"8"
"24232";"28";"F03-86 Junco compressi-Trifolietum fragiferi";"F03-86";"Junco compressi-Trifolietum fragiferi";"8"
"24233";"28";"F03-87 Trifolio fragiferi-Cynodontetum dactyli";"F03-87";"Trifolio fragiferi-Cynodontetum dactyli";"8"
"24234";"28";"F03-88 Teucrio scordioidis-Agrostietum stoloniferae";"F03-88";"Teucrio scordioidis-Agrostietum stoloniferae";"8"
"24236";"28";"F03-89 Trifolietum nigrescenti-resupinati";"F03-89";"Trifolietum nigrescenti-resupinati";"8"
"24238";"28";"F03-90 Paspalo distichi-Polypogonetum viridis";"F03-90";"Paspalo distichi-Polypogonetum viridis";"8"
"28371";"28";"F03-91 Baldellio ranunculoidis-Lythretum salicariae";"F03-91";"Baldellio ranunculoidis-Lythretum salicariae";"8"
"28380";"28";"F03-92 Festuco arundinaceae-Puccinellietum distantis";"F03-92";"Festuco arundinaceae-Puccinellietum distantis";"8"
"28416";"28";"F03-92 Mentho pulegii-Eleocharitetum palustris";"F03-92";"Mentho pulegii-Eleocharitetum palustris";"8"
"28381";"28";"F03-93 Scorzonero humilis-Agrostietum capillaris";"F03-93";"Scorzonero humilis-Agrostietum capillaris";"8"
"30799";"28";"F06-01 Lino biennis-Cynosuretum cristati";"F06-01";"Lino biennis-Cynosuretum cristati";"8"
"30796";"28";"F06-02 Lino angustifolii-Brometum hordeacei";"F06-02";"Lino angustifolii-Brometum hordeacei";"8"
"30765";"28";"F06-03 Centaureo nemoralis-Schedonoretum arundinaceae";"F06-03";"Centaureo nemoralis-Schedonoretum arundinaceae";"8"
"30813";"28";"F06-04 Gaudinio fragilis-Arrhenatheretum elatioris";"F06-04";"Gaudinio fragilis-Arrhenatheretum elatioris";"8"
"30844";"28";"F06-05 Hordeo secalini-Oenanthetum pimpinelloidis";"F06-05";"Hordeo secalini-Oenanthetum pimpinelloidis";"8"
"30755";"28";"F06-06 Carici divisae-Trisetetum flavescentis";"F06-06";"Carici divisae-Trisetetum flavescentis";"8"
"30710";"28";"F06-07 Diantho armeriae-Spiranthetum spiralis";"F06-07";"Diantho armeriae-Spiranthetum spiralis";"8"
"30973";"28";"F06-08 Luzulo campestris-Brometum hordeacei";"F06-08";"Luzulo campestris-Brometum hordeacei";"8"
"30776";"28";"F06-09 Chamaemelo nobilis-Vicietum nigrae";"F06-09";"Chamaemelo nobilis-Vicietum nigrae";"8"
"30797";"28";"F06-10 Lino angustifolii-Filipenduletum vulgaris";"F06-10";"Lino angustifolii-Filipenduletum vulgaris";"8"
"30898";"28";"F06-100 Plantagini majoris-Lolietum perennis";"F06-100";"Plantagini majoris-Lolietum perennis";"8"
"30803";"28";"F06-101 Lolio perennis-Plantaginetum coronopodis";"F06-101";"Lolio perennis-Plantaginetum coronopodis";"8"
"30987";"28";"F06-102 Medicagini lupulinae-Plantaginetum majoris";"F06-102";"Medicagini lupulinae-Plantaginetum majoris";"8"
"30652";"28";"F06-103 Anthemido nobilis-Agrostietum capillaris";"F06-103";"Anthemido nobilis-Agrostietum capillaris";"8"
"30899";"28";"F06-104 Plantagini majoris-Sporoboletum tenacissimi";"F06-104";"Plantagini majoris-Sporoboletum tenacissimi";"8"
"30859";"28";"F06-105 Juncetum tenuis";"F06-105";"Juncetum tenuis";"8"
"30787";"28";"F06-106 Gageo fistulosae-Poetum supinae";"F06-106";"Gageo fistulosae-Poetum supinae";"8"
"31042";"28";"F06-107 Taraxaco pyrenaici-Poetum supinae";"F06-107";"Taraxaco pyrenaici-Poetum supinae";"8"
"30786";"28";"F06-11 Fritillario meleagridis-Arrhenatheretum elatioris";"F06-11";"Fritillario meleagridis-Arrhenatheretum elatioris";"8"
"30687";"28";"F06-12 Eryngio campestris-Oenanthetum pimpinelloidis";"F06-12";"Eryngio campestris-Oenanthetum pimpinelloidis";"8"
"31214";"28";"F06-13 Trifolio maritimi-Galietum veri";"F06-13";"Trifolio maritimi-Galietum veri";"8"
"31141";"28";"F06-14 Vicio hirsutae-Arrhenatheretum elatioris";"F06-14";"Vicio hirsutae-Arrhenatheretum elatioris";"8"
"31225";"28";"F06-15 Trifolio subterranei-Galietum veri";"F06-15";"Trifolio subterranei-Galietum veri";"8"
"31000";"28";"F06-16 Orchido morionis-Saxifragetum granulatae";"F06-16";"Orchido morionis-Saxifragetum granulatae";"8"
"31115";"28";"F06-17 Sileno montanae-Arrhenatheretum elatioris";"F06-17";"Sileno montanae-Arrhenatheretum elatioris";"8"
"30753";"28";"F06-18 Carici arenariae-Saxifragetum granulatae";"F06-18";"Carici arenariae-Saxifragetum granulatae";"8"
"31002";"28";"F06-19 Orobancho purpureae-Arrhenatheretum elatioris";"F06-19";"Orobancho purpureae-Arrhenatheretum elatioris";"8"
"30752";"28";"F06-20 Carici arenariae-Festucetum junceae";"F06-20";"Carici arenariae-Festucetum junceae";"8"
"30948";"28";"F06-21 Pulicario dysentericae-Arrhenatheretum elatioris";"F06-21";"Pulicario dysentericae-Arrhenatheretum elatioris";"8"
"30577";"28";"F06-22 Arabidopsio halleri-Arrhenatheretum elatioris";"F06-22";"Arabidopsio halleri-Arrhenatheretum elatioris";"8"
"30917";"28";"F06-23 Primulo veris-Festucetum rubrae";"F06-23";"Primulo veris-Festucetum rubrae";"8"
"31012";"28";"F06-24 Phyteumato orbicularis-Arrhenatheretum elatioris";"F06-24";"Phyteumato orbicularis-Arrhenatheretum elatioris";"8"
"30843";"28";"F06-25 Hordeo secalini-Arrhenatheretum elatioris";"F06-25";"Hordeo secalini-Arrhenatheretum elatioris";"8"
"31114";"28";"F06-26 Silao silai-Colchicetum autumnalis";"F06-26";"Silao silai-Colchicetum autumnalis";"8"
"30669";"28";"F06-27 Colchico autumnalis-Festucetum pratensis";"F06-27";"Colchico autumnalis-Festucetum pratensis";"8"
"30580";"28";"F06-28 Armerio arenariae-Festucetum rubrae";"F06-28";"Armerio arenariae-Festucetum rubrae";"8"
"31034";"28";"F06-29 Stellario gramineae-Festucetum rubrae";"F06-29";"Stellario gramineae-Festucetum rubrae";"8"
"30584";"28";"F06-30 Arrhenathero elatioris-Filipenduletum vulgaris";"F06-30";"Arrhenathero elatioris-Filipenduletum vulgaris";"8"
"30642";"28";"F06-31 Alopecuro pratensis-Arrhenatheretum elatioris";"F06-31";"Alopecuro pratensis-Arrhenatheretum elatioris";"8"
"30837";"28";"F06-32 Heracleo sphondylii-Polygonetum bistortae";"F06-32";"Heracleo sphondylii-Polygonetum bistortae";"8"
"30638";"28";"F06-33 Alchemillo xanthochlorae-Arrhenatheretum elatioris";"F06-33";"Alchemillo xanthochlorae-Arrhenatheretum elatioris";"8"
"30634";"28";"F06-34 Alchemillo monticolae-Arrhenatheretum elatioris";"F06-34";"Alchemillo monticolae-Arrhenatheretum elatioris";"8"
"30911";"28";"F06-35 Poo pratensis-Trisetetum flavescentis";"F06-35";"Poo pratensis-Trisetetum flavescentis";"8"
"30604";"28";"F06-36 Astrantio majoris-Arrhenatheretum elatioris";"F06-36";"Astrantio majoris-Arrhenatheretum elatioris";"8"
"30812";"28";"F06-37 Galio veri-Trifolietum repentis";"F06-37";"Galio veri-Trifolietum repentis";"8"
"30691";"28";"F06-38 Euphorbio cyparissiae-Festucetum rubrae";"F06-38";"Euphorbio cyparissiae-Festucetum rubrae";"8"
"30869";"28";"F06-39 Knautio arvernensis-Arrhenatheretum elatioris";"F06-39";"Knautio arvernensis-Arrhenatheretum elatioris";"8"
"31064";"28";"F06-40 Salvio pratensis-Trifolietum molinerii";"F06-40";"Salvio pratensis-Trifolietum molinerii";"8"
"30870";"28";"F06-41 Knautio arvernensis-Malvetum moschatae";"F06-41";"Knautio arvernensis-Malvetum moschatae";"8"
"30631";"28";"F06-42 Agrostio capillaris-Saxifragetum granulatae";"F06-42";"Agrostio capillaris-Saxifragetum granulatae";"8"
"30883";"28";"F06-43 Lathyro tuberosi-Arrhenatheretum elatioris";"F06-43";"Lathyro tuberosi-Arrhenatheretum elatioris";"8"
"30707";"28";"F06-44 Dauco carotae-Arrhenatheretum elatioris";"F06-44";"Dauco carotae-Arrhenatheretum elatioris";"8"
"30766";"28";"F06-45 Centaureo nigrae-Arrhenatheretum elatioris";"F06-45";"Centaureo nigrae-Arrhenatheretum elatioris";"8"
"30834";"28";"F06-47 Heracleo setosi-Arrhenatheretum elatioris";"F06-47";"Heracleo setosi-Arrhenatheretum elatioris";"8"
"30756";"28";"F06-48 Carici divulsae-Poetum angustifoliae";"F06-48";"Carici divulsae-Poetum angustifoliae";"8"
"31007";"28";"F06-49 Phleo serotini-Agrostietum capillaris";"F06-49";"Phleo serotini-Agrostietum capillaris";"8"
"30793";"28";"F06-50 Galio veri-Anthoxanthetum odorati";"F06-50";"Galio veri-Anthoxanthetum odorati";"8"
"30757";"28";"F06-51 Carici leersii-Arrhenatheretum elatioris";"F06-51";"Carici leersii-Arrhenatheretum elatioris";"8"
"30907";"28";"F06-52 Poo angustifoliae-Avenuletum pubescentis";"F06-52";"Poo angustifoliae-Avenuletum pubescentis";"8"
"30758";"28";"F06-53 Carici ligericae-Festucetum rubrae";"F06-53";"Carici ligericae-Festucetum rubrae";"8"
"31051";"28";"F06-54 Rumici acetosellae-Arrhenatheretum elatioris";"F06-54";"Rumici acetosellae-Arrhenatheretum elatioris";"8"
"30835";"28";"F06-55 Heracleo sphondylii-Brometum hordeacei";"F06-55";"Heracleo sphondylii-Brometum hordeacei";"8"
"30832";"28";"F06-56 Heracleo lecoqii-Arrhenatheretum elatioris";"F06-56";"Heracleo lecoqii-Arrhenatheretum elatioris";"8"
"30855";"28";"F06-57 Inulo helenii-Heracleetum sphondylii";"F06-57";"Inulo helenii-Heracleetum sphondylii";"8"
"31213";"28";"F06-58 Trifolio hybridi-Lolietum perennis";"F06-58";"Trifolio hybridi-Lolietum perennis";"8"
"30702";"28";"F06-59 Dactylido glomeratae-Festucetum arundinaceae";"F06-59";"Dactylido glomeratae-Festucetum arundinaceae";"8"
"31041";"28";"F06-60 Tanaceto vulgaris-Arrhenatheretum elatioris";"F06-60";"Tanaceto vulgaris-Arrhenatheretum elatioris";"8"
"30657";"28";"F06-61 Cirsio arvensis-Arrhenatheretum elatioris";"F06-61";"Cirsio arvensis-Arrhenatheretum elatioris";"8"
"31006";"28";"F06-62 Phleo pratensis-Agropyretum repentis";"F06-62";"Phleo pratensis-Agropyretum repentis";"8"
"30635";"28";"F06-63 Alchemillo monticolae-Brometum hordeacei";"F06-63";"Alchemillo monticolae-Brometum hordeacei";"8"
"31129";"28";"F06-64 Veratro lobeliani-Cirsietum eriophori";"F06-64";"Veratro lobeliani-Cirsietum eriophori";"8"
"31144";"28";"F06-65 Violo luteae-Trisetetum flavescentis";"F06-65";"Violo luteae-Trisetetum flavescentis";"8"
"30767";"28";"F06-66 Centaureo nigrae-Poetum chaixii";"F06-66";"Centaureo nigrae-Poetum chaixii";"8"
"30630";"28";"F06-67 Agrostio capillaris-Festucetum rubrae";"F06-67";"Agrostio capillaris-Festucetum rubrae";"8"
"30603";"28";"F06-68 Campanulo patulae-Violetum cornutae";"F06-68";"Campanulo patulae-Violetum cornutae";"8"
"30817";"28";"F06-69 Geranio phaei-Trisetetum flavescentis";"F06-69";"Geranio phaei-Trisetetum flavescentis";"8"
"30871";"28";"F06-70 Knautio arvernensis-Trisetetum flavescentis";"F06-70";"Knautio arvernensis-Trisetetum flavescentis";"8"
"30833";"28";"F06-71 Heracleo pyrenaici-Trisetetum flavescentis";"F06-71";"Heracleo pyrenaici-Trisetetum flavescentis";"8"
"30605";"28";"F06-72 Astrantio majoris-Avenuletum pubescentis";"F06-72";"Astrantio majoris-Avenuletum pubescentis";"8"
"31013";"28";"F06-73 Phyteumato spicati-Narcissetum poetici";"F06-73";"Phyteumato spicati-Narcissetum poetici";"8"
"30826";"28";"F06-74 Geranio sylvatici-Trisetetum flavescentis";"F06-74";"Geranio sylvatici-Trisetetum flavescentis";"8"
"30992";"28";"F06-75 Meo athamantici-Festucetum rubrae";"F06-75";"Meo athamantici-Festucetum rubrae";"8"
"30690";"28";"F06-76 Euphorbio brittingeri-Trisetetum flavescentis";"F06-76";"Euphorbio brittingeri-Trisetetum flavescentis";"8"
"30734";"28";"F06-77 Campanulo rhomboidalis-Crepidetum biennis";"F06-77";"Campanulo rhomboidalis-Crepidetum biennis";"8"
"30606";"28";"F06-78 Astrantio majoris-Trisetetum flavescentis";"F06-78";"Astrantio majoris-Trisetetum flavescentis";"8"
"30962";"28";"F06-79 Rhinantho alectorolophi-Trisetetum flavescentis";"F06-79";"Rhinantho alectorolophi-Trisetetum flavescentis";"8"
"31083";"28";"F06-80 Scillo bifoliae-Poetum alpinae";"F06-80";"Scillo bifoliae-Poetum alpinae";"8"
"31227";"28";"F06-81 Triseto flavescentis-Meetum athamantici";"F06-81";"Triseto flavescentis-Meetum athamantici";"8"
"30775";"28";"F06-82 Chamaemelo nobilis-Trifolietum repentis";"F06-82";"Chamaemelo nobilis-Trifolietum repentis";"8"
"30974";"28";"F06-83 Luzulo campestris-Cynosuretum cristati";"F06-83";"Luzulo campestris-Cynosuretum cristati";"8"
"30688";"28";"F06-84 Eryngio maritimi-Plantaginetum lanceolatae";"F06-84";"Eryngio maritimi-Plantaginetum lanceolatae";"8"
"30986";"28";"F06-85 Medicagini lupulinae-Cynosuretum cristati";"F06-85";"Medicagini lupulinae-Cynosuretum cristati";"8"
"30770";"28";"F06-86 Centaureo subrhomboidalis-Cynosuretum cristati";"F06-86";"Centaureo subrhomboidalis-Cynosuretum cristati";"8"
"30658";"28";"F06-87 Cirsio arvensis-Lolietum perennis";"F06-87";"Cirsio arvensis-Lolietum perennis";"8"
"30697";"28";"F06-88 Festuco rubrae-Crepidetum capillaris";"F06-88";"Festuco rubrae-Crepidetum capillaris";"8"
"30693";"28";"F06-90 Festuco commutatae-Cynosuretum cristati";"F06-90";"Festuco commutatae-Cynosuretum cristati";"8"
"30636";"28";"F06-91 Alchemillo monticolae-Cynosuretum cristati";"F06-91";"Alchemillo monticolae-Cynosuretum cristati";"8"
"30815";"28";"F06-92 Gentiano luteae-Cynosuretum cristati";"F06-92";"Gentiano luteae-Cynosuretum cristati";"8"
"30684";"28";"F06-93 Cyano montani-Cynosuretum cristati";"F06-93";"Cyano montani-Cynosuretum cristati";"8"
"31089";"28";"F06-94 Scorzoneroido pyrenaicae-Festucetum rubrae";"F06-94";"Scorzoneroido pyrenaicae-Festucetum rubrae";"8"
"31222";"28";"F06-95 Trifolio repentis-Agrostietum vulgaris";"F06-95";"Trifolio repentis-Agrostietum vulgaris";"8"
"31035";"28";"F06-96 Stellario gramineae-Poetum pratensis";"F06-96";"Stellario gramineae-Poetum pratensis";"8"
"30683";"28";"F06-97 Crepido aureae-Festucetum rubrae";"F06-97";"Crepido aureae-Festucetum rubrae";"8"
"30972";"28";"F06-99 Luzulo alpestris-Koelerietum pyramidatae";"F06-99";"Luzulo alpestris-Koelerietum pyramidatae";"8"
"24239";"28";"F10-01 Lonicero alpigenae-Rhamnetum alpinae";"F10-01";"Lonicero alpigenae-Rhamnetum alpinae";"8"
"24240";"28";"F10-02 Sorbo mougeotii-Laburnetum alpini";"F10-02";"Sorbo mougeotii-Laburnetum alpini";"8"
"24241";"28";"F10-03 Salici appendiculatae-Rhamnetum alpinae";"F10-03";"Salici appendiculatae-Rhamnetum alpinae";"8"
"24242";"28";"F10-04 Aceri pseudoplatani-Salicetum appendiculatae";"F10-04";"Aceri pseudoplatani-Salicetum appendiculatae";"8"
"24244";"28";"F10-05 Lonicero alpigenae-Sorbetum chamaemespili";"F10-05";"Lonicero alpigenae-Sorbetum chamaemespili";"8"
"24246";"28";"F10-06 Lonicero nigrae-Rosetum pendulinae";"F10-06";"Lonicero nigrae-Rosetum pendulinae";"8"
"24247";"28";"F10-07 Cotoneastro integerrimi-Sorbetum chamaemespili";"F10-07";"Cotoneastro integerrimi-Sorbetum chamaemespili";"8"
"24248";"28";"F10-08 Salici appendiculatae-Sorbetum glabratae";"F10-08";"Salici appendiculatae-Sorbetum glabratae";"8"
"24250";"28";"F10-09 Sorbo aucupariae-Loniceretum nigrae";"F10-09";"Sorbo aucupariae-Loniceretum nigrae";"8"
"24251";"28";"F10-10 Roso pendulinae-Sorbetum chamaemespili";"F10-10";"Roso pendulinae-Sorbetum chamaemespili";"8"
"24252";"28";"F10-11 Alnetum viridis";"F10-11";"Alnetum viridis";"8"
"24254";"28";"F10-12 Alnetum suaveolentis";"F10-12";"Alnetum suaveolentis";"8"
"24255";"28";"F10-13 Ribeso petraei-Sorbetum aucupariae";"F10-13";"Ribeso petraei-Sorbetum aucupariae";"8"
"24256";"28";"F10-14 Veratro albi-Salicetum balsaticae";"F10-14";"Veratro albi-Salicetum balsaticae";"8"
"24257";"28";"F10-15 Salicetum lapponum";"F10-15";"Salicetum lapponum";"8"
"24258";"28";"F10-16 Salicetum caesio-foetidae";"F10-16";"Salicetum caesio-foetidae";"8"
"24259";"28";"F10-17 Salicetum helveticae";"F10-17";"Salicetum helveticae";"8"
"24260";"28";"F10-18 Salicetum auritae x bicoloris";"F10-18";"Salicetum auritae x bicoloris";"8"
"28417";"28";"F10-19 Veratro albi-Delphinietum dubii";"F10-19";"Veratro albi-Delphinietum dubii";"8"
"24262";"28";"F14-01 Fumario capreolatae-Torilidetum nodosae";"F14-01";"Fumario capreolatae-Torilidetum nodosae";"8"
"24266";"28";"F14-02 Geranietum lucido-columbini";"F14-02";"Geranietum lucido-columbini";"8"
"24267";"28";"F14-03 Geranio columbini-Cardaminetum hirsutae";"F14-03";"Geranio columbini-Cardaminetum hirsutae";"8"
"24268";"28";"F14-04 Valerianello carinatae-Calepinetum irregularis";"F14-04";"Valerianello carinatae-Calepinetum irregularis";"8"
"24269";"28";"F14-05 Geranio lucidi-Sedetum cepaeae";"F14-05";"Geranio lucidi-Sedetum cepaeae";"8"
"24270";"28";"F14-06 Geranio lucidi-Cardaminetum hirsutae";"F14-06";"Geranio lucidi-Cardaminetum hirsutae";"8"
"24271";"28";"F14-07 Sedetum cepaeae";"F14-07";"Sedetum cepaeae";"8"
"24272";"28";"F14-08 Geranio purpurei-Anthriscetum caucalidis";"F14-08";"Geranio purpurei-Anthriscetum caucalidis";"8"
"24273";"28";"F14-09 Barbareetum vernae";"F14-09";"Barbareetum vernae";"8"
"24274";"28";"F14-10 Cardamino hirsutae-Arabidopsietum thalianae";"F14-10";"Cardamino hirsutae-Arabidopsietum thalianae";"8"
"24276";"28";"F14-11 Drabo muralis-Myosotidetum pusillae";"F14-11";"Drabo muralis-Myosotidetum pusillae";"8"
"24277";"28";"F14-12 Claytonio perfoliatae-Anthriscetum caucalidis";"F14-12";"Claytonio perfoliatae-Anthriscetum caucalidis";"8"
"24278";"28";"F14-13 Anthrisco caucalidis-Cochlearietum danicae";"F14-13";"Anthrisco caucalidis-Cochlearietum danicae";"8"
"24279";"28";"F14-14 Fumario boraei-Anthriscetum caucalidis";"F14-14";"Fumario boraei-Anthriscetum caucalidis";"8"
"24280";"28";"F14-15 Ranunculo parviflori-Geranietum mollis";"F14-15";"Ranunculo parviflori-Geranietum mollis";"8"
"24281";"28";"F14-16 Cochleario danicae-Claytonietum perfoliatae";"F14-16";"Cochleario danicae-Claytonietum perfoliatae";"8"
"24282";"28";"F14-17 Galio aparines-Fumarietum boraei";"F14-17";"Galio aparines-Fumarietum boraei";"8"
"24283";"28";"F14-18 Parietario judaicae-Fumarietum capreolatae";"F14-18";"Parietario judaicae-Fumarietum capreolatae";"8"
"24122";"28";"F14-19 Moehringio trinerviae-Stellarietum mediae";"F14-19";"Moehringio trinerviae-Stellarietum mediae";"8"
"24121";"28";"F14-20 Moehringio trinerviae-Geranietum robertiani";"F14-20";"Moehringio trinerviae-Geranietum robertiani";"8"
"24119";"28";"F14-21 Alliario petiolatae-Cynoglossetum germanici";"F14-21";"Alliario petiolatae-Cynoglossetum germanici";"8"
"24120";"28";"F14-22 Moehringio trinerviae-Geranietum lucidi";"F14-22";"Moehringio trinerviae-Geranietum lucidi";"8"
"28398";"28";"F15-01 Gentiano alpinae-Caricetum curvulae";"F15-01";"Gentiano alpinae-Caricetum curvulae";"8"
"28399";"28";"F15-02 Sempervivo montani-Arenarietum moehringioidis";"F15-02";"Sempervivo montani-Arenarietum moehringioidis";"8"
"28401";"28";"F15-03 Leontodonto pyrenaici-Caricetum curvulae";"F15-03";"Leontodonto pyrenaici-Caricetum curvulae";"8"
"28402";"28";"F15-04 Hieracio pumili-Festucetum supinae";"F15-04";"Hieracio pumili-Festucetum supinae";"8"
"28403";"28";"F15-05 Arenario grandiflorae-Festucetum yvesii";"F15-05";"Arenario grandiflorae-Festucetum yvesii";"8"
"28406";"28";"F15-07 Saxifrago bryoidis-Festucetum halleri";"F15-07";"Saxifrago bryoidis-Festucetum halleri";"8"
"28407";"28";"F15-08 Carici myosuroidis-Festucetum halleri";"F15-08";"Carici myosuroidis-Festucetum halleri";"8"
"28408";"28";"F15-09 Festucetum halleri";"F15-09";"Festucetum halleri";"8"
"28409";"28";"F15-10 Senecioni incani-Caricetum curvulae";"F15-10";"Senecioni incani-Caricetum curvulae";"8"
"28410";"28";"F15-11 Junco jacquinii-Festucetum violaceae";"F15-11";"Junco jacquinii-Festucetum violaceae";"8"
"28411";"28";"F15-12 Hieracio glacialis-Caricetum sempervirentis";"F15-12";"Hieracio glacialis-Caricetum sempervirentis";"8"
"24284";"28";"F18-01 Nitelletum flexilis";"F18-01";"Nitelletum flexilis";"8"
"24285";"28";"F18-02 Nitelletum capillaris";"F18-02";"Nitelletum capillaris";"8"
"24286";"28";"F18-03 Nitelletum gracilis";"F18-03";"Nitelletum gracilis";"8"
"24287";"28";"F18-04 Nitelletum hyalinae";"F18-04";"Nitelletum hyalinae";"8"
"24288";"28";"F18-05 Charetum braunii";"F18-05";"Charetum braunii";"8"
"24289";"28";"F18-06 Magnonitelletum translucentis";"F18-06";"Magnonitelletum translucentis";"8"
"24290";"28";"F18-07 Charetum fragiferae";"F18-07";"Charetum fragiferae";"8"
"24291";"28";"F18-08 Nitelletum syncarpae";"F18-08";"Nitelletum syncarpae";"8"
"24292";"28";"F18-09 Nitellopsio obtusae-Nitelletum mucronatae";"F18-09";"Nitellopsio obtusae-Nitelletum mucronatae";"8"
"24293";"28";"F18-10 Nitelletum batrachospermae";"F18-10";"Nitelletum batrachospermae";"8"
"24294";"28";"F18-11 Nitelletum syncarpo-tenuissimae";"F18-11";"Nitelletum syncarpo-tenuissimae";"8"
"24295";"28";"F18-12 Charo vulgaris-Tolypelletum intricatae";"F18-12";"Charo vulgaris-Tolypelletum intricatae";"8"
"24296";"28";"F18-13 Tolypelletum glomeratae";"F18-13";"Tolypelletum glomeratae";"8"
"24297";"28";"F18-14 Charetum vulgaris";"F18-14";"Charetum vulgaris";"8"
"24298";"28";"F18-15 Nitelletum opacae";"F18-15";"Nitelletum opacae";"8"
"24299";"28";"F18-16 Charetum imperfectae";"F18-16";"Charetum imperfectae";"8"
"24300";"28";"F18-17 Tolypelletum proliferae";"F18-17";"Tolypelletum proliferae";"8"
"24301";"28";"F18-18 Charetum curtae";"F18-18";"Charetum curtae";"8"
"24302";"28";"F18-19 Charetum strigosae";"F18-19";"Charetum strigosae";"8"
"24303";"28";"F18-20 Charetum rudis";"F18-20";"Charetum rudis";"8"
"24304";"28";"F18-21 Nitellopsietum obtusae";"F18-21";"Nitellopsietum obtusae";"8"
"24305";"28";"F18-22 Lychnothamnetum barbati";"F18-22";"Lychnothamnetum barbati";"8"
"24306";"28";"F18-23 Charetum polyacanthae";"F18-23";"Charetum polyacanthae";"8"
"24307";"28";"F18-24 Magnocharetum hispidae";"F18-24";"Magnocharetum hispidae";"8"
"24308";"28";"F18-25 Charetum virgatae";"F18-25";"Charetum virgatae";"8"
"24309";"28";"F18-26 Charetum intermediae";"F18-26";"Charetum intermediae";"8"
"24310";"28";"F18-27 Magnocharetum tomentosae";"F18-27";"Magnocharetum tomentosae";"8"
"24311";"28";"F18-28 Charetum asperae";"F18-28";"Charetum asperae";"8"
"24312";"28";"F18-29 Charetum contrariae";"F18-29";"Charetum contrariae";"8"
"24313";"28";"F18-30 Charetum fragilis";"F18-30";"Charetum fragilis";"8"
"24314";"28";"F18-31 Tolypelletum hispanicae";"F18-31";"Tolypelletum hispanicae";"8"
"24315";"28";"F18-32 Lamprothamnietum papulosi";"F18-32";"Lamprothamnietum papulosi";"8"
"24316";"28";"F18-33 Charetum galioidis";"F18-33";"Charetum galioidis";"8"
"24317";"28";"F18-34 Charetum conniventis";"F18-34";"Charetum conniventis";"8"
"24318";"28";"F18-35 Charetum canescentis";"F18-35";"Charetum canescentis";"8"
"24319";"28";"F18-36 Charetum balticae";"F18-36";"Charetum balticae";"8"
"24320";"28";"F18-37 Tolypelletum nidificae";"F18-37";"Tolypelletum nidificae";"8"
"24321";"28";"F19-01 Erico scopariae-Lavanduletum stoechadis";"F19-01";"Erico scopariae-Lavanduletum stoechadis";"8"
"24322";"28";"F19-02 Calicotomo spinosae-Cistetum crispi";"F19-02";"Calicotomo spinosae-Cistetum crispi";"8"
"24323";"28";"F19-03 Cistetum crispi";"F19-03";"Cistetum crispi";"8"
"24324";"28";"F19-04 Calicotomo spinosae-Cistetum ladaniferi";"F19-04";"Calicotomo spinosae-Cistetum ladaniferi";"8"
"24325";"28";"F19-05 Helichryso stoechadis-Cistetum albidi";"F19-05";"Helichryso stoechadis-Cistetum albidi";"8"
"24329";"28";"F19-06 Stachydo glutinosae-Genistetum corsicae";"F19-06";"Stachydo glutinosae-Genistetum corsicae";"8"
"24330";"28";"F19-07 Lavandulo stoechadis-Cistetum monspeliensis";"F19-07";"Lavandulo stoechadis-Cistetum monspeliensis";"8"
"24331";"28";"F19-08 Cisto salviifolii-Halimietum halimifolii";"F19-08";"Cisto salviifolii-Halimietum halimifolii";"8"
"24333";"28";"F19-09 Lavandulo stoechadis-Cistetum salviifolii";"F19-09";"Lavandulo stoechadis-Cistetum salviifolii";"8"
"24334";"28";"F19-10 Helichryso angustifolii-Cistetum villosi";"F19-10";"Helichryso angustifolii-Cistetum villosi";"8"
"24328";"28";"F19-11 Genisto jordanii-Cistetum laurifolii";"F19-11";"Genisto jordanii-Cistetum laurifolii";"8"
"31039";"28";"F20-01 Tamo communis-Salicetum atrocinereae";"F20-01";"Tamo communis-Salicetum atrocinereae";"8"
"31057";"28";"F20-02 Salici atrocinereae-Euonymetum europaei";"F20-02";"Salici atrocinereae-Euonymetum europaei";"8"
"30809";"28";"F20-03 Lonicero periclymeni-Rubetum ulmifolii";"F20-03";"Lonicero periclymeni-Rubetum ulmifolii";"8"
"31235";"28";"F20-04 Ulici europaei-Prunetum spinosae";"F20-04";"Ulici europaei-Prunetum spinosae";"8"
"31238";"28";"F20-05 Ulici maritimi-Prunetum spinosae";"F20-05";"Ulici maritimi-Prunetum spinosae";"8"
"31080";"28";"F20-06 Schoeno nigricantis-Ulicetum maritimi";"F20-06";"Schoeno nigricantis-Ulicetum maritimi";"8"
"30830";"28";"F20-07 Hedero helicis-Atriplicetum halimi";"F20-07";"Hedero helicis-Atriplicetum halimi";"8"
"30946";"28";"F20-08 Pteridio aquilini-Rubetum ulmifolii";"F20-08";"Pteridio aquilini-Rubetum ulmifolii";"8"
"30857";"28";"F20-09 Irido foetidissimae-Prunetum spinosae";"F20-09";"Irido foetidissimae-Prunetum spinosae";"8"
"30676";"28";"F20-10 Corylo avellanae-Crataegetum monogynae";"F20-10";"Corylo avellanae-Crataegetum monogynae";"8"
"30785";"28";"F20-100 Fraxino excelsioris-Sambucetum nigrae";"F20-100";"Fraxino excelsioris-Sambucetum nigrae";"8"
"31056";"28";"F20-101 Salicetum capreae";"F20-101";"Salicetum capreae";"8"
"30615";"28";"F20-102 Betulo pendulae-Salicetum capreae";"F20-102";"Betulo pendulae-Salicetum capreae";"8"
"31016";"28";"F20-103 Rubetum subcordato-vestiti";"F20-103";"Rubetum subcordato-vestiti";"8"
"31014";"28";"F20-104 Rubetum constricto-sulcati";"F20-104";"Rubetum constricto-sulcati";"8"
"30935";"28";"F20-105 Rubetum canescenti-vestiti";"F20-105";"Rubetum canescenti-vestiti";"8"
"31015";"28";"F20-106 Rubetum pericrispato-vestiti";"F20-106";"Rubetum pericrispato-vestiti";"8"
"31021";"28";"F20-11 Rubio peregrinae-Sorbetum torminalis";"F20-11";"Rubio peregrinae-Sorbetum torminalis";"8"
"30928";"28";"F20-110 Roso glaucae-Coryletum avellanae";"F20-110";"Roso glaucae-Coryletum avellanae";"8"
"30940";"28";"F20-111 Pruno spinosae-Rosetum vosagiacae";"F20-111";"Pruno spinosae-Rosetum vosagiacae";"8"
"30625";"28";"F20-112 Aceri monspessulani-Euonymetum europaei";"F20-112";"Aceri monspessulani-Euonymetum europaei";"8"
"31022";"28";"F20-12 Rubio peregrinae-Ulicetum europaei";"F20-12";"Rubio peregrinae-Ulicetum europaei";"8"
"31023";"28";"F20-13 Rubio peregrinae-Ulicetum maritimi";"F20-13";"Rubio peregrinae-Ulicetum maritimi";"8"
"31019";"28";"F20-14 Rubio peregrinae-Prunetum spinosae";"F20-14";"Rubio peregrinae-Prunetum spinosae";"8"
"30705";"28";"F20-15 Daphno gnidii-Ligustretum vulgaris";"F20-15";"Daphno gnidii-Ligustretum vulgaris";"8"
"31237";"28";"F20-16 Ulici maritimi-Ligustretum vulgaris";"F20-16";"Ulici maritimi-Ligustretum vulgaris";"8"
"30831";"28";"F20-17 Hedero helicis-Rhamnetum alaterni";"F20-17";"Hedero helicis-Rhamnetum alaterni";"8"
"31018";"28";"F20-18 Rubio peregrinae-Crataegetum maritimae";"F20-18";"Rubio peregrinae-Crataegetum maritimae";"8"
"31045";"28";"F20-19 Rubo ulmifolii-Clematidetum vitalbae";"F20-19";"Rubo ulmifolii-Clematidetum vitalbae";"8"
"31020";"28";"F20-20 Rubio peregrinae-Salicetum arenariae";"F20-20";"Rubio peregrinae-Salicetum arenariae";"8"
"31046";"28";"F20-21 Rubo ulmifolii-Coriarietum myrtifoliae";"F20-21";"Rubo ulmifolii-Coriarietum myrtifoliae";"8"
"30933";"28";"F20-22 Roso sempervirentis-Vitietum sylvestris";"F20-22";"Roso sempervirentis-Vitietum sylvestris";"8"
"31049";"28";"F20-23 Rubo ulmifolii-Tametum communis";"F20-23";"Rubo ulmifolii-Tametum communis";"8"
"31120";"28";"F20-24 Spartio juncei-Clematidetum vitalbae";"F20-24";"Spartio juncei-Clematidetum vitalbae";"8"
"31024";"28";"F20-25 Rubio peregrinae-Viburnetum lantanae";"F20-25";"Rubio peregrinae-Viburnetum lantanae";"8"
"30929";"28";"F20-26 Roso micranthae-Prunetum spinosae";"F20-26";"Roso micranthae-Prunetum spinosae";"8"
"30729";"28";"F20-27 Erico scopariae-Spiraeetum obovatae";"F20-27";"Erico scopariae-Spiraeetum obovatae";"8"
"30960";"28";"F20-28 Rhamno infectoriae-Ericetum scopariae";"F20-28";"Rhamno infectoriae-Ericetum scopariae";"8"
"30670";"28";"F20-29 Coluteo arborescentis-Loniceretum etruscae";"F20-29";"Coluteo arborescentis-Loniceretum etruscae";"8"
"31040";"28";"F20-30 Tamo communis-Viburnetum lantanae";"F20-30";"Tamo communis-Viburnetum lantanae";"8"
"31048";"28";"F20-31 Rubo ulmifolii-Juniperetum communis";"F20-31";"Rubo ulmifolii-Juniperetum communis";"8"
"30805";"28";"F20-32 Loniceretum periclymeno-xylostei";"F20-32";"Loniceretum periclymeno-xylostei";"8"
"30874";"28";"F20-33 Laburno anagyroidis-Prunetum mahaleb";"F20-33";"Laburno anagyroidis-Prunetum mahaleb";"8"
"30969";"28";"F20-34 Lonicero xylostei-Prunetum mahaleb";"F20-34";"Lonicero xylostei-Prunetum mahaleb";"8"
"30784";"28";"F20-35 Frangulo alni-Sorbetum ariae";"F20-35";"Frangulo alni-Sorbetum ariae";"8"
"30782";"28";"F20-36 Frangulo alni-Prunetum mahaleb";"F20-36";"Frangulo alni-Prunetum mahaleb";"8"
"31138";"28";"F20-37 Viburno opuli-Berberidetum vulgaris";"F20-37";"Viburno opuli-Berberidetum vulgaris";"8"
"31038";"28";"F20-38 Tamo communis-Coryletum avellanae";"F20-38";"Tamo communis-Coryletum avellanae";"8"
"30671";"28";"F20-39 Convallario majalis-Coryletum avellanae";"F20-39";"Convallario majalis-Coryletum avellanae";"8"
"31067";"28";"F20-40 Sambuco nigrae-Coryletum avellanae";"F20-40";"Sambuco nigrae-Coryletum avellanae";"8"
"31137";"28";"F20-41 Viburno lantanae-Buxetum sempervirentis";"F20-41";"Viburno lantanae-Buxetum sempervirentis";"8"
"30885";"28";"F20-42 Ligustro vulgaris-Prunetum spinosae";"F20-42";"Ligustro vulgaris-Prunetum spinosae";"8"
"30611";"28";"F20-44 Berberido vulgaris-Prunetum brigantiacae";"F20-44";"Berberido vulgaris-Prunetum brigantiacae";"8"
"30808";"28";"F20-46 Lonicero nigrae-Viburnetum lantanae";"F20-46";"Lonicero nigrae-Viburnetum lantanae";"8"
"30934";"28";"F20-47 Roso vosagiacae-Viburnetum lantanae";"F20-47";"Roso vosagiacae-Viburnetum lantanae";"8"
"30651";"28";"F20-48 Anemono hepaticae-Coryletum avellanae";"F20-48";"Anemono hepaticae-Coryletum avellanae";"8"
"31204";"28";"F20-49 Taxo baccatae-Amelanchieretum ovalis";"F20-49";"Taxo baccatae-Amelanchieretum ovalis";"8"
"30624";"28";"F20-50 Aceri monspessulani-Buxetum sempervirentis";"F20-50";"Aceri monspessulani-Buxetum sempervirentis";"8"
"30865";"28";"F20-51 Junipero communis-Amelanchieretum ovalis";"F20-51";"Junipero communis-Amelanchieretum ovalis";"8"
"30895";"28";"F20-52 Pistacio terebinthi-Amelanchieretum ovalis";"F20-52";"Pistacio terebinthi-Amelanchieretum ovalis";"8"
"31143";"28";"F20-53 Violo hirtae-Buxetum sempervirentis";"F20-53";"Violo hirtae-Buxetum sempervirentis";"8"
"30649";"28";"F20-54 Amelanchiero ovalis-Juniperetum thuriferae";"F20-54";"Amelanchiero ovalis-Juniperetum thuriferae";"8"
"30961";"28";"F20-55 Rhamno saxatilis-Buxetum sempervirentis";"F20-55";"Rhamno saxatilis-Buxetum sempervirentis";"8"
"30672";"28";"F20-56 Coronillo emeri-Prunetum mahaleb";"F20-56";"Coronillo emeri-Prunetum mahaleb";"8"
"30937";"28";"F20-57 Pruno mahaleb-Cotinetum coggygriae";"F20-57";"Pruno mahaleb-Cotinetum coggygriae";"8"
"30956";"28";"F20-58 Rhamno alpinae-Amelanchieretum ovalis";"F20-58";"Rhamno alpinae-Amelanchieretum ovalis";"8"
"30680";"28";"F20-59 Cotoneastro integerrimi-Amelanchieretum ovalis";"F20-59";"Cotoneastro integerrimi-Amelanchieretum ovalis";"8"
"30701";"28";"F20-60 Cytiso sessilifolii-Amelanchieretum ovalis";"F20-60";"Cytiso sessilifolii-Amelanchieretum ovalis";"8"
"30920";"28";"F20-61 Pruno brigantinae-Buxetum sempervirentis";"F20-61";"Pruno brigantinae-Buxetum sempervirentis";"8"
"30894";"28";"F20-62 Pino uncinatae-Amelanchieretum ovalis";"F20-62";"Pino uncinatae-Amelanchieretum ovalis";"8"
"30931";"28";"F20-63 Roso montanae-Rhamnetum alpinae";"F20-63";"Roso montanae-Rhamnetum alpinae";"8"
"30610";"28";"F20-64 Berberido vulgaris-Hippophaetum fluviatilis";"F20-64";"Berberido vulgaris-Hippophaetum fluviatilis";"8"
"31060";"28";"F20-65 Salici incanae-Cornetum sanguineae";"F20-65";"Salici incanae-Cornetum sanguineae";"8"
"30968";"28";"F20-66 Lonicero xylostei-Aceretum campestris";"F20-66";"Lonicero xylostei-Aceretum campestris";"8"
"30954";"28";"F20-67 Ranunculo auricomi-Aceretum campestris";"F20-67";"Ranunculo auricomi-Aceretum campestris";"8"
"30800";"28";"F20-68 Lithospermo purpurocaerulei-Aceretum campestris";"F20-68";"Lithospermo purpurocaerulei-Aceretum campestris";"8"
"30955";"28";"F20-69 Ranunculo ficariae-Aceretum campestris";"F20-69";"Ranunculo ficariae-Aceretum campestris";"8"
"30951";"28";"F20-70 Pyro pyrastri-Rhamnetum catharticae";"F20-70";"Pyro pyrastri-Rhamnetum catharticae";"8"
"30971";"28";"F20-71 Lonicero xylostei-Viburnetum lantanae";"F20-71";"Lonicero xylostei-Viburnetum lantanae";"8"
"30959";"28";"F20-72 Rhamno catharticae-Viburnetum opuli";"F20-72";"Rhamno catharticae-Viburnetum opuli";"8"
"31061";"28";"F20-73 Salici myrsinifoliae-Viburnetum opuli";"F20-73";"Salici myrsinifoliae-Viburnetum opuli";"8"
"30938";"28";"F20-74 Pruno padi-Coryletum avellanae";"F20-74";"Pruno padi-Coryletum avellanae";"8"
"30783";"28";"F20-75 Frangulo alni-Salicetum purpureae";"F20-75";"Frangulo alni-Salicetum purpureae";"8"
"30886";"28";"F20-76 Ligustro vulgaris-Salicetum cinereae";"F20-76";"Ligustro vulgaris-Salicetum cinereae";"8"
"30970";"28";"F20-77 Lonicero xylostei-Salicetum cinereae";"F20-77";"Lonicero xylostei-Salicetum cinereae";"8"
"30957";"28";"F20-78 Rhamno catharticae-Cornetum sanguineae";"F20-78";"Rhamno catharticae-Cornetum sanguineae";"8"
"31062";"28";"F20-79 Salici purpureae-Viburnetum opuli";"F20-79";"Salici purpureae-Viburnetum opuli";"8"
"30781";"28";"F20-80 Frangulo alni-Crataegetum monogynae";"F20-80";"Frangulo alni-Crataegetum monogynae";"8"
"30811";"28";"F20-81 Lonicero periclymeni-Viburnetum opuli";"F20-81";"Lonicero periclymeni-Viburnetum opuli";"8"
"30919";"28";"F20-82 Prunetum pado-spinosae";"F20-82";"Prunetum pado-spinosae";"8"
"30681";"28";"F20-83 Crataego monogynae-Salicetum pentandrae";"F20-83";"Crataego monogynae-Salicetum pentandrae";"8"
"30846";"28";"F20-84 Humulo lupuli-Sambucetum nigrae";"F20-84";"Humulo lupuli-Sambucetum nigrae";"8"
"31047";"28";"F20-85 Rubo ulmifolii-Crataegetum laevigatae";"F20-85";"Rubo ulmifolii-Crataegetum laevigatae";"8"
"30936";"28";"F20-86 Pruno fruticantis-Euonymetum europaei";"F20-86";"Pruno fruticantis-Euonymetum europaei";"8"
"30927";"28";"F20-87 Roso caninae-Ulmetum minoris";"F20-87";"Roso caninae-Ulmetum minoris";"8"
"30851";"28";"F20-88 Ilici aquifolii-Prunetum spinosae";"F20-88";"Ilici aquifolii-Prunetum spinosae";"8"
"31043";"28";"F20-89 Rubo gillotii-Prunetum spinosae";"F20-89";"Rubo gillotii-Prunetum spinosae";"8"
"31069";"28";"F20-90 Sambuco nigrae-Hippophaetum rhamnoidis";"F20-90";"Sambuco nigrae-Hippophaetum rhamnoidis";"8"
"30840";"28";"F20-91 Hippophao rhamnoidis-Ligustretum vulgaris";"F20-91";"Hippophao rhamnoidis-Ligustretum vulgaris";"8"
"30953";"28";"F20-92 Pyrolo maritimae-Hippophaetum rhamnoidis";"F20-92";"Pyrolo maritimae-Hippophaetum rhamnoidis";"8"
"31066";"28";"F20-93 Sambucetum nigrae";"F20-93";"Sambucetum nigrae";"8"
"31109";"28";"F20-94 Senecioni fuchsii-Sambucetum racemosae";"F20-94";"Senecioni fuchsii-Sambucetum racemosae";"8"
"30924";"28";"F20-95 Ribeso uvae-crispae-Sambucetum racemosae";"F20-95";"Ribeso uvae-crispae-Sambucetum racemosae";"8"
"31071";"28";"F20-97 Sambuco racemosae-Prunetum padi";"F20-97";"Sambuco racemosae-Prunetum padi";"8"
"30939";"28";"F20-99 Pruno spinosae-Crataegetum monogynae";"F20-99";"Pruno spinosae-Crataegetum monogynae";"8"
"20780";"28";"F22-01 Adenocarpo complicati-Ericetum arboreae";"F22-01";"Adenocarpo complicati-Ericetum arboreae";"8"
"20781";"28";"F22-02 Erico scopariae-Sarothamnetum scoparii";"F22-02";"Erico scopariae-Sarothamnetum scoparii";"8"
"20782";"28";"F22-03 Querco suberis-Sarothamnetum scoparii";"F22-03";"Querco suberis-Sarothamnetum scoparii";"8"
"20783";"28";"F22-04 Pyro cordatae-Cytisetum scoparii";"F22-04";"Pyro cordatae-Cytisetum scoparii";"8"
"20784";"28";"F22-05 Junipero communis-Cytisetum scoparii";"F22-05";"Junipero communis-Cytisetum scoparii";"8"
"20785";"28";"F22-06 Narcisso capacis-Cytisetum scoparii";"F22-06";"Narcisso capacis-Cytisetum scoparii";"8"
"20786";"28";"F22-07 Ulici europaei-Cytisetum scoparii";"F22-07";"Ulici europaei-Cytisetum scoparii";"8"
"20787";"28";"F22-08 Senecioni adonidifolii-Cytisetum oromediterranei";"F22-08";"Senecioni adonidifolii-Cytisetum oromediterranei";"8"
"20788";"28";"F22-09 Plantagini holostei-Cytisetum oromediterranei";"F22-09";"Plantagini holostei-Cytisetum oromediterranei";"8"
"20789";"28";"F22-10 Teucrio scorodoniae-Cytisetum purgantis";"F22-10";"Teucrio scorodoniae-Cytisetum purgantis";"8"
"20790";"28";"F22-11 Pino uncinatae-Cytisetum oromediterranei";"F22-11";"Pino uncinatae-Cytisetum oromediterranei";"8"
"20791";"28";"F22-12 Violo saxatilis-Cytisetum oromediterranei";"F22-12";"Violo saxatilis-Cytisetum oromediterranei";"8"
"20793";"28";"F22-13 Rubo bifrontis-Cytisetum scoparii";"F22-13";"Rubo bifrontis-Cytisetum scoparii";"8"
"20794";"28";"F22-14 Pteridio aquilini-Cytisetum scoparii";"F22-14";"Pteridio aquilini-Cytisetum scoparii";"8"
"20795";"28";"F22-15 Veronico chamaedryos-Cytisetum scoparii";"F22-15";"Veronico chamaedryos-Cytisetum scoparii";"8"
"20796";"28";"F22-16 Calluno vulgaris-Sarothamnetum scoparii";"F22-16";"Calluno vulgaris-Sarothamnetum scoparii";"8"
"20797";"28";"F22-17 Cytiso scoparii-Cotoneastretum integerrimi";"F22-17";"Cytiso scoparii-Cotoneastretum integerrimi";"8"
"20798";"28";"F22-18 Rubo plicati-Sarothamnetum scoparii";"F22-18";"Rubo plicati-Sarothamnetum scoparii";"8"
"26610";"28";"F23-01 Linario repentis-Digitalietum purpureae";"F23-01";"Linario repentis-Digitalietum purpureae";"8"
"26611";"28";"F23-02 Epilobio angustifolii-Digitalietum purpureae";"F23-02";"Epilobio angustifolii-Digitalietum purpureae";"8"
"26612";"28";"F23-03 Molinio caeruleae-Epilobietum angustifolii";"F23-03";"Molinio caeruleae-Epilobietum angustifolii";"8"
"26613";"28";"F23-04 Senecioni sylvatici-Epilobietum angustifolii";"F23-04";"Senecioni sylvatici-Epilobietum angustifolii";"8"
"26614";"28";"F23-05 Stellario holosteae-Rubetum idaei";"F23-05";"Stellario holosteae-Rubetum idaei";"8"
"26615";"28";"F23-06 Ceratocapno claviculatae-Digitalietum purpureae";"F23-06";"Ceratocapno claviculatae-Digitalietum purpureae";"8"
"26616";"28";"F23-07 Senecioni fuchsii-Digitalietum purpureae";"F23-07";"Senecioni fuchsii-Digitalietum purpureae";"8"
"26617";"28";"F23-08 Lactuco plumieri-Epilobietum angustifolii";"F23-08";"Lactuco plumieri-Epilobietum angustifolii";"8"
"26618";"28";"F23-09 Epilobio angustifolii-Calamagrostietum arundinaceae";"F23-09";"Epilobio angustifolii-Calamagrostietum arundinaceae";"8"
"26619";"28";"F23-10 Epilobio angustifolii-Prenanthetum purpureae";"F23-10";"Epilobio angustifolii-Prenanthetum purpureae";"8"
"28412";"28";"F23-11 Epilobio angustifolii-Atropetum belladonnae";"F23-11";"Epilobio angustifolii-Atropetum belladonnae";"8"
"26620";"28";"F23-12 Digitali luteae-Atropetum belladonnae";"F23-12";"Digitali luteae-Atropetum belladonnae";"8"
"26621";"28";"F23-13 Arctietum nemorosi";"F23-13";"Arctietum nemorosi";"8"
"26622";"28";"F23-14 Senecionetum fuchsii";"F23-14";"Senecionetum fuchsii";"8"
"26623";"28";"F23-15 Rubo idaei-Hypericetum hirsuti";"F23-15";"Rubo idaei-Hypericetum hirsuti";"8"
"31180";"28";"F26-01 Orchido purpureae-Brometum erecti";"F26-01";"Orchido purpureae-Brometum erecti";"8"
"31181";"28";"F26-02 Thalictro minoris-Brometum erecti";"F26-02";"Thalictro minoris-Brometum erecti";"8"
"31182";"28";"F26-03 Peucedano officinalis-Brometum erecti";"F26-03";"Peucedano officinalis-Brometum erecti";"8"
"31183";"28";"F26-04 Rumici acetosae-Seslerietum caeruleae";"F26-04";"Rumici acetosae-Seslerietum caeruleae";"8"
"31184";"28";"F26-05 Mesobrometum erecti";"F26-05";"Mesobrometum erecti";"8"
"31186";"28";"F26-07 Astragalo danici-Bromopsietum erectae";"F26-07";"Astragalo danici-Bromopsietum erectae";"8"
"31187";"28";"F26-08 Scabioso triandrae-Bromopsietum erectae";"F26-08";"Scabioso triandrae-Bromopsietum erectae";"8"
"31189";"28";"F26-10 Bromo erecti-Onobrychidetum montanae";"F26-10";"Bromo erecti-Onobrychidetum montanae";"8"
"31415";"28";"F26-100 Astragalo monspessulani-Festucetum lahonderei";"F26-100";"Astragalo monspessulani-Festucetum lahonderei";"8"
"31416";"28";"F26-101 Bellido sylvestris-Festucetum lemanii";"F26-101";"Bellido sylvestris-Festucetum lemanii";"8"
"31417";"28";"F26-102 Staehelino dubiae-Teucrietum chamaedryos";"F26-102";"Staehelino dubiae-Teucrietum chamaedryos";"8"
"31418";"28";"F26-103 Catanancho caeruleae-Festucetum hervieri";"F26-103";"Catanancho caeruleae-Festucetum hervieri";"8"
"31419";"28";"F26-104 Poterio sanguisorbae-Caricetum hallerianae";"F26-104";"Poterio sanguisorbae-Caricetum hallerianae";"8"
"31427";"28";"F26-105 Koelerio vallesianae-Globularietum willkommii";"F26-105";"Koelerio vallesianae-Globularietum willkommii";"8"
"31428";"28";"F26-106 Koelerio vallesianae-Saturejetum montanae";"F26-106";"Koelerio vallesianae-Saturejetum montanae";"8"
"31429";"28";"F26-107 Teucrio pyrenaici-Festucetum auquieri";"F26-107";"Teucrio pyrenaici-Festucetum auquieri";"8"
"31433";"28";"F26-108 Helianthemo ovati-Festucetum heteropachyos";"F26-108";"Helianthemo ovati-Festucetum heteropachyos";"8"
"31434";"28";"F26-109 Potentillo puberulae-Phleetum phleoidis";"F26-109";"Potentillo puberulae-Phleetum phleoidis";"8"
"31190";"28";"F26-11 Veronico scheereri-Festucetum laevigatae";"F26-11";"Veronico scheereri-Festucetum laevigatae";"8"
"31435";"28";"F26-110 Viscario-Festucetum";"F26-110";"Viscario-Festucetum";"8"
"31436";"28";"F26-111 Agrostio vinealis-Brometum erecti";"F26-111";"Agrostio vinealis-Brometum erecti";"8"
"31437";"28";"F26-112 Festuco-Anthyllidetum vulnerariae";"F26-112";"Festuco-Anthyllidetum vulnerariae";"8"
"31438";"28";"F26-113 Scillo autumnalis-Filipenduletum hexapetalae";"F26-113";"Scillo autumnalis-Filipenduletum hexapetalae";"8"
"31440";"28";"F26-114 Peucedano oreoselini-Festucetum longifoliae";"F26-114";"Peucedano oreoselini-Festucetum longifoliae";"8"
"31441";"28";"F26-115 Oreoselino nigri-Festucetum nigrescentis";"F26-115";"Oreoselino nigri-Festucetum nigrescentis";"8"
"31442";"28";"F26-116 Lactuco chondrilliflorae-Artemisietum campestris";"F26-116";"Lactuco chondrilliflorae-Artemisietum campestris";"8"
"31443";"28";"F26-117 Koelerio gracilis-Avenuletum amethystinae";"F26-117";"Koelerio gracilis-Avenuletum amethystinae";"8"
"31444";"28";"F26-118 Phleo phleoidis-Festucetum lemanii";"F26-118";"Phleo phleoidis-Festucetum lemanii";"8"
"31445";"28";"F26-119 Diantho carthusianorum-Festucetum longifoliae";"F26-119";"Diantho carthusianorum-Festucetum longifoliae";"8"
"31446";"28";"F26-120 Anemono rubrae-Dactylorhizetum sambucinae";"F26-120";"Anemono rubrae-Dactylorhizetum sambucinae";"8"
"31447";"28";"F26-121 Saxifrago granulatae-Helianthemetum nummularii";"F26-121";"Saxifrago granulatae-Helianthemetum nummularii";"8"
"31448";"28";"F26-122 Saxifrago granulatae-Koelerietum macranthae";"F26-122";"Saxifrago granulatae-Koelerietum macranthae";"8"
"31449";"28";"F26-123 Scrophulario caninae-Artemisietum campestris";"F26-123";"Scrophulario caninae-Artemisietum campestris";"8"
"31450";"28";"F26-124 Festuco arvernensis-Artemisietum campestris";"F26-124";"Festuco arvernensis-Artemisietum campestris";"8"
"31451";"28";"F26-125 Sedo rupestris-Festucetum longifoliae";"F26-125";"Sedo rupestris-Festucetum longifoliae";"8"
"31334";"28";"F26-126 Ranunculo paludosi-Festucetum longifoliae";"F26-126";"Ranunculo paludosi-Festucetum longifoliae";"8"
"31335";"28";"F26-127 Sedo micranthi-Echietum vulgaris";"F26-127";"Sedo micranthi-Echietum vulgaris";"8"
"31336";"28";"F26-128 Diantho carthusianorum-Oreoselinetum nigri";"F26-128";"Diantho carthusianorum-Oreoselinetum nigri";"8"
"31337";"28";"F26-129 Ajugo genevensis-Festucetum valesiacae";"F26-129";"Ajugo genevensis-Festucetum valesiacae";"8"
"31192";"28";"F26-13 Rhinantho pumili-Bromopsietum erectae";"F26-13";"Rhinantho pumili-Bromopsietum erectae";"8"
"31343";"28";"F26-130 Teucrio botryos-Melicetum ciliatae";"F26-130";"Teucrio botryos-Melicetum ciliatae";"8"
"31344";"28";"F26-131 Diantho gratianopolitani-Festucetum pallentis";"F26-131";"Diantho gratianopolitani-Festucetum pallentis";"8"
"31345";"28";"F26-132 Diantho gratianopolitani-Festucetum patzkei";"F26-132";"Diantho gratianopolitani-Festucetum patzkei";"8"
"31346";"28";"F26-133 Melico ciliatae-Centranthetum angustifolii";"F26-133";"Melico ciliatae-Centranthetum angustifolii";"8"
"31350";"28";"F26-134 Fulgensio-Koelerietum vallesianae";"F26-134";"Fulgensio-Koelerietum vallesianae";"8"
"31351";"28";"F26-135 Stipo-Poetum carniolicae";"F26-135";"Stipo-Poetum carniolicae";"8"
"31352";"28";"F26-136 Stipo-Sedetum sediformis";"F26-136";"Stipo-Sedetum sediformis";"8"
"31353";"28";"F26-137 Festuco-Poetum carniolicae";"F26-137";"Festuco-Poetum carniolicae";"8"
"31354";"28";"F26-138 Bromo-Kolerietum vallesianae";"F26-138";"Bromo-Kolerietum vallesianae";"8"
"31355";"28";"F26-139 Crupino-Stipetum capillatae";"F26-139";"Crupino-Stipetum capillatae";"8"
"31193";"28";"F26-14 Koelerio pyramidatae-Potentilletum splendentis";"F26-14";"Koelerio pyramidatae-Potentilletum splendentis";"8"
"31356";"28";"F26-140 Astragalo-Stipetum pennatae";"F26-140";"Astragalo-Stipetum pennatae";"8"
"31357";"28";"F26-141 Trifolio-Phleetum nodosi";"F26-141";"Trifolio-Phleetum nodosi";"8"
"31359";"28";"F26-142 Herniario-Agropyretum";"F26-142";"Herniario-Agropyretum";"8"
"31360";"28";"F26-143 Koelerio-Astragaletum vesicarii";"F26-143";"Koelerio-Astragaletum vesicarii";"8"
"31361";"28";"F26-144 Lavandulo-Artemisietum albae";"F26-144";"Lavandulo-Artemisietum albae";"8"
"31362";"28";"F26-145 Ononido cristatae-Astragaletum monspessulani";"F26-145";"Ononido cristatae-Astragaletum monspessulani";"8"
"31363";"28";"F26-146 Sileno vallesiae-Plantaginetum serpentinae";"F26-146";"Sileno vallesiae-Plantaginetum serpentinae";"8"
"31367";"28";"F26-147 Fritillario pyrenaicae-Valerianetum tuberosae";"F26-147";"Fritillario pyrenaicae-Valerianetum tuberosae";"8"
"31381";"28";"F26-148 Diantho brachyanthi-Ptilotrichetum spinosi";"F26-148";"Diantho brachyanthi-Ptilotrichetum spinosi";"8"
"31382";"28";"F26-149 Genisto villarsii-Bupleuretum telonensis";"F26-149";"Genisto villarsii-Bupleuretum telonensis";"8"
"31199";"28";"F26-15 Centaureo nigrae-Brachypodietum pinnati";"F26-15";"Centaureo nigrae-Brachypodietum pinnati";"8"
"31383";"28";"F26-150 Arenario modestae-Genistetum pulchellae";"F26-150";"Arenario modestae-Genistetum pulchellae";"8"
"31384";"28";"F26-151 Arenario hispidae-Minuartietum capillaceae";"F26-151";"Arenario hispidae-Minuartietum capillaceae";"8"
"31385";"28";"F26-152 Astero-Anthyllidetum";"F26-152";"Astero-Anthyllidetum";"8"
"31386";"28";"F26-153 Stipo-Ononidetum striatae";"F26-153";"Stipo-Ononidetum striatae";"8"
"31387";"28";"F26-154 Armerio arenariae-Festucetum christiani-bernardii";"F26-154";"Armerio arenariae-Festucetum christiani-bernardii";"8"
"31389";"28";"F26-155 Arenario aggregatae-Armerietum junceae";"F26-155";"Arenario aggregatae-Armerietum junceae";"8"
"31391";"28";"F26-156 Helianthemo-Seslerietum";"F26-156";"Helianthemo-Seslerietum";"8"
"31392";"28";"F26-157 Daphno cneori-Gentianetum costei";"F26-157";"Daphno cneori-Gentianetum costei";"8"
"31393";"28";"F26-158 Bupleuro telonensis-Ranunculetum graminei";"F26-158";"Bupleuro telonensis-Ranunculetum graminei";"8"
"31394";"28";"F26-159 Gentiano corbariensis-Seslerietum caeruleae";"F26-159";"Gentiano corbariensis-Seslerietum caeruleae";"8"
"31200";"28";"F26-16 Chamaespartio sagittalis-Agrostietum capillaris";"F26-16";"Chamaespartio sagittalis-Agrostietum capillaris";"8"
"31395";"28";"F26-160 Erysimo-Seslerietum caeruleae";"F26-160";"Erysimo-Seslerietum caeruleae";"8"
"31398";"28";"F26-161 Genisto lobelii-Potentilletum velutinae";"F26-161";"Genisto lobelii-Potentilletum velutinae";"8"
"31400";"28";"F26-162 Scorzonero hispanicae-Ranunculetum graminei";"F26-162";"Scorzonero hispanicae-Ranunculetum graminei";"8"
"31401";"28";"F26-163 Potentillo velutinae-Ononidetum striatae";"F26-163";"Potentillo velutinae-Ononidetum striatae";"8"
"31402";"28";"F26-164 Genisto villarsii-Anthyllidetum montanae";"F26-164";"Genisto villarsii-Anthyllidetum montanae";"8"
"31403";"28";"F26-165 Minuartio capillaceae-Genistetum pulchellae";"F26-165";"Minuartio capillaceae-Genistetum pulchellae";"8"
"31406";"28";"F26-166 Lavandulo spicae-Astragaletum purpurei";"F26-166";"Lavandulo spicae-Astragaletum purpurei";"8"
"31407";"28";"F26-167 Staehelino dubiae-Asperuletum purpureae";"F26-167";"Staehelino dubiae-Asperuletum purpureae";"8"
"31408";"28";"F26-168 Ononido-Carlinetum acanthifoliae";"F26-168";"Ononido-Carlinetum acanthifoliae";"8"
"31409";"28";"F26-169 Euphorbio spinosae-Genistetum cinereae";"F26-169";"Euphorbio spinosae-Genistetum cinereae";"8"
"31201";"28";"F26-17 Brachypodio pinnati-Dianthetum monspessulani";"F26-17";"Brachypodio pinnati-Dianthetum monspessulani";"8"
"31369";"28";"F26-170 Thalictro foetidi-Senecionetum doronici";"F26-170";"Thalictro foetidi-Senecionetum doronici";"8"
"31371";"28";"F26-171 Leontodonto hirti-Koelerietum vallesianae";"F26-171";"Leontodonto hirti-Koelerietum vallesianae";"8"
"31372";"28";"F26-172 Astragalo incani-Potentilletum gaudinii";"F26-172";"Astragalo incani-Potentilletum gaudinii";"8"
"31373";"28";"F26-173 Achilleo odoratae-Andropogonetum ischaemi";"F26-173";"Achilleo odoratae-Andropogonetum ischaemi";"8"
"31374";"28";"F26-174 Diantho scabri-Koelerietum vallesianae";"F26-174";"Diantho scabri-Koelerietum vallesianae";"8"
"31375";"28";"F26-175 Helianthemo hirti-Stipetum ibericae";"F26-175";"Helianthemo hirti-Stipetum ibericae";"8"
"31376";"28";"F26-176 Teucrio polii-Festucetum cinereae";"F26-176";"Teucrio polii-Festucetum cinereae";"8"
"31202";"28";"F26-18 Anemono narcissiflorae-Brometum erecti";"F26-18";"Anemono narcissiflorae-Brometum erecti";"8"
"31203";"28";"F26-19 Gentiano vernae-Brometum erecti";"F26-19";"Gentiano vernae-Brometum erecti";"8"
"31159";"28";"F26-20 Ranunculo montani-Agrostietum capillaris";"F26-20";"Ranunculo montani-Agrostietum capillaris";"8"
"31160";"28";"F26-21 Sedo montani-Koelerietum macranthae";"F26-21";"Sedo montani-Koelerietum macranthae";"8"
"31161";"28";"F26-22 Genisto sagittalis-Festucetum filiformis";"F26-22";"Genisto sagittalis-Festucetum filiformis";"8"
"31162";"28";"F26-23 Sieglingio decumbentis-Brachypodietum pinnati";"F26-23";"Sieglingio decumbentis-Brachypodietum pinnati";"8"
"31163";"28";"F26-24 Thymo pulegioidis-Caricetum caryophylleae";"F26-24";"Thymo pulegioidis-Caricetum caryophylleae";"8"
"31164";"28";"F26-25 Carlino cynareae-Brachypodietum pinnati";"F26-25";"Carlino cynareae-Brachypodietum pinnati";"8"
"31165";"28";"F26-26 Saxifrago granulatae-Genistetum sagittalis";"F26-26";"Saxifrago granulatae-Genistetum sagittalis";"8"
"31166";"28";"F26-27 Ranunculo bulbosi-Brachypodietum pinnati";"F26-27";"Ranunculo bulbosi-Brachypodietum pinnati";"8"
"31167";"28";"F26-28 Stachyo officinalis-Galietum veri";"F26-28";"Stachyo officinalis-Galietum veri";"8"
"31168";"28";"F26-29 Centaureo approximatae-Brachypodietum pinnati";"F26-29";"Centaureo approximatae-Brachypodietum pinnati";"8"
"31169";"28";"F26-30 Campanulo glomeratae-Phleetum phleoidis";"F26-30";"Campanulo glomeratae-Phleetum phleoidis";"8"
"31249";"28";"F26-31 Teucrio pyrenaici-Genistetum occidentalis";"F26-31";"Teucrio pyrenaici-Genistetum occidentalis";"8"
"31251";"28";"F26-33 Euphorbio occidentalis-Silaetum pyrenaici";"F26-33";"Euphorbio occidentalis-Silaetum pyrenaici";"8"
"31254";"28";"F26-34 Gymnadenio conopseae-Brachypodietum rupestris";"F26-34";"Gymnadenio conopseae-Brachypodietum rupestris";"8"
"31255";"28";"F26-35 Parnassio palustris-Thymetum praecocis";"F26-35";"Parnassio palustris-Thymetum praecocis";"8"
"31256";"28";"F26-36 Succiso pratensis-Brachypodietum pinnati";"F26-36";"Succiso pratensis-Brachypodietum pinnati";"8"
"31257";"28";"F26-37 Senecioni erucifolii-Blackstonietum perfoliatae";"F26-37";"Senecioni erucifolii-Blackstonietum perfoliatae";"8"
"31258";"28";"F26-38 Blackstonio perfoliatae-Brometum erecti";"F26-38";"Blackstonio perfoliatae-Brometum erecti";"8"
"31269";"28";"F26-39 Platanthero bifoliae-Molinietum arundinaceae";"F26-39";"Platanthero bifoliae-Molinietum arundinaceae";"8"
"31270";"28";"F26-40 Ophryo scolopacis-Caricetum flaccae";"F26-40";"Ophryo scolopacis-Caricetum flaccae";"8"
"31271";"28";"F26-41 Catanancho caeruleae-Seslerietum caeruleae";"F26-41";"Catanancho caeruleae-Seslerietum caeruleae";"8"
"31272";"28";"F26-42 Cytiso lotoidis-Tetragonolobetum maritimi";"F26-42";"Cytiso lotoidis-Tetragonolobetum maritimi";"8"
"31273";"28";"F26-43 Carici tomentosae-Tetragonolobetum maritimi";"F26-43";"Carici tomentosae-Tetragonolobetum maritimi";"8"
"31274";"28";"F26-44 Chloro perfoliatae-Caricetum flaccae";"F26-44";"Chloro perfoliatae-Caricetum flaccae";"8"
"31275";"28";"F26-45 Cirsio tuberosi-Tetragonolobetum siliquosi";"F26-45";"Cirsio tuberosi-Tetragonolobetum siliquosi";"8"
"31276";"28";"F26-46 Plantagini serpentinae-Tetragonolobetum siliquosi";"F26-46";"Plantagini serpentinae-Tetragonolobetum siliquosi";"8"
"31277";"28";"F26-47 Calamagrostio variae-Molinietum litoralis";"F26-47";"Calamagrostio variae-Molinietum litoralis";"8"
"31278";"28";"F26-48 Equiseto ramosissimi-Brometum erecti";"F26-48";"Equiseto ramosissimi-Brometum erecti";"8"
"31282";"28";"F26-49 Teucrio montani-Brometum erecti";"F26-49";"Teucrio montani-Brometum erecti";"8"
"31283";"28";"F26-50 Globularietum punctato-cordifoliae";"F26-50";"Globularietum punctato-cordifoliae";"8"
"31284";"28";"F26-51 Koelerio pyramidatae-Seslerietum caeruleae";"F26-51";"Koelerio pyramidatae-Seslerietum caeruleae";"8"
"31285";"28";"F26-52 Genisto pilosae-Seslerietum caeruleae";"F26-52";"Genisto pilosae-Seslerietum caeruleae";"8"
"31286";"28";"F26-53 Violo rupestris-Koelerietum pyramidatae";"F26-53";"Violo rupestris-Koelerietum pyramidatae";"8"
"31287";"28";"F26-54 Coronillo minimae-Seslerietum caeruleae";"F26-54";"Coronillo minimae-Seslerietum caeruleae";"8"
"31288";"28";"F26-55 Festuco lemanii-Seslerietum caeruleae";"F26-55";"Festuco lemanii-Seslerietum caeruleae";"8"
"31293";"28";"F26-56 Globulario bisnagaricae-Fumanetum procumbentis";"F26-56";"Globulario bisnagaricae-Fumanetum procumbentis";"8"
"31294";"28";"F26-57 Avenulo pratensis-Festucetum lemanii";"F26-57";"Avenulo pratensis-Festucetum lemanii";"8"
"31295";"28";"F26-58 Carici tomentosae-Avenuletum pratensis";"F26-58";"Carici tomentosae-Avenuletum pratensis";"8"
"31296";"28";"F26-59 Lino leonii-Festucetum lemanii";"F26-59";"Lino leonii-Festucetum lemanii";"8"
"31297";"28";"F26-60 Onobrychido arenariae-Linetum leonii";"F26-60";"Onobrychido arenariae-Linetum leonii";"8"
"31298";"28";"F26-61 Globulario willkommii-Cytisetum decumbentis";"F26-61";"Globulario willkommii-Cytisetum decumbentis";"8"
"31299";"28";"F26-62 Antherico ramosi-Brometum erecti";"F26-62";"Antherico ramosi-Brometum erecti";"8"
"31300";"28";"F26-63 Carici humilis-Brometum erecti";"F26-63";"Carici humilis-Brometum erecti";"8"
"31301";"28";"F26-64 Teucrio chamaedryos-Brometum erecti";"F26-64";"Teucrio chamaedryos-Brometum erecti";"8"
"31303";"28";"F26-65 Helianthemo apennini-Brometum erecti";"F26-65";"Helianthemo apennini-Brometum erecti";"8"
"31304";"28";"F26-66 Prunello grandiflorae-Linetum appressi";"F26-66";"Prunello grandiflorae-Linetum appressi";"8"
"31305";"28";"F26-67 Carthamo mitissimi-Brometum erecti";"F26-67";"Carthamo mitissimi-Brometum erecti";"8"
"31306";"28";"F26-68 Ranunculo graminei-Carthametum mitissimi";"F26-68";"Ranunculo graminei-Carthametum mitissimi";"8"
"31307";"28";"F26-69 Helictochloo pratensis-Festucetum marginatae";"F26-69";"Helictochloo pratensis-Festucetum marginatae";"8"
"31308";"28";"F26-70 Anacamptido pyramidalis-Seselietum montani";"F26-70";"Anacamptido pyramidalis-Seselietum montani";"8"
"31312";"28";"F26-71 Galio maritimi-Brachypodietum pinnati";"F26-71";"Galio maritimi-Brachypodietum pinnati";"8"
"31313";"28";"F26-72 Anthyllido vulnerariae-Festucetum armoricanae";"F26-72";"Anthyllido vulnerariae-Festucetum armoricanae";"8"
"31318";"28";"F26-73 Koelerio vallesianae-Helianthemetum apennini";"F26-73";"Koelerio vallesianae-Helianthemetum apennini";"8"
"31319";"28";"F26-74 Chamaespartio sagittalis-Helianthemetum apennini";"F26-74";"Chamaespartio sagittalis-Helianthemetum apennini";"8"
"31322";"28";"F26-75 Onobrychido arenariae-Pulsatilletum rubrae";"F26-75";"Onobrychido arenariae-Pulsatilletum rubrae";"8"
"31323";"28";"F26-76 Ononido pusillae-Brometum erecti";"F26-76";"Ononido pusillae-Brometum erecti";"8"
"31324";"28";"F26-77 Teucrio montani-Fumanetum procumbentis";"F26-77";"Teucrio montani-Fumanetum procumbentis";"8"
"31325";"28";"F26-78 Carici hallerianae-Brometum erecti";"F26-78";"Carici hallerianae-Brometum erecti";"8"
"31326";"28";"F26-79 Fumano procumbentis-Caricetum humilis";"F26-79";"Fumano procumbentis-Caricetum humilis";"8"
"31327";"28";"F26-80 Xerobrometum";"F26-80";"Xerobrometum";"8"
"31328";"28";"F26-81 Micropodo erecti-Caricetum hallerianae";"F26-81";"Micropodo erecti-Caricetum hallerianae";"8"
"31329";"28";"F26-82 Bromo erecti-Ranunculetum graminei";"F26-82";"Bromo erecti-Ranunculetum graminei";"8"
"31330";"28";"F26-83 Inulo montanae-Brometum erecti";"F26-83";"Inulo montanae-Brometum erecti";"8"
"31332";"28";"F26-84 Helianthemo apennini-Seslerietum caeruleae";"F26-84";"Helianthemo apennini-Seslerietum caeruleae";"8"
"31333";"28";"F26-85 Allio sphaerocephali-Seslerietum caeruleae";"F26-85";"Allio sphaerocephali-Seslerietum caeruleae";"8"
"31259";"28";"F26-86 Sileno italicae-Helianthemetum cani";"F26-86";"Sileno italicae-Helianthemetum cani";"8"
"31260";"28";"F26-87 Pulsatillo vulgaris-Seslerietum caeruleae";"F26-87";"Pulsatillo vulgaris-Seslerietum caeruleae";"8"
"31261";"28";"F26-88 Festuco hervieri-Seslerietum albicantis";"F26-88";"Festuco hervieri-Seslerietum albicantis";"8"
"31262";"28";"F26-89 Seslerio caeruleae-Anthyllidetum montanae";"F26-89";"Seslerio caeruleae-Anthyllidetum montanae";"8"
"31263";"28";"F26-90 Carici humilis-Anthyllidetum montanae";"F26-90";"Carici humilis-Anthyllidetum montanae";"8"
"31264";"28";"F26-91 Coronillo vaginalis-Caricetum humilis";"F26-91";"Coronillo vaginalis-Caricetum humilis";"8"
"31265";"28";"F26-92 Genisto pilosae-Laserpitietum sileris";"F26-92";"Genisto pilosae-Laserpitietum sileris";"8"
"31266";"28";"F26-93 Cephalario leucanthae-Seslerietum caeruleae";"F26-93";"Cephalario leucanthae-Seslerietum caeruleae";"8"
"31267";"28";"F26-94 Oreoselino nigri-Seslerietum caeruleae";"F26-94";"Oreoselino nigri-Seslerietum caeruleae";"8"
"31410";"28";"F26-95 Caricetum nitidae";"F26-95";"Caricetum nitidae";"8"
"31411";"28";"F26-96 Lino leonii-Koelerietum vallesianae";"F26-96";"Lino leonii-Koelerietum vallesianae";"8"
"31412";"28";"F26-97 Leucanthemo graminifolii-Seslerietum caeruleae";"F26-97";"Leucanthemo graminifolii-Seslerietum caeruleae";"8"
"31413";"28";"F26-98 Lino appressi-Seslerietum caeruleae";"F26-98";"Lino appressi-Seslerietum caeruleae";"8"
"31414";"28";"F26-99 Sideritido guillonii-Koelerietum vallesianae";"F26-99";"Sideritido guillonii-Koelerietum vallesianae";"8"
"24335";"28";"F28-01 Pteridio aquilini-Oenanthetum crocatae";"F28-01";"Pteridio aquilini-Oenanthetum crocatae";"8"
"24336";"28";"F28-02 Junco acutiflori-Angelicetum sylvestris";"F28-02";"Junco acutiflori-Angelicetum sylvestris";"8"
"24337";"28";"F28-03 Athyrio filicis-feminae-Phalaridetum arundinaceae";"F28-03";"Athyrio filicis-feminae-Phalaridetum arundinaceae";"8"
"24338";"28";"F28-04 Athyrio filicis-feminae-Scirpetum sylvatici";"F28-04";"Athyrio filicis-feminae-Scirpetum sylvatici";"8"
"24339";"28";"F28-05 Achilleo ptarmicae-Filipenduletum ulmariae";"F28-05";"Achilleo ptarmicae-Filipenduletum ulmariae";"8"
"24340";"28";"F28-06 Junco effusi-Lotetum uliginosi";"F28-06";"Junco effusi-Lotetum uliginosi";"8"
"24341";"28";"F28-07 Scrophulario auriculatae-Angelicetum sylvestris";"F28-07";"Scrophulario auriculatae-Angelicetum sylvestris";"8"
"24342";"28";"F28-08 Valeriano repentis-Cirsietum oleracei";"F28-08";"Valeriano repentis-Cirsietum oleracei";"8"
"24343";"28";"F28-09 Euphorbio villosae-Filipenduletum ulmariae";"F28-09";"Euphorbio villosae-Filipenduletum ulmariae";"8"
"24345";"28";"F28-10 Aconito napelli-Eupatorietum cannabini";"F28-10";"Aconito napelli-Eupatorietum cannabini";"8"
"24346";"28";"F28-11 Symphyto officinalis-Scrophularietum auriculatae";"F28-11";"Symphyto officinalis-Scrophularietum auriculatae";"8"
"24348";"28";"F28-12 Angelico sylvestris-Filipenduletum ulmariae";"F28-12";"Angelico sylvestris-Filipenduletum ulmariae";"8"
"24349";"28";"F28-13 Thalictro flavi-Althaeetum officinalis";"F28-13";"Thalictro flavi-Althaeetum officinalis";"8"
"24350";"28";"F28-14 Valeriano officinalis-Filipenduletum ulmariae";"F28-14";"Valeriano officinalis-Filipenduletum ulmariae";"8"
"24351";"28";"F28-15 Veronico longifoliae-Euphorbietum palustris";"F28-15";"Veronico longifoliae-Euphorbietum palustris";"8"
"24354";"28";"F28-16 Equiseto sylvatici-Lotetum uliginosi";"F28-16";"Equiseto sylvatici-Lotetum uliginosi";"8"
"24355";"28";"F28-17 Polygono bistortae-Scirpetum sylvatici";"F28-17";"Polygono bistortae-Scirpetum sylvatici";"8"
"24357";"28";"F28-18 Thalictro flavi-Filipenduletum ulmariae";"F28-18";"Thalictro flavi-Filipenduletum ulmariae";"8"
"24358";"28";"F28-19 Chaerophyllo hirsuti-Valerianetum pyrenaicae";"F28-19";"Chaerophyllo hirsuti-Valerianetum pyrenaicae";"8"
"24359";"28";"F28-20 Filipendulo ulmariae-Geranietum palustris";"F28-20";"Filipendulo ulmariae-Geranietum palustris";"8"
"24361";"28";"F28-21 Ranunculo aconitifolii-Filipenduletum ulmariae";"F28-21";"Ranunculo aconitifolii-Filipenduletum ulmariae";"8"
"24362";"28";"F28-22 Aconito napelli-Filipenduletum ulmariae";"F28-22";"Aconito napelli-Filipenduletum ulmariae";"8"
"24363";"28";"F28-23 Aconito napelli-Chaerophylletum cicutariae";"F28-23";"Aconito napelli-Chaerophylletum cicutariae";"8"
"24364";"28";"F28-23b Cirsio cretici-Dorycnietum recti";"F28-23b";"Cirsio cretici-Dorycnietum recti";"8"
"24365";"28";"F28-24 Senecioni doriae-Cirsietum monspessulani";"F28-24";"Senecioni doriae-Cirsietum monspessulani";"8"
"24366";"28";"F28-25 Knautio integrifoliae-Oenanthetum crocatae";"F28-25";"Knautio integrifoliae-Oenanthetum crocatae";"8"
"24367";"28";"F28-26 Eupatorio cannabini-Convolvuletum sepium";"F28-26";"Eupatorio cannabini-Convolvuletum sepium";"8"
"24368";"28";"F28-27 Eupatorietum cannabini";"F28-27";"Eupatorietum cannabini";"8"
"24369";"28";"F28-28 Calystegio sepium-Senecionetum paludosi";"F28-28";"Calystegio sepium-Senecionetum paludosi";"8"
"24370";"28";"F28-29 Calystegio sepium-Phragmitetum australis";"F28-29";"Calystegio sepium-Phragmitetum australis";"8"
"24371";"28";"F28-30 Oenantho crocatae-Angelicetum archangelicae";"F28-30";"Oenantho crocatae-Angelicetum archangelicae";"8"
"24372";"28";"F28-31 Epilobio hirsuti-Equisetetum telmateiae";"F28-31";"Epilobio hirsuti-Equisetetum telmateiae";"8"
"24373";"28";"F28-32 Irido pseudacori-Oenanthetum crocatae";"F28-32";"Irido pseudacori-Oenanthetum crocatae";"8"
"24374";"28";"F28-33 Calystegio sepium-Asteretum lanceolati";"F28-33";"Calystegio sepium-Asteretum lanceolati";"8"
"24375";"28";"F28-34 Epilobio hirsuti-Convolvuletum sepium";"F28-34";"Epilobio hirsuti-Convolvuletum sepium";"8"
"24377";"28";"F28-35 Symphyto officinalis-Cirsietum oleracei";"F28-35";"Symphyto officinalis-Cirsietum oleracei";"8"
"24378";"28";"F28-36 Urtico dioicae-Phalaridetum arundinaceae";"F28-36";"Urtico dioicae-Phalaridetum arundinaceae";"8"
"24379";"28";"F28-37 Cuscuto europaeae-Brassicetum nigrae";"F28-37";"Cuscuto europaeae-Brassicetum nigrae";"8"
"24380";"28";"F28-38 Picrido hieracioidis-Eupatorietum cannabini";"F28-38";"Picrido hieracioidis-Eupatorietum cannabini";"8"
"24381";"28";"F28-39 Senecionetum fluviatilis";"F28-39";"Senecionetum fluviatilis";"8"
"24382";"28";"F28-40 Symphyto officinalis-Rubetum caesii";"F28-40";"Symphyto officinalis-Rubetum caesii";"8"
"24383";"28";"F28-41 Fallopio dumetorum-Cucubaletum bacciferi";"F28-41";"Fallopio dumetorum-Cucubaletum bacciferi";"8"
"24384";"28";"F28-42 Cuscuto europaeae-Convolvuletum sepium";"F28-42";"Cuscuto europaeae-Convolvuletum sepium";"8"
"24386";"28";"F28-43 Phalarido arundinaceae-Petasitetum hybridi";"F28-43";"Phalarido arundinaceae-Petasitetum hybridi";"8"
"24387";"28";"F28-44 Petasitetum hybridi";"F28-44";"Petasitetum hybridi";"8"
"24388";"28";"F28-45 Urtico dioicae-Convolvuletum sepium";"F28-45";"Urtico dioicae-Convolvuletum sepium";"8"
"24389";"28";"F28-46 Impatienti glanduliferae-Solidaginetum serotinae";"F28-46";"Impatienti glanduliferae-Solidaginetum serotinae";"8"
"24390";"28";"F28-47 Convolvulo sepium-Angelicetum heterocarpae";"F28-47";"Convolvulo sepium-Angelicetum heterocarpae";"8"
"24391";"28";"F28-48 Cochleario aestuariae-Oenanthetum crocatae";"F28-48";"Cochleario aestuariae-Oenanthetum crocatae";"8"
"24392";"28";"F28-49 Senecioni aquatici-Oenanthetum crocatae";"F28-49";"Senecioni aquatici-Oenanthetum crocatae";"8"
"24393";"28";"F28-50 Althaeo officinalis-Calystegietum sepium";"F28-50";"Althaeo officinalis-Calystegietum sepium";"8"
"24394";"28";"F28-51 Althaeetum officinalis";"F28-51";"Althaeetum officinalis";"8"
"24395";"28";"F28-52 Arundini donacis-Convolvuletum sepium";"F28-52";"Arundini donacis-Convolvuletum sepium";"8"
"24352";"28";"F28-53 Ligulario sibiricae-Polygonetum bistortae";"F28-53";"Ligulario sibiricae-Polygonetum bistortae";"8"
"26449";"28";"F28b-01 Myrico gale-Salicetum atrocinereae";"F28b-01";"Myrico gale-Salicetum atrocinereae ";"8"
"26450";"28";"F28b-02 Erico scopariae-Myricetum gale";"F28b-02";"Erico scopariae-Myricetum gale ";"8"
"26451";"28";"F28b-03 Osmundo regalis-Salicetum atrocinereae";"F28b-03";"Osmundo regalis-Salicetum atrocinereae ";"8"
"26452";"28";"F28b-04 Myricetum gale";"F28b-04";"Myricetum gale ";"8"
"26453";"28";"F28b-05 Sphagno subnitentis-Ericetum terminalis";"F28b-05";"Sphagno subnitentis-Ericetum terminalis";"8"
"26454";"28";"F28b-06 Salicetum pentandro-cinereae";"F28b-06";"Salicetum pentandro-cinereae ";"8"
"26455";"28";"F28b-07 Frangulo alni-Salicetum cinereae";"F28b-07";"Frangulo alni-Salicetum cinereae ";"8"
"26456";"28";"F28b-08 Frangulo alni-Populetum tremulae";"F28b-08";"Frangulo alni-Populetum tremulae ";"8"
"26457";"28";"F28b-09 Frangulo alni-Salicetum auritae";"F28b-09";"Frangulo alni-Salicetum auritae ";"8"
"26458";"28";"F28b-10 Sphagno fallacis-Salicetum auritae";"F28b-10";"Sphagno fallacis-Salicetum auritae";"8"
"26459";"28";"F28b-11 Frangulo alni-Pyretum cordatae";"F28b-11";"Frangulo alni-Pyretum cordatae ";"8"
"26460";"28";"F28b-12 Erico scopariae-Franguletum alni";"F28b-12";"Erico scopariae-Franguletum alni ";"8"
"26461";"28";"F28b-13 Ericetum scopario-erigenae";"F28b-13";"Ericetum scopario-erigenae ";"8"
"26462";"28";"F28b-14 Ulici europaei-Franguletum alni";"F28b-14";"Ulici europaei-Franguletum alni ";"8"
"26463";"28";"F28b-15 Junipero communis-Franguletum alni";"F28b-15";"Junipero communis-Franguletum alni ";"8"
"26464";"28";"F28b-16 Rubetum grati";"F28b-16";"Rubetum grati";"8"
"26399";"28";"F28b-17 Rubetum sylvatici";"F28b-17";"Rubetum sylvatici";"8"
"26401";"28";"F28b-18 Sorbo aucupariae-Franguletum alni";"F28b-18";"Sorbo aucupariae-Franguletum alni";"8"
"26402";"28";"F28b-19 Rubetum pedemontani";"F28b-19";"Rubetum pedemontani";"8"
"26403";"28";"F28b-20 Rubetum nessensi-integribasis";"F28b-20";"Rubetum nessensi-integribasis";"8"
"26404";"28";"F28b-21 Frangulo alni-Rubetum plicati";"F28b-21";"Frangulo alni-Rubetum plicati";"8"
"28373";"28";"F28b-22 Salicetum pentandro-atrocinereae";"F28b-22";"Salicetum pentandro-atrocinereae";"8"
"28424";"28";"F28b-23 Carici microcarpae-Ericetum terminalis";"F28b-23";"Carici microcarpae-Ericetum terminalis";"8"
"28423";"28";"F28b-24 Thelypterido palustris-Ericetum terminalis";"F28b-24";"Thelypterido palustris-Ericetum terminalis";"8"
"24396";"28";"F34a-01 Isoëtetum setaceae";"F34a-01";"Isoëtetum setaceae";"8"
"24398";"28";"F34a-03 Apietum crassipedis";"F34a-03";"Apietum crassipedis";"8"
"24399";"28";"F34a-04 Carici erythrostachyos-Helosciadietum crassipedis";"F34a-04";"Carici erythrostachyos-Helosciadietum crassipedis";"8"
"24401";"28";"F34a-05 Isoëtetum duriaei";"F34a-05";"Isoëtetum duriaei";"8"
"24402";"28";"F34a-06 Spirantho aestivalis-Anagallidetum tenellae";"F34a-06";"Spirantho aestivalis-Anagallidetum tenellae";"8"
"24403";"28";"F34a-07 Serapiado linguae-Oenanthetum lachenalii";"F34a-07";"Serapiado linguae-Oenanthetum lachenalii";"8"
"24404";"28";"F34a-08 Sedo rupestris-Isoëtetum duriei";"F34a-08";"Sedo rupestris-Isoëtetum duriei";"8"
"24096";"28";"F34a-09 Romuleo columnae-Isoëtetum histricis";"F34a-09";"Romuleo columnae-Isoëtetum histricis";"8"
"24097";"28";"F34a-10 Chamaemelo nobilis-Isoëtetum histricis";"F34a-10";"Chamaemelo nobilis-Isoëtetum histricis";"8"
"24098";"28";"F34a-11 Ophioglosso azorici-Isoëtetum histricis";"F34a-11";"Ophioglosso azorici-Isoëtetum histricis";"8"
"28419";"28";"F34a-12 Isoëto histricis-Lotetum suaveolentis";"F34a-12";"Isoëto histricis-Lotetum suaveolentis";"8"
"28418";"28";"F34a-13 Romuleo requieni-Isoëtetum histricis";"F34a-13";"Romuleo requieni-Isoëtetum histricis";"8"
"24102";"28";"F34b-01 Eleocharito ovatae-Caricetum bohemicae";"F34b-01";"Eleocharito ovatae-Caricetum bohemicae";"8"
"24103";"28";"F34b-02 Peplido portulae-Eleocharitetum ovatae";"F34b-02";"Peplido portulae-Eleocharitetum ovatae";"8"
"24104";"28";"F34b-03 Cypero fusci-Limoselletum aquaticae";"F34b-03";"Cypero fusci-Limoselletum aquaticae";"8"
"24105";"28";"F34b-04 Elatino alsinastri-Juncetum tenageiae";"F34b-04";"Elatino alsinastri-Juncetum tenageiae";"8"
"24106";"28";"F34b-05 Lythro portulae-Ludwigietum palustris";"F34b-05";"Lythro portulae-Ludwigietum palustris";"8"
"24107";"28";"F34b-06 Ludwigio palustris-Lindernietum procumbentis";"F34b-06";"Ludwigio palustris-Lindernietum procumbentis";"8"
"24108";"28";"F34b-07 Chenopodio rubri-Coleanthetum subtilis";"F34b-07";"Chenopodio rubri-Coleanthetum subtilis";"8"
"24109";"28";"F34b-08 Cypero fusci-Ammannietum coccineae";"F34b-08";"Cypero fusci-Ammannietum coccineae";"8"
"24113";"28";"F34b-09 Callitricho stagnalis-Polygonetum hydropiperis";"F34b-09";"Callitricho stagnalis-Polygonetum hydropiperis";"8"
"24114";"28";"F34b-10 Plantagini intermediae-Crypsietum alopecuroidis";"F34b-10";"Plantagini intermediae-Crypsietum alopecuroidis";"8"
"24115";"28";"F34b-11 Ilysantho attenuatae-Cyperetum micheliani";"F34b-11";"Ilysantho attenuatae-Cyperetum micheliani";"8"
"24116";"28";"F34b-12 Heleochloo schoenoidis-Fimbristylidetum bisumbellatae";"F34b-12";"Heleochloo schoenoidis-Fimbristylidetum bisumbellatae";"8"
"24117";"28";"F34b-13 Crypsio schoenoidis-Cyperetum micheliani";"F34b-13";"Crypsio schoenoidis-Cyperetum micheliani";"8"
"24118";"28";"F34b-14 Heliotropio supini-Heleochloetum schoenoidis";"F34b-14";"Heliotropio supini-Heleochloetum schoenoidis";"8"
"24405";"28";"F34b-15 Echinochloo cruris-galli-Crypsietum schoenoidis";"F34b-15";"Echinochloo cruris-galli-Crypsietum schoenoidis";"8"
"24406";"28";"F34b-16 Junco hybridi-Lythretum tribracteati";"F34b-16";"Junco hybridi-Lythretum tribracteati";"8"
"24407";"28";"F34b-17 Elatinetum macropodae";"F34b-17";"Elatinetum macropodae";"8"
"24409";"28";"F34b-18 Lythro portulae-Damasonietum alismatis";"F34b-18";"Lythro portulae-Damasonietum alismatis";"8"
"24411";"28";"F34b-19 Myosuro minimi-Bulliardetum vaillantii";"F34b-19";"Myosuro minimi-Bulliardetum vaillantii";"8"
"24412";"28";"F34b-20 Bellido annuae-Lythretum borysthenici";"F34b-20";"Bellido annuae-Lythretum borysthenici";"8"
"24413";"28";"F34b-21 Junco pygmaei-Lythretum borysthenici";"F34b-21";"Junco pygmaei-Lythretum borysthenici";"8"
"24415";"28";"F34b-22 lsoëto velatae-Bulliardetum vaillantii";"F34b-22";"lsoëto velatae-Bulliardetum vaillantii";"8"
"24416";"28";"F34b-23 Peplido erectae-Ranunculetum revelieri";"F34b-23";"Peplido erectae-Ranunculetum revelieri";"8"
"24417";"28";"F34b-24 Antinorio insularis-Lythretum borysthenici";"F34b-24";"Antinorio insularis-Lythretum borysthenici";"8"
"24422";"28";"F34b-25 Bellido annuae-Cicendietum filiformis";"F34b-25";"Bellido annuae-Cicendietum filiformis";"8"
"24423";"28";"F34b-26 Junco pygmaei-Ranunculetum revelieri";"F34b-26";"Junco pygmaei-Ranunculetum revelieri";"8"
"24424";"28";"F34b-27 Solenopsio laurentiae-Lythretum borysthenici";"F34b-27";"Solenopsio laurentiae-Lythretum borysthenici";"8"
"24426";"28";"F34b-28 Agrostio pourretii-Juncetum capitati";"F34b-28";"Agrostio pourretii-Juncetum capitati";"8"
"23867";"28";"F34b-29 Molineriello minutae-Juncetum fasciculati";"F34b-29";"Molineriello minutae-Juncetum fasciculati";"8"
"23869";"28";"F34b-30 Laurentio michelii-Anthocerotetum dichotomi";"F34b-30";"Laurentio michelii-Anthocerotetum dichotomi";"8"
"23870";"28";"F34b-31 Lythro thymifolii-Juncetum capitati";"F34b-31";"Lythro thymifolii-Juncetum capitati";"8"
"23871";"28";"F34b-32 Cicendietum filiformis";"F34b-32";"Cicendietum filiformis";"8"
"23872";"28";"F34b-33 Pseudognaphalio luteoalbi-Exaculetum pusilli";"F34b-33";"Pseudognaphalio luteoalbi-Exaculetum pusilli";"8"
"23873";"28";"F34b-34 Centaurio maritimi-Juncetum capitati";"F34b-34";"Centaurio maritimi-Juncetum capitati";"8"
"23876";"28";"F34b-35 Spergulario rubrae-Illecebretum verticillati";"F34b-35";"Spergulario rubrae-Illecebretum verticillati";"8"
"23877";"28";"F34b-36 Centunculo minimi-Anthocerotetum punctati";"F34b-36";"Centunculo minimi-Anthocerotetum punctati";"8"
"23878";"28";"F34b-37 Ranunculo sardoi-Myosuretum minimi";"F34b-37";"Ranunculo sardoi-Myosuretum minimi";"8"
"23880";"28";"F34b-38 Ranunculo gracilis-Radioletum linoidis";"F34b-38";"Ranunculo gracilis-Radioletum linoidis";"8"
"23881";"28";"F34b-39 Centunculo minimi-Isolepidetum setaceae";"F34b-39";"Centunculo minimi-Isolepidetum setaceae";"8"
"23882";"28";"F34b-40 Junco capitati-Morisietum monanthi";"F34b-40";"Junco capitati-Morisietum monanthi";"8"
"23883";"28";"F34b-41 Cyperetum flavescentis";"F34b-41";"Cyperetum flavescentis";"8"
"23884";"28";"F34b-42 Stellario uliginosae-Scirpetum setacei";"F34b-42";"Stellario uliginosae-Scirpetum setacei";"8"
"23890";"28";"F34b-43 Isolepido setaceae-Centaurietum chloodis";"F34b-43";"Isolepido setaceae-Centaurietum chloodis";"8"
"23893";"28";"F34b-44 Blackstonio perfoliatae-Ranunculetum sardoi";"F34b-44";"Blackstonio perfoliatae-Ranunculetum sardoi";"8"
"23895";"28";"F34b-45 Gentiano uliginosae-Erythraeetum littoralis";"F34b-45";"Gentiano uliginosae-Erythraeetum littoralis";"8"
"23896";"28";"F34b-46 Erythraeo pulchellae-Blackstonietum serotinae";"F34b-46";"Erythraeo pulchellae-Blackstonietum serotinae";"8"
"23897";"28";"F34b-47 Euphorbio exiguae-Lythretum hyssopifoliae";"F34b-47";"Euphorbio exiguae-Lythretum hyssopifoliae";"8"
"23898";"28";"F34b-48 Junco sphaerocarpi-Lythretum hyssopifoliae";"F34b-48";"Junco sphaerocarpi-Lythretum hyssopifoliae";"8"
"23899";"28";"F34b-49 Centaurio pulchelli-Filaginetum pyramidatae";"F34b-49";"Centaurio pulchelli-Filaginetum pyramidatae";"8"
"28420";"28";"F34b-50 Gnaphalio uliginosi-Crypsietum schoenoidis";"F34b-50";"Gnaphalio uliginosi-Crypsietum schoenoidis";"8"
"28421";"28";"F34b-51 Solenopsio laurentiae-Cicendietum filiformis";"F34b-51";"Solenopsio laurentiae-Cicendietum filiformis";"8"
"23901";"28";"F37-01 Lemnetum minoris";"F37-01";"Lemnetum minoris";"8"
"23902";"28";"F37-02 Spirodelo-Lemnetum minoris";"F37-02";"Spirodelo-Lemnetum minoris";"8"
"23903";"28";"F37-03 Lemno minusculae-Azolletum filiculoidis";"F37-03";"Lemno minusculae-Azolletum filiculoidis";"8"
"23904";"28";"F37-04 Lemnetum minori-turioniferae";"F37-04";"Lemnetum minori-turioniferae";"8"
"23905";"28";"F37-05 Wolffietum arrhizae";"F37-05";"Wolffietum arrhizae";"8"
"23906";"28";"F37-06 Lemnetum gibbae";"F37-06";"Lemnetum gibbae";"8"
"23907";"28";"F37-07 Lemno minoris-Azolletum filiculoidis";"F37-07";"Lemno minoris-Azolletum filiculoidis";"8"
"23908";"28";"F37-08 Lemnetum trisulcae";"F37-08";"Lemnetum trisulcae";"8"
"23909";"28";"F37-09 Ricciocarpetum natantis";"F37-09";"Ricciocarpetum natantis";"8"
"23910";"28";"F37-10 Riccietum fluitantis";"F37-10";"Riccietum fluitantis";"8"
"23911";"28";"F37-11 Salvinio-Spirodeletum polyrhizae";"F37-11";"Salvinio-Spirodeletum polyrhizae";"8"
"23912";"28";"F37-12 Lemno trisulcae-Utricularietum vulgaris";"F37-12";"Lemno trisulcae-Utricularietum vulgaris";"8"
"23913";"28";"F37-13 Utricularietum australis";"F37-13";"Utricularietum australis";"8"
"23914";"28";"F37-14 Spirodelo-Aldrovandetum vesiculosae";"F37-14";"Spirodelo-Aldrovandetum vesiculosae";"8"
"23915";"28";"F37-15 Stratiotetum aloidis";"F37-15";"Stratiotetum aloidis";"8"
"23916";"28";"F37-16 Lemno minoris-Hydrocharitetum morsus-ranae";"F37-16";"Lemno minoris-Hydrocharitetum morsus-ranae";"8"
"23917";"28";"F37-17 Potamo-Ceratophylletum submersi";"F37-17";"Potamo-Ceratophylletum submersi";"8"
"23918";"28";"F37-18 Ceratophylletum demersi";"F37-18";"Ceratophylletum demersi";"8"
"23919";"28";"F38-01 Isoeto lacustris-Lobelietum dortmannae";"F38-01";"Isoeto lacustris-Lobelietum dortmannae";"8"
"23921";"28";"F38-02 Scirpo americani-Lobelietum dortmannae";"F38-02";"Scirpo americani-Lobelietum dortmannae";"8"
"23922";"28";"F38-03 Isoetetum boryanae";"F38-03";"Isoetetum boryanae";"8"
"23923";"28";"F38-04 Junco heterophylli-Pilularietum globuliferae";"F38-04";"Junco heterophylli-Pilularietum globuliferae";"8"
"23924";"28";"F38-05 Littorello uniflorae-Isoetetum velatae";"F38-05";"Littorello uniflorae-Isoetetum velatae";"8"
"23925";"28";"F38-06 Eleocharito palustris-Littorelletum uniflorae";"F38-06";"Eleocharito palustris-Littorelletum uniflorae";"8"
"23926";"28";"F38-07 Eleocharitetum multicaulis";"F38-07";"Eleocharitetum multicaulis";"8"
"23927";"28";"F38-08 Hyperico elodis-Potametum oblongi";"F38-08";"Hyperico elodis-Potametum oblongi";"8"
"23928";"28";"F38-09 Potamo polygonifolii-Scirpetum fluitantis";"F38-09";"Potamo polygonifolii-Scirpetum fluitantis";"8"
"23929";"28";"F38-10 Scirpo americani-Hypericetum elodis";"F38-10";"Scirpo americani-Hypericetum elodis";"8"
"23930";"28";"F38-11 Littorello uniflorae-Eleocharitetum acicularis";"F38-11";"Littorello uniflorae-Eleocharitetum acicularis";"8"
"23931";"28";"F38-12 Apio inundati-Littorelletum uniflorae";"F38-12";"Apio inundati-Littorelletum uniflorae";"8"
"23932";"28";"F38-13 Pilularietum globuliferae";"F38-13";"Pilularietum globuliferae";"8"
"23933";"28";"F38-14 Ranunculo flammulae-Juncetum bulbosi";"F38-14";"Ranunculo flammulae-Juncetum bulbosi";"8"
"23934";"28";"F38-15 Samolo valerandi-Littorelletum uniflorae";"F38-15";"Samolo valerandi-Littorelletum uniflorae";"8"
"23935";"28";"F38-16 Samolo valerandi-Baldellietum ranunculoidis";"F38-16";"Samolo valerandi-Baldellietum ranunculoidis";"8"
"23937";"28";"F38-17 Littorello uniflorae-Isoetetum tenuissimae";"F38-17";"Littorello uniflorae-Isoetetum tenuissimae";"8"
"23938";"28";"F38-18 Eleocharitetum acicularis";"F38-18";"Eleocharitetum acicularis";"8"
"23939";"28";"F38-19 Eleocharito acicularis-Alismatetum graminei";"F38-19";"Eleocharito acicularis-Alismatetum graminei";"8"
"23940";"28";"F38-20 Eleocharito acicularis-Marsileetum quadrifoliae";"F38-20";"Eleocharito acicularis-Marsileetum quadrifoliae";"8"
"23941";"28";"F38-21 Deschampsietum rhenanae";"F38-21";"Deschampsietum rhenanae";"8"
"23942";"28";"F38-22 Isoeto lacustris-Sparganietum borderei";"F38-22";"Isoeto lacustris-Sparganietum borderei";"8"
"23943";"28";"F38-23 Isoeto creussensis-Sparganietum angustifolii";"F38-23";"Isoeto creussensis-Sparganietum angustifolii";"8"
"23944";"28";"F38-24 Isoetetum creussensis";"F38-24";"Isoetetum creussensis";"8"
"23945";"28";"F38-25 Isoetetum echinosporae";"F38-25";"Isoetetum echinosporae";"8"
"23946";"28";"F38-26 Callitricho palustris-Sparganietum angustifolii";"F38-26";"Callitricho palustris-Sparganietum angustifolii";"8"
"23947";"28";"F38-27 Lythro portulae-Eleocharitetum acicularis";"F38-27";"Lythro portulae-Eleocharitetum acicularis";"8"
"23948";"28";"F38-28 Ranunculo nodiflori-Juncetum bulbosi";"F38-28";"Ranunculo nodiflori-Juncetum bulbosi";"8"
"28369";"28";"F38-29 Juncetum conglomerato-bulbosi";"F38-29";"Juncetum conglomerato-bulbosi";"8"
"31073";"28";"F43-01 Saxifragetum aquaticae";"F43-01";"Saxifragetum aquaticae";"8"
"30997";"28";"F43-02 Myosotido martini-Micranthetum stellaris";"F43-02";"Myosotido martini-Micranthetum stellaris";"8"
"31054";"28";"F43-03 Sagino saginoidis-Micranthetum stellaris";"F43-03";"Sagino saginoidis-Micranthetum stellaris";"8"
"31074";"28";"F43-04 Saxifragetum stellaris";"F43-04";"Saxifragetum stellaris";"8"
"31033";"28";"F43-05 Stellario alsines-Montietum hallii";"F43-05";"Stellario alsines-Montietum hallii";"8"
"31077";"28";"F43-06 Saxifrago clusii-Soldanelletum villosae";"F43-06";"Saxifrago clusii-Soldanelletum villosae";"8"
"30743";"28";"F43-07 Cardamino flexuosae-Saxifragetum hirsutae";"F43-07";"Cardamino flexuosae-Saxifragetum hirsutae";"8"
"31133";"28";"F43-08 Veronico montanae-Saxifragetum hirsutae";"F43-08";"Veronico montanae-Saxifragetum hirsutae";"8"
"30742";"28";"F43-09 Cardamino flexuosae-Chrysosplenietum oppositifolii";"F43-09";"Cardamino flexuosae-Chrysosplenietum oppositifolii";"8"
"30737";"28";"F43-10 Cardaminetum latifoliae";"F43-10";"Cardaminetum latifoliae";"8"
"31131";"28";"F43-11 Veronico montanae-Caricetum remotae";"F43-11";"Veronico montanae-Caricetum remotae";"8"
"30725";"28";"F43-12 Epilobio obscuri-Chrysosplenietum oppositifolii";"F43-12";"Epilobio obscuri-Chrysosplenietum oppositifolii";"8"
"30739";"28";"F43-13 Cardamino amarae-Chrysosplenietum alternifolii";"F43-13";"Cardamino amarae-Chrysosplenietum alternifolii";"8"
"30779";"28";"F43-14 Chrysosplenio oppositifolii-Cardaminetum amarae";"F43-14";"Chrysosplenio oppositifolii-Cardaminetum amarae";"8"
"30740";"28";"F43-15 Myosotido martini-Saxifragetum rotundifoliae";"F43-15";"Myosotido martini-Saxifragetum rotundifoliae";"8"
"30723";"28";"F43-16 Epilobio alsinifolii-Cardaminetum amarae";"F43-16";"Epilobio alsinifolii-Cardaminetum amarae";"8"
"30736";"28";"F43-17 Cardaminetum flexuosae";"F43-17";"Cardaminetum flexuosae";"8"
"30722";"28";"F43-18 Epilobietum obscuri";"F43-18";"Epilobietum obscuri";"8"
"30980";"28";"F43-19 Lysimachio nemorum-Caricetum remotae";"F43-19";"Lysimachio nemorum-Caricetum remotae";"8"
"31132";"28";"F43-20 Veronico montanae-Rumicetum sanguinei";"F43-20";"Veronico montanae-Rumicetum sanguinei";"8"
"30780";"28";"F43-21 Chrysosplenio oppositifolii-Sibthorpietum europaeae";"F43-21";"Chrysosplenio oppositifolii-Sibthorpietum europaeae";"8"
"30724";"28";"F43-22 Epilobio alsinifolii-Saxifragetum stellaris";"F43-22";"Epilobio alsinifolii-Saxifragetum stellaris";"8"
"31076";"28";"F43-23 Saxifrago aizoidis-Cochlearietum pyrenaicae";"F43-23";"Saxifrago aizoidis-Cochlearietum pyrenaicae";"8"
"31075";"28";"F43-24 Saxifrago aizoidis-Arabidetum subcoriaceae";"F43-24";"Saxifrago aizoidis-Arabidetum subcoriaceae";"8"
"30633";"28";"F43-25 Alchemillo coriaceae-Cardaminetum asarifoliae";"F43-25";"Alchemillo coriaceae-Cardaminetum asarifoliae";"8"
"30665";"28";"F43-26 Cochlearietum pyrenaicae";"F43-26";"Cochlearietum pyrenaicae";"8"
"30773";"28";"F43-27 Chaerophyllo calabrici-Cardaminetum asarifoliae";"F43-27";"Chaerophyllo calabrici-Cardaminetum asarifoliae";"8"
"30445";"28";"F43-28 Saxifrago rotundifoliae-Violetum biflorae";"F43-28";"Saxifrago rotundifoliae-Violetum biflorae";"8"
"24126";"28";"F43-29 Hyperico corsici-Myosotidetum soleirolii";"F43-29";"Hyperico corsici-Myosotidetum soleirolii";"8"
"23949";"28";"F44-01 Sorbo ambiguae-Calamagrostietum arundinaceae";"F44-01";"Sorbo ambiguae-Calamagrostietum arundinaceae";"8"
"23950";"28";"F44-02 Pediculari foliosae-Trollietum europaei";"F44-02";"Pediculari foliosae-Trollietum europaei ";"8"
"23951";"28";"F44-03 Crepido blattarioidis-Laserpitietum latifolii";"F44-03";"Crepido blattarioidis-Laserpitietum latifolii";"8"
"23952";"28";"F44-04 Calamagrostietum arundinaceae";"F44-04";"Calamagrostietum arundinaceae";"8"
"23953";"28";"F44-05 Senecioni cacaliastri-Calamagrostietum arundinaceae";"F44-05";"Senecioni cacaliastri-Calamagrostietum arundinaceae";"8"
"23954";"28";"F44-06 Heracleo sphondylii-Calamagrostietum arundinaceae";"F44-06";"Heracleo sphondylii-Calamagrostietum arundinaceae";"8"
"23955";"28";"F44-07 Luzulo sylvaticae-Calamagrostietum arundinaceae";"F44-07";"Luzulo sylvaticae-Calamagrostietum arundinaceae";"8"
"23956";"28";"F44-08 Lilio pyrenaici-Molopospermetum peloponesiaci";"F44-08";"Lilio pyrenaici-Molopospermetum peloponesiaci";"8"
"23957";"28";"F44-09 Aconito neapolitani-Imperatorietum ostruthii";"F44-09";"Aconito neapolitani-Imperatorietum ostruthii";"8"
"23958";"28";"F44-10 Knautio arvernensis-Imperatorietum ostruthii";"F44-10";"Knautio arvernensis-Imperatorietum ostruthii";"8"
"23959";"28";"F44-11 Scrophulario alpestris-Aruncetum dioici";"F44-11";"Scrophulario alpestris-Aruncetum dioici";"8"
"23960";"28";"F44-12 Cirsio rufescentis-Aconitetum pyrenaici";"F44-12";"Cirsio rufescentis-Aconitetum pyrenaici";"8"
"23961";"28";"F44-13 Valeriano montanae-Aconitetum pyrenaici";"F44-13";"Valeriano montanae-Aconitetum pyrenaici";"8"
"23962";"28";"F44-14 Ranunculo platanifolii-Adenostyletum pyrenaicae";"F44-14";"Ranunculo platanifolii-Adenostyletum pyrenaicae";"8"
"23964";"28";"F44-15 Myrrhido odoratae-Valerianetum pyrenaicae";"F44-15";"Myrrhido odoratae-Valerianetum pyrenaicae";"8"
"23966";"28";"F44-16 Doronico austriaci-Campanuletum latifoliae";"F44-16";"Doronico austriaci-Campanuletum latifoliae";"8"
"23967";"28";"F44-17 Imperatorio ostruthii-Adenostyletum alliariae";"F44-17";"Imperatorio ostruthii-Adenostyletum alliariae";"8"
"23968";"28";"F44-18 Adenostylo alliariae-Athyrietum distentifolii";"F44-18";"Adenostylo alliariae-Athyrietum distentifolii";"8"
"23969";"28";"F44-19 Arabido cebennensis-Adenostyletum alliariae";"F44-19";"Arabido cebennensis-Adenostyletum alliariae";"8"
"23970";"28";"F44-20 Epilobio trigoni-Adenostyletum alliariae";"F44-20";"Epilobio trigoni-Adenostyletum alliariae";"8"
"23971";"28";"F44-21 Polygonato verticillati-Adenostyletum alliariae";"F44-21";"Polygonato verticillati-Adenostyletum alliariae";"8"
"23972";"28";"F44-22 Ranunculo lanuginosi-Adenostyletum alliariae";"F44-22";"Ranunculo lanuginosi-Adenostyletum alliariae";"8"
"23973";"28";"F44-23 Cicerbito alpinae-Adenostyletum alliariae";"F44-23";"Cicerbito alpinae-Adenostyletum alliariae";"8"
"23975";"28";"F44-24 Hugueninio tanacetifoliae-Adenostyletum alliariae";"F44-24";"Hugueninio tanacetifoliae-Adenostyletum alliariae";"8"
"23976";"28";"F44-25 Myrrhido odoratae-Adenostyletum alliariae";"F44-25";"Myrrhido odoratae-Adenostyletum alliariae";"8"
"23977";"28";"F44-26 Polygono bistortae-Eryngietum alpini";"F44-26";"Polygono bistortae-Eryngietum alpini";"8"
"23978";"28";"F44-27 Senecioni balbisiani-Peucedanetum ostruthii";"F44-27";"Senecioni balbisiani-Peucedanetum ostruthii";"8"
"23979";"28";"F44-28 Peucedano ostruthii-Cirsietum spinosissimi";"F44-28";"Peucedano ostruthii-Cirsietum spinosissimi";"8"
"23981";"28";"F44-29 Salici lapponum-Luzuletum desvauxii";"F44-29";"Salici lapponum-Luzuletum desvauxii";"8"
"23982";"28";"F44-30 Veratro albi-Luzuletum desvauxii";"F44-30";"Veratro albi-Luzuletum desvauxii";"8"
"23983";"28";"F44-31 Pediculari foliosae-Geranietum sylvatici";"F44-31";"Pediculari foliosae-Geranietum sylvatici";"8"
"23984";"28";"F44-32 Arunco dioici-Petasitetum albi";"F44-32";"Arunco dioici-Petasitetum albi";"8"
"23985";"28";"F44-33 Valeriano rotundifoliae-Adenostyletum briquetii";"F44-33";"Valeriano rotundifoliae-Adenostyletum briquetii";"8"
"23987";"28";"F45-01 Carici piluliferae-Pseudarrhenatheretum longifolii";"F45-01";"Carici piluliferae-Pseudarrhenatheretum longifolii";"8"
"23989";"28";"F45-02 Simethido planifoliae-Pseudarrhenatheretum longifolii";"F45-02";"Simethido planifoliae-Pseudarrhenatheretum longifolii";"8"
"23990";"28";"F45-03 Agrostio curtisii-Avenuletum sulcatae";"F45-03";"Agrostio curtisii-Avenuletum sulcatae";"8"
"23991";"28";"F45-04 Agrostietum capillari-curtisii";"F45-04";"Agrostietum capillari-curtisii";"8"
"23992";"28";"F45-05 Carici binervis-Agrostietum curtisii";"F45-05";"Carici binervis-Agrostietum curtisii";"8"
"23994";"28";"F45-06 Gladiolo gallaecici-Agrostietum curtisii";"F45-06";"Gladiolo gallaecici-Agrostietum curtisii";"8"
"23995";"28";"F45-07 Potentillo erectae-Centaurietum scilloidis";"F45-07";"Potentillo erectae-Centaurietum scilloidis";"8"
"23996";"28";"F45-08 Galio hercynici-Festucetum tenuifoliae";"F45-08";"Galio hercynici-Festucetum tenuifoliae";"8"
"23997";"28";"F45-09 Hyperico maculati-Meetum athamantici";"F45-09";"Hyperico maculati-Meetum athamantici";"8"
"23999";"28";"F45-10 Jasiono laevis-Danthonietum decumbentis";"F45-10";"Jasiono laevis-Danthonietum decumbentis";"8"
"24000";"28";"F45-11 Polygalo vulgaris-Nardetum strictae";"F45-11";"Polygalo vulgaris-Nardetum strictae";"8"
"24001";"28";"F45-12 Galio saxatilis-Festucetum rubrae";"F45-12";"Galio saxatilis-Festucetum rubrae";"8"
"24002";"28";"F45-13 Diantho sylvatici-Meetum athamantici";"F45-13";"Diantho sylvatici-Meetum athamantici";"8"
"24003";"28";"F45-14 Festuco rubrae-Genistetum sagittalis";"F45-14";"Festuco rubrae-Genistetum sagittalis";"8"
"24004";"28";"F45-15 Arnicetum montanae";"F45-15";"Arnicetum montanae";"8"
"24005";"28";"F45-16 Lathyro montani-Nardetum strictae";"F45-16";"Lathyro montani-Nardetum strictae";"8"
"24006";"28";"F45-17 Omalotheco sylvaticae-Nardetum strictae";"F45-17";"Omalotheco sylvaticae-Nardetum strictae";"8"
"24007";"28";"F45-18 Polygalo vulgaris-Caricetum caryophylleae";"F45-18";"Polygalo vulgaris-Caricetum caryophylleae";"8"
"24008";"28";"F45-19 Polygalo vulgaris-Alchemilletum xanthochlorae";"F45-19";"Polygalo vulgaris-Alchemilletum xanthochlorae";"8"
"24009";"28";"F45-20 Aveno pratensis-Genistelletum sagittalis";"F45-20";"Aveno pratensis-Genistelletum sagittalis";"8"
"24010";"28";"F45-21 Thymo pulegioidis-Festucetum rubrae";"F45-21";"Thymo pulegioidis-Festucetum rubrae";"8"
"24011";"28";"F45-22 Carici arenariae-Luzuletum campestris";"F45-22";"Carici arenariae-Luzuletum campestris";"8"
"24012";"28";"F45-23 Carici trinervis-Nardetum strictae";"F45-23";"Carici trinervis-Nardetum strictae";"8"
"24013";"28";"F45-24 Platanthero bifoliae-Serapiadetum linguae";"F45-24";"Platanthero bifoliae-Serapiadetum linguae";"8"
"24014";"28";"F45-25 Orchido morionis-Serapiadetum linguae";"F45-25";"Orchido morionis-Serapiadetum linguae";"8"
"24016";"28";"F45-26 Carici binervis-Nardetum strictae";"F45-26";"Carici binervis-Nardetum strictae";"8"
"24017";"28";"F45-27 Caro verticillati-Juncetum squarrosi";"F45-27";"Caro verticillati-Juncetum squarrosi";"8"
"24018";"28";"F45-28 Nardo strictae-Juncetum squarrosi";"F45-28";"Nardo strictae-Juncetum squarrosi";"8"
"24019";"28";"F45-29 Polygalo vulgaris-Caricetum paniceae";"F45-29";"Polygalo vulgaris-Caricetum paniceae";"8"
"24020";"28";"F45-30 Gentiano pneumonanthes-Nardetum strictae";"F45-30";"Gentiano pneumonanthes-Nardetum strictae";"8"
"24022";"28";"F45-31 Violo luteae-Nardetum strictae";"F45-31";"Violo luteae-Nardetum strictae";"8"
"24023";"28";"F45-32 Leontodonto helvetici-Nardetum strictae";"F45-32";"Leontodonto helvetici-Nardetum strictae";"8"
"24024";"28";"F45-33 Diantho sylvatici-Leontodontetum helvetici";"F45-33";"Diantho sylvatici-Leontodontetum helvetici";"8"
"24025";"28";"F45-34 Brizo mediae-Agrostietum capillaris";"F45-34";"Brizo mediae-Agrostietum capillaris";"8"
"24026";"28";"F45-35 Trifolio alpini-Nardetum strictae";"F45-35";"Trifolio alpini-Nardetum strictae";"8"
"24027";"28";"F45-36 Luzulo multiflorae-Festucetum nigrescentis";"F45-36";"Luzulo multiflorae-Festucetum nigrescentis";"8"
"24033";"28";"F45-37 Campanulo rotundifoliae-Nardetum strictae";"F45-37";"Campanulo rotundifoliae-Nardetum strictae";"8"
"24034";"28";"F45-38 Daphno cneori-Nardetum strictae";"F45-38";"Daphno cneori-Nardetum strictae";"8"
"24035";"28";"F45-39 Dactylorhizo latifoliae-Nardetum strictae";"F45-39";"Dactylorhizo latifoliae-Nardetum strictae";"8"
"24036";"28";"F45-40 Festuco rubrae-Nardetum strictae";"F45-40";"Festuco rubrae-Nardetum strictae";"8"
"24038";"28";"F45-41 Potentillo aureae-Nardetum strictae";"F45-41";"Potentillo aureae-Nardetum strictae";"8"
"24039";"28";"F45-42 Endressio pyrenaicae-Nardetum strictae";"F45-42";"Endressio pyrenaicae-Nardetum strictae";"8"
"24040";"28";"F45-43 Polygalo serpyllifoliae-Nardetum strictae";"F45-43";"Polygalo serpyllifoliae-Nardetum strictae";"8"
"24041";"28";"F45-44 Alchemillo flabellatae-Nardetum strictae";"F45-44";"Alchemillo flabellatae-Nardetum strictae";"8"
"24042";"28";"F45-45 Botrychio lunariae-Nardetum strictae";"F45-45";"Botrychio lunariae-Nardetum strictae";"8"
"24043";"28";"F45-46 Trifolio thalii-Nardetum strictae";"F45-46";"Trifolio thalii-Nardetum strictae";"8"
"24044";"28";"F45-47 Festuco microphyllae-Nardetum strictae";"F45-47";"Festuco microphyllae-Nardetum strictae";"8"
"24045";"28";"F45-48 Selino pyrenaei-Nardetum strictae";"F45-48";"Selino pyrenaei-Nardetum strictae";"8"
"24046";"28";"F45-49 Trifolio alpini-Selinetum pyrenaei";"F45-49";"Trifolio alpini-Selinetum pyrenaei";"8"
"24047";"28";"F45-50 Trifolio alpini-Phleetum gerardi";"F45-50";"Trifolio alpini-Phleetum gerardi";"8"
"24048";"28";"F45-51 Festuco scabriculmis-Potentilletum valderiae";"F45-51";"Festuco scabriculmis-Potentilletum valderiae";"8"
"24049";"28";"F45-52 Leontodonto helvetici-Alchemilletum alpinae";"F45-52";"Leontodonto helvetici-Alchemilletum alpinae";"8"
"24050";"28";"F45-53 Ranunculo pyrenaei-Alopecuretum gerardi";"F45-53";"Ranunculo pyrenaei-Alopecuretum gerardi";"8"
"24051";"28";"F45-54 Nigritello cornelianae-Nardetum strictae";"F45-54";"Nigritello cornelianae-Nardetum strictae";"8"
"24052";"28";"F45-55 Phyteumato michelii-Poetum violaceae";"F45-55";"Phyteumato michelii-Poetum violaceae";"8"
"24053";"28";"F45-56 Anthoxantho odorati-Veronicetum allionii";"F45-56";"Anthoxantho odorati-Veronicetum allionii";"8"
"24054";"28";"F45-57 Trifolio alpini-Poetum violaceae";"F45-57";"Trifolio alpini-Poetum violaceae";"8"
"24055";"28";"F45-58 Avenetum parlatorei";"F45-58";"Avenetum parlatorei";"8"
"24057";"28";"F45-59 Lathyro lutei-Crepidetum blattarioidis";"F45-59";"Lathyro lutei-Crepidetum blattarioidis";"8"
"24058";"28";"F45-60 Centaureo uniflorae-Festucetum spadiceae";"F45-60";"Centaureo uniflorae-Festucetum spadiceae";"8"
"24059";"28";"F45-61 Junipero nanae-Festucetum paniculatae";"F45-61";"Junipero nanae-Festucetum paniculatae";"8"
"24060";"28";"F45-62 Anemono alpinae-Meetum athamantici";"F45-62";"Anemono alpinae-Meetum athamantici";"8"
"24061";"28";"F45-63 Campanulo ficarioidis-Festucetum eskiae";"F45-63";"Campanulo ficarioidis-Festucetum eskiae";"8"
"24062";"28";"F45-64 Hieracio hypeuryi-Festucetum spadiceae";"F45-64";"Hieracio hypeuryi-Festucetum spadiceae";"8"
"24063";"28";"F45-65 Trifolio alpini-Festucetum eskiae";"F45-65";"Trifolio alpini-Festucetum eskiae";"8"
"24064";"28";"F45-66 Galio cespitosi-Festucetum eskiae";"F45-66";"Galio cespitosi-Festucetum eskiae";"8"
"24065";"28";"F45-67 Scorzonero aristatae-Festucetum paniculatae";"F45-67";"Scorzonero aristatae-Festucetum paniculatae";"8"
"24066";"28";"F45-68 Irido xiphioidis-Festucetum paniculatae";"F45-68";"Irido xiphioidis-Festucetum paniculatae";"8"
"24067";"28";"F45-69 Galeopsio pyrenaicae-Festucetum eskiae";"F45-69";"Galeopsio pyrenaicae-Festucetum eskiae";"8"
"24068";"28";"F45-70 Ranunculo pyrenaei-Festucetum eskiae";"F45-70";"Ranunculo pyrenaei-Festucetum eskiae";"8"
"24069";"28";"F45-71 Androsaco laggeri-Festucetum eskiae";"F45-71";"Androsaco laggeri-Festucetum eskiae";"8"
"24070";"28";"F45-72 Luzulo spadiceae-Festucetum eskiae tenuifoliae";"F45-72";"Luzulo spadiceae-Festucetum eskiae tenuifoliae";"8"
"24073";"28";"F45-73 Sagino piliferae-Caricetum caryophylleae";"F45-73";"Sagino piliferae-Caricetum caryophylleae";"8"
"24074";"28";"F45-74 Ophioglosso azorici-Nardetum strictae";"F45-74";"Ophioglosso azorici-Nardetum strictae";"8"
"24075";"28";"F45-75 Paronychio polygonifoliae-Armerietum multicipitis";"F45-75";"Paronychio polygonifoliae-Armerietum multicipitis";"8"
"24076";"28";"F45-76 Acini corsici-Tanacetetum tomentosi";"F45-76";"Acini corsici-Tanacetetum tomentosi";"8"
"24077";"28";"F45-77 Geo montani-Phleetum brachystachyi";"F45-77";"Geo montani-Phleetum brachystachyi";"8"
"24078";"28";"F45-78 Gnaphalio supini-Sibbaldietum procumbentis";"F45-78";"Gnaphalio supini-Sibbaldietum procumbentis";"8"
"24079";"28";"F45-79 Polygono alpini-Luzuletum sieberi";"F45-79";"Polygono alpini-Luzuletum sieberi";"8"
"24080";"28";"F45-80 Huperzio selaginis-Caricetum ornithopodae";"F45-80";"Huperzio selaginis-Caricetum ornithopodae";"8"
"28386";"28";"F45-81 Carici piluliferae-Nardetum strictae";"F45-81";"Carici piluliferae-Nardetum strictae";"8"
"24028";"28";"F45-82 Plantagini alpinae-Nardetum strictae";"F45-82";"Plantagini alpinae-Nardetum strictae";"8"
"28387";"28";"F45-83 Arnico montanae-Festucetum paniculatae";"F45-83";"Arnico montanae-Festucetum paniculatae";"8"
"28388";"28";"F45-84 Vicio orobi-Festucetum paniculatae";"F45-84";"Vicio orobi-Festucetum paniculatae";"8"
"28389";"28";"F45-85 Trollio europaei-Deschampsietum flexuosae";"F45-85";"Trollio europaei-Deschampsietum flexuosae";"8"
"24056";"28";"F45-86 Leucanthemo delarbrei-Festucetum paniculatae";"F45-86";"Leucanthemo delarbrei-Festucetum paniculatae";"8"
"28390";"28";"F45-87 Euphrasio minimae-Nardetum strictae";"F45-87";"Euphrasio minimae-Nardetum strictae";"8"
"28391";"28";"F45-88 Plantagini alpinae-Agrostietum rupestris";"F45-88";"Plantagini alpinae-Agrostietum rupestris";"8"
"28382";"28";"F45-89 Danthonio decumbentis-Isoëtetum histricis";"F45-89";"Danthonio decumbentis-Isoëtetum histricis";"8"
"28383";"28";"F45-90 Danthonio decumbentis-Serapiadetum parviflorae";"F45-90";"Danthonio decumbentis-Serapiadetum parviflorae";"8"
"28384";"28";"F45-91 Scorzonero humilis-Serapiadetum linguae";"F45-91";"Scorzonero humilis-Serapiadetum linguae";"8"
"29770";"28";"F45-92 Jasiono arvernensis-Agrostietum rupestris";"F45-92";"Jasiono arvernensis-Agrostietum rupestris";"8"
"24081";"28";"F46-01 Tamaricetum gallicae";"F46-01";"Tamaricetum gallicae";"8"
"24082";"28";"F46-02 Solano dulcamarae-Tamaricetum gallicae";"F46-02";"Solano dulcamarae-Tamaricetum gallicae";"8"
"24084";"28";"F46-03 Inulo crithmoidis-Tamaricetum africanae";"F46-03";"Inulo crithmoidis-Tamaricetum africanae";"8"
"24085";"28";"F46-04 Althaeo officinalis-Tamaricetum africanae";"F46-04";"Althaeo officinalis-Tamaricetum africanae";"8"
"24087";"28";"F46-05 Rubo ulmifolii-Nerietum oleandri";"F46-05";"Rubo ulmifolii-Nerietum oleandri";"8"
"24088";"28";"F46-06 Vinco majoris-Viticetum agni-casti";"F46-06";"Vinco majoris-Viticetum agni-casti";"8"
"24089";"28";"F46-07 Nerio oleandri-Viticetum agni-casti";"F46-07";"Nerio oleandri-Viticetum agni-casti";"8"
"24090";"28";"F46-08 Rubo ulmifolii-Viticetum agni-casti";"F46-08";"Rubo ulmifolii-Viticetum agni-casti";"8"
"24091";"28";"F46-09 Erico scopariae-Nerietum oleandri";"F46-09";"Erico scopariae-Nerietum oleandri";"8"
"24092";"28";"F48-01 Erico tetralicis-Sphagnetum magellanici";"F48-01";"Erico tetralicis-Sphagnetum magellanici";"8"
"24093";"28";"F48-02 Erico tetralicis-Sphagnetum rubelli";"F48-02";"Erico tetralicis-Sphagnetum rubelli";"8"
"24094";"28";"F48-03 Sphagno subnitentis-Narthecietum ossifragi";"F48-03";"Sphagno subnitentis-Narthecietum ossifragi";"8"
"24095";"28";"F48-04 Narthecio ossifragi-Sphagnetum auriculati";"F48-04";"Narthecio ossifragi-Sphagnetum auriculati";"8"
"23845";"28";"F48-05 Ericetum tetralicis";"F48-05";"Ericetum tetralicis";"8"
"23846";"28";"F48-06 Sphagno compacti-Ericetum tetralicis";"F48-06";"Sphagno compacti-Ericetum tetralicis";"8"
"23847";"28";"F48-07 Sphagno compacti-Trichophoretum germanici";"F48-07";"Sphagno compacti-Trichophoretum germanici";"8"
"23849";"28";"F48-08 Sphagno tenelli-Trichophoretum cespitosi";"F48-08";"Sphagno tenelli-Trichophoretum cespitosi";"8"
"23850";"28";"F48-09 Sphagnetum magellanici";"F48-09";"Sphagnetum magellanici";"8"
"23851";"28";"F48-10 Vaccinio microcarpi-Sphagnetum fusci";"F48-10";"Vaccinio microcarpi-Sphagnetum fusci";"8"
"23852";"28";"F48-11 Eriophoro vaginati-Vaccinietum uliginosi";"F48-11";"Eriophoro vaginati-Vaccinietum uliginosi";"8"
"23853";"28";"F48-12 Dicrano bergeri-Callunetum vulgaris";"F48-12";"Dicrano bergeri-Callunetum vulgaris";"8"
"23854";"28";"F48-13 Eriophoro vaginati-Trichophoretum cespitosi";"F48-13";"Eriophoro vaginati-Trichophoretum cespitosi";"8"
"23855";"28";"F48-14 Avenello flexuosae-Sphagnetum capillifolii";"F48-14";"Avenello flexuosae-Sphagnetum capillifolii";"8"
"23856";"28";"F48-15 Eriophoro vaginati-Sphagnetum angustifolii";"F48-15";"Eriophoro vaginati-Sphagnetum angustifolii";"8"
"23857";"28";"F48-16 Carici nigrae-Sphagnetum magellanici";"F48-16";"Carici nigrae-Sphagnetum magellanici";"8"
"26405";"28";"F49-01 Capparietum rupestris";"F49-01";"Capparietum rupestris ";"8"
"26406";"28";"F49-02 Cymbalario muralis-Trachelietum caerulei";"F49-02";"Cymbalario muralis-Trachelietum caerulei ";"8"
"26407";"28";"F49-03 Oxalido corniculatae-Parietarietum judaicae";"F49-03";"Oxalido corniculatae-Parietarietum judaicae ";"8"
"26408";"28";"F49-04 Hyoscyami albi-Parietarietum judaicae";"F49-04";"Hyoscyami albi-Parietarietum judaicae";"8"
"26409";"28";"F49-05 Centranthetum rubri";"F49-05";"Centranthetum rubri ";"8"
"26410";"28";"F49-06 Cymbalario muralis-Phyllitidetum scolopendrii";"F49-06";"Cymbalario muralis-Phyllitidetum scolopendrii ";"8"
"26413";"28";"F49-07 Poo nemoralis-Cymbalarietum muralis";"F49-07";"Poo nemoralis-Cymbalarietum muralis ";"8"
"26414";"28";"F49-08 Asplenio billotii-Cymbalarietum muralis";"F49-08";"Asplenio billotii-Cymbalarietum muralis ";"8"
"26415";"28";"F49-09 Polypodio interjecti-Erigerontetum karvinskiani";"F49-09";"Polypodio interjecti-Erigerontetum karvinskiani ";"8"
"26416";"28";"F49-10 Euphorbio portlandicae-Matthioletum incanae";"F49-10";"Euphorbio portlandicae-Matthioletum incanae ";"8"
"26417";"28";"F49-11 Euphorbio portlandicae-Cheiranthetum cheiri";"F49-11";"Euphorbio portlandicae-Cheiranthetum cheiri ";"8"
"26418";"28";"F49-12 Spergulario rupicolae-Parietarietum judaicae";"F49-12";"Spergulario rupicolae-Parietarietum judaicae ";"8"
"26419";"28";"F49-13 Parietario judaicae-Senecionetum cinerariae";"F49-13";"Parietario judaicae-Senecionetum cinerariae ";"8"
"26420";"28";"F49-14 Crithmo maritimi-Centranthetum rubri";"F49-14";"Crithmo maritimi-Centranthetum rubri ";"8"
"26421";"28";"F49-15 Beto maritimae-Parietarietum judaicae";"F49-15";"Beto maritimae-Parietarietum judaicae ";"8"
"26422";"28";"F49-16 Adianto capilli-veneris-Parietarietum judaicae";"F49-16";"Adianto capilli-veneris-Parietarietum judaicae ";"8"
"26423";"28";"F49-17 Linario muralis-Erigerontetum mucronati";"F49-17";"Linario muralis-Erigerontetum mucronati ";"8"
"26424";"28";"F49-18 Linario cymbalariae-Soleirolietum soleirolii";"F49-18";"Linario cymbalariae-Soleirolietum soleirolii";"8"
"26425";"28";"F49-19 Parietario judaicae-Chelidonietum majoris";"F49-19";"Parietario judaicae-Chelidonietum majoris ";"8"
"26426";"28";"F49-20 Parietario judaicae-Dianthetum caryophylli";"F49-20";"Parietario judaicae-Dianthetum caryophylli ";"8"
"26427";"28";"F49-21 Corydalidetum luteae";"F49-21";"Corydalidetum luteae";"8"
"26428";"28";"F49-22 Cheirantho cheiri-Parietarietum judaicae";"F49-22";"Cheirantho cheiri-Parietarietum judaicae ";"8"
"26429";"28";"F49-23 Linario cymbalariae-Parietarietum ramiflorae";"F49-23";"Linario cymbalariae-Parietarietum ramiflorae ";"8"
"26432";"28";"F49-24 Cymbalarietum muralis";"F49-24";"Cymbalarietum muralis";"8"
"28372";"28";"F49-25 Pallenido maritimae-Asplenietum sagittati";"F49-25";"Pallenido maritimae-Asplenietum sagittati";"8"
"26431";"28";"F49-25 Parietario judaicae-Cymbalarietum muralis";"F49-25";"Parietario judaicae-Cymbalarietum muralis";"8"
"26588";"28";"F50-01 Cinerario maritimae-Artemisietum arborescentis";"F50-01";"Cinerario maritimae-Artemisietum arborescentis";"8"
"26589";"28";"F50-02 Cinerario maritimae-Suaedetum verae";"F50-02";"Cinerario maritimae-Suaedetum verae";"8"
"26590";"28";"F50-03 Lavateretum arboreae";"F50-03";"Lavateretum arboreae";"8"
"26591";"28";"F50-04 Nicotiano glaucae-Ricinetum communis";"F50-04";"Nicotiano glaucae-Ricinetum communis";"8"
"30660";"28";"F51-01 Cladietum marisci";"F51-01";"Cladietum marisci";"8"
"30881";"28";"F51-02 Lathyro palustris-Lysimachietum vulgaris";"F51-02";"Lathyro palustris-Lysimachietum vulgaris";"8"
"31210";"28";"F51-03 Thelypterido palustris-Phragmitetum australis";"F51-03";"Thelypterido palustris-Phragmitetum australis";"8"
"31009";"28";"F51-04 Phragmitetum communis";"F51-04";"Phragmitetum communis";"8"
"30828";"28";"F51-05 Glycerietum aquaticae";"F51-05";"Glycerietum aquaticae";"8"
"30626";"28";"F51-06 Acoretum calami";"F51-06";"Acoretum calami";"8"
"30727";"28";"F51-07 Equisetetum eleocharitis";"F51-07";"Equisetetum eleocharitis";"8"
"31084";"28";"F51-08 Scirpetum lacustris";"F51-08";"Scirpetum lacustris";"8"
"31119";"28";"F51-09 Sparganietum ramosi";"F51-09";"Sparganietum ramosi";"8"
"31231";"28";"F51-10 Typhetum angustifoliae";"F51-10";"Typhetum angustifoliae";"8"
"31232";"28";"F51-11 Typhetum latifoliae";"F51-11";"Typhetum latifoliae";"8"
"30991";"28";"F51-12 Mentho spicatae-Phalaridetum arundinaceae";"F51-12";"Mentho spicatae-Phalaridetum arundinaceae";"8"
"30979";"28";"F51-13 Lycopodo europaei-Phalaridetum arundinaceae";"F51-13";"Lycopodo europaei-Phalaridetum arundinaceae";"8"
"30856";"28";"F51-14 Iridetum pseudacori";"F51-14";"Iridetum pseudacori";"8"
"30926";"28";"F51-15 Rorippo sylvestris-Phalaridetum arundinaceae";"F51-15";"Rorippo sylvestris-Phalaridetum arundinaceae";"8"
"31108";"28";"F51-16 Senecionetum paludosi";"F51-16";"Senecionetum paludosi";"8"
"30925";"28";"F51-17 Rorippo amphibiae-Sietum latifolii";"F51-17";"Rorippo amphibiae-Sietum latifolii";"8"
"30999";"28";"F51-18 Oenantho aquaticae-Rorippetum amphibiae";"F51-18";"Oenantho aquaticae-Rorippetum amphibiae";"8"
"30718";"28";"F51-19 Eleocharitetum palustris";"F51-19";"Eleocharitetum palustris";"8"
"30720";"28";"F51-20 Eleocharito palustris-Hippuridetum vulgaris";"F51-20";"Eleocharito palustris-Hippuridetum vulgaris";"8"
"31055";"28";"F51-21 Sagittario sagittifoliae-Sparganietum simplicis";"F51-21";"Sagittario sagittifoliae-Sparganietum simplicis";"8"
"30597";"28";"F51-22 Butometum umbellati";"F51-22";"Butometum umbellati";"8"
"30575";"28";"F51-23 Apio nodiflori-Sparganietum neglecti";"F51-23";"Apio nodiflori-Sparganietum neglecti";"8"
"30618";"28";"F51-24 Bolboschoenetum yagarae";"F51-24";"Bolboschoenetum yagarae";"8"
"30791";"28";"F51-25 Galio palustris-Caricetum rostratae";"F51-25";"Galio palustris-Caricetum rostratae";"8"
"30730";"28";"F51-26 Eriophoro angustifolii-Caricetum rostratae";"F51-26";"Eriophoro angustifolii-Caricetum rostratae";"8"
"30748";"28";"F51-27 Caricetum paradoxae";"F51-27";"Caricetum paradoxae";"8"
"30746";"28";"F51-28 Caricetum elatae";"F51-28";"Caricetum elatae";"8"
"30860";"28";"F51-29 Junco effusi-Caricetum paniculatae";"F51-29";"Junco effusi-Caricetum paniculatae";"8"
"30744";"28";"F51-30 Caricetum acutiformi-paniculatae";"F51-30";"Caricetum acutiformi-paniculatae";"8"
"30656";"28";"F51-31 Cicuto virosae-Caricetum pseudocyperi";"F51-31";"Cicuto virosae-Caricetum pseudocyperi";"8"
"30749";"28";"F51-32 Caricetum ripario-acutiformis";"F51-32";"Caricetum ripario-acutiformis";"8"
"30612";"28";"F51-33 Berulo erecti-Ranunculetum linguae";"F51-33";"Berulo erecti-Ranunculetum linguae";"8"
"30790";"28";"F51-34 Galio palustris-Caricetum ripariae";"F51-34";"Galio palustris-Caricetum ripariae";"8"
"30745";"28";"F51-35 Caricetum acutiformis";"F51-35";"Caricetum acutiformis";"8"
"30728";"28";"F51-36 Equiseto palustris-Caricetum distichae";"F51-36";"Equiseto palustris-Caricetum distichae";"8"
"30747";"28";"F51-37 Caricetum gracilis";"F51-37";"Caricetum gracilis";"8"
"30858";"28";"F51-38 Irido pseudacori-Caricetum acutae";"F51-38";"Irido pseudacori-Caricetum acutae";"8"
"30750";"28";"F51-39 Caricetum vesicariae";"F51-39";"Caricetum vesicariae";"8"
"30861";"28";"F51-40 Junco maritimi-Cladietum marisci";"F51-40";"Junco maritimi-Cladietum marisci";"8"
"30853";"28";"F51-41 Inulo crithmoidis-Phragmitetum australis";"F51-41";"Inulo crithmoidis-Phragmitetum australis";"8"
"31085";"28";"F51-42 Scirpetum littoralis";"F51-42";"Scirpetum littoralis";"8"
"31233";"28";"F51-43 Typho domingensis-Phragmitetum maximi";"F51-43";"Typho domingensis-Phragmitetum maximi";"8"
"31234";"28";"F51-44 Typho domingensis-Schoenoplectetum tabernaemontani";"F51-44";"Typho domingensis-Schoenoplectetum tabernaemontani";"8"
"30620";"28";"F51-45 Bolboschoeno maritimi-Juncetum subulati";"F51-45";"Bolboschoeno maritimi-Juncetum subulati";"8"
"30666";"28";"F51-46 Cochleario aestuariae-Scirpetum maritimi";"F51-46";"Cochleario aestuariae-Scirpetum maritimi";"8"
"31086";"28";"F51-47 Scirpetum maritimi";"F51-47";"Scirpetum maritimi";"8"
"30589";"28";"F51-48 Astero tripolii-Phragmitetum communis";"F51-48";"Astero tripolii-Phragmitetum communis";"8"
"30719";"28";"F51-49 Eleocharito palustris-Bolboschoenetum maritimi";"F51-49";"Eleocharito palustris-Bolboschoenetum maritimi";"8"
"30982";"28";"F51-50 Lythro salicariae-Scirpetum pungentis";"F51-50";"Lythro salicariae-Scirpetum pungentis";"8"
"23858";"28";"F53-01 Bryo argentei-Saginetum procumbentis";"F53-01";"Bryo argentei-Saginetum procumbentis";"8"
"23859";"28";"F53-02 Herniarietum glabrae";"F53-02";"Herniarietum glabrae";"8"
"23860";"28";"F53-03 Poo annuae-Plantaginetum coronopodis";"F53-03";"Poo annuae-Plantaginetum coronopodis";"8"
"23861";"28";"F53-04 Rumici acetosellae-Spergularietum rubrae";"F53-04";"Rumici acetosellae-Spergularietum rubrae";"8"
"23862";"28";"F53-05 Polygono avicularis-Scleranthetum uncinati";"F53-05";"Polygono avicularis-Scleranthetum uncinati";"8"
"23863";"28";"F53-06 Poo annuae-Coronopodetum squamati";"F53-06";"Poo annuae-Coronopodetum squamati";"8"
"23864";"28";"F53-07 Sisymbrio supini-Poetum annuae";"F53-07";"Sisymbrio supini-Poetum annuae";"8"
"23865";"28";"F53-08 Coronopodo procumbentis-Sclerochloetum durae";"F53-08";"Coronopodo procumbentis-Sclerochloetum durae";"8"
"23866";"28";"F53-09 Sclerochloo durae-Polygonetum arenastri";"F53-09";"Sclerochloo durae-Polygonetum arenastri";"8"
"24429";"28";"F53-10 Eragrostio minoris-Polygonetum arenastri";"F53-10";"Eragrostio minoris-Polygonetum arenastri";"8"
"24428";"28";"F53-10b Eleusinetum indicae";"F53-10b";"Eleusinetum indicae";"8"
"24430";"28";"F53-11 Crassulo tillaeae-Saginetum apetalae";"F53-11";"Crassulo tillaeae-Saginetum apetalae";"8"
"24431";"28";"F53-12 Trifolio suffocati-Plantaginetum coronopodis";"F53-12";"Trifolio suffocati-Plantaginetum coronopodis";"8"
"28414";"28";"F53-13 Trago racemosi-Euphorbietum prostratae";"F53-13";"Trago racemosi-Euphorbietum prostratae";"8"
"28691";"28";"F55-01 Ranunculetum hederacei";"F55-01";"Ranunculetum hederacei";"8"
"28692";"28";"F55-02 Ranunculetum omiophylli";"F55-02";"Ranunculetum omiophylli";"8"
"28693";"28";"F55-03 Luronio natantis-Potametum polygonifolii";"F55-03";"Luronio natantis-Potametum polygonifolii";"8"
"28694";"28";"F55-04 Potamo polygonifolii-Myriophylletum alterniflori";"F55-04";"Potamo polygonifolii-Myriophylletum alterniflori";"8"
"28690";"28";"F55-05 Myriophylletum alterniflori";"F55-05";"Myriophylletum alterniflori";"8"
"28700";"28";"F55-06 Callitricho hamulatae-Ranunculetum penicillati";"F55-06";"Callitricho hamulatae-Ranunculetum penicillati";"8"
"28687";"28";"F55-07 Callitricho hamulatae-Myriophylletum alterniflori";"F55-07";"Callitricho hamulatae-Myriophylletum alterniflori";"8"
"28701";"28";"F55-08 Callitricho hamulatae-Ranunculetum fluitantis";"F55-08";"Callitricho hamulatae-Ranunculetum fluitantis";"8"
"28698";"28";"F55-09 Potamo perfoliati-Ranunculetum fluitantis";"F55-09";"Potamo perfoliati-Ranunculetum fluitantis";"8"
"28695";"28";"F55-10 Callitrichetum obtusangulae";"F55-10";"Callitrichetum obtusangulae";"8"
"28706";"28";"F55-11 Potametum colorati";"F55-11";"Potametum colorati";"8"
"28707";"28";"F55-12 Groenlandietum densae";"F55-12";"Groenlandietum densae";"8"
"28709";"28";"F55-13 Potamo crispi-Ranunculetum trichophylli";"F55-13";"Potamo crispi-Ranunculetum trichophylli";"8"
"28697";"28";"F55-14 Veronico beccabungae-Callitrichetum stagnalis";"F55-14";"Veronico beccabungae-Callitrichetum stagnalis";"8"
"28702";"28";"F55-15 Veronico beccabungae-Callitrichetum platycarpae";"F55-15";"Veronico beccabungae-Callitrichetum platycarpae";"8"
"28705";"28";"F55-16 Sparganio emersi-Potametum pectinati";"F55-16";"Sparganio emersi-Potametum pectinati";"8"
"28713";"28";"F55-17 Hottonietum palustris";"F55-17";"Hottonietum palustris";"8"
"28714";"28";"F55-18 Ranunculetum aquatilis";"F55-18";"Ranunculetum aquatilis";"8"
"28715";"28";"F55-19 Ranunculetum peltati";"F55-19";"Ranunculetum peltati";"8"
"28703";"28";"F55-20 Batrachietum rionii";"F55-20";"Batrachietum rionii";"8"
"28704";"28";"F55-21 Myriophyllo alterniflori-Callitrichetum brutiae";"F55-21";"Myriophyllo alterniflori-Callitrichetum brutiae";"8"
"28717";"28";"F55-22 Zannichellietum obtusifoliae";"F55-22";"Zannichellietum obtusifoliae";"8"
"28718";"28";"F55-23 Ranunculo drouetii-Callitrichetum brutiae";"F55-23";"Ranunculo drouetii-Callitrichetum brutiae";"8"
"28721";"28";"F55-24 Parvopotamo-Zannichellietum pedicellatae";"F55-24";"Parvopotamo-Zannichellietum pedicellatae";"8"
"28712";"28";"F55-25 Ranunculetum baudotii";"F55-25";"Ranunculetum baudotii";"8"
"28728";"28";"F55-26 Potamo nodosi-Vallisnerietum spiralis";"F55-26";"Potamo nodosi-Vallisnerietum spiralis";"8"
"28732";"28";"F55-27 Najadetum marinae";"F55-27";"Najadetum marinae";"8"
"28733";"28";"F55-28 Najadetum minoris";"F55-28";"Najadetum minoris";"8"
"28725";"28";"F55-29 Potametum pectinato-nodosi";"F55-29";"Potametum pectinato-nodosi";"8"
"28726";"28";"F55-30 Myriophyllo verticillati-Hippuridetum vulgaris";"F55-30";"Myriophyllo verticillati-Hippuridetum vulgaris";"8"
"28722";"28";"F55-31 Ranunculo circinati-Elodeetum nuttallii";"F55-31";"Ranunculo circinati-Elodeetum nuttallii";"8"
"28745";"28";"F55-32 Potamo perfoliati-Ranunculetum circinati";"F55-32";"Potamo perfoliati-Ranunculetum circinati";"8"
"28735";"28";"F55-33 Potamo crispi-Myriophylletum verticillati";"F55-33";"Potamo crispi-Myriophylletum verticillati";"8"
"28737";"28";"F55-34 Ranunculo circinati-Myriophylletum spicati";"F55-34";"Ranunculo circinati-Myriophylletum spicati";"8"
"28730";"28";"F55-35 Potametum nitentis";"F55-35";"Potametum nitentis";"8"
"28742";"28";"F55-36 Potametum graminei";"F55-36";"Potametum graminei";"8"
"28743";"28";"F55-37 Potametum filiformis";"F55-37";"Potametum filiformis";"8"
"28744";"28";"F55-38 Elodeo canadensis-Potametum alpini";"F55-38";"Elodeo canadensis-Potametum alpini";"8"
"28731";"28";"F55-39 Potametum praelongi";"F55-39";"Potametum praelongi";"8"
"28747";"28";"F55-40 Potametum berchtoldii";"F55-40";"Potametum berchtoldii";"8"
"28750";"28";"F55-41 Potametum obtusifolii";"F55-41";"Potametum obtusifolii";"8"
"28751";"28";"F55-42 Ceratophyllo demersi-Potametum compressi";"F55-42";"Ceratophyllo demersi-Potametum compressi";"8"
"28752";"28";"F55-43 Potametum natanti-acutifolii";"F55-43";"Potametum natanti-acutifolii";"8"
"28739";"28";"F55-44 Potametum trichoidis";"F55-44";"Potametum trichoidis";"8"
"28738";"28";"F55-45 Parvopotamo-Zannichellietum palustris";"F55-45";"Parvopotamo-Zannichellietum palustris";"8"
"28755";"28";"F55-46 Ranunculo circinati-Potametum friesii";"F55-46";"Ranunculo circinati-Potametum friesii";"8"
"28741";"28";"F55-47 Potametum pusilli";"F55-47";"Potametum pusilli";"8"
"28762";"28";"F55-48 Potametum perfoliati";"F55-48";"Potametum perfoliati";"8"
"28756";"28";"F55-49 Potametum lucentis";"F55-49";"Potametum lucentis";"8"
"28758";"28";"F55-50 Elodeetum canadensis";"F55-50";"Elodeetum canadensis";"8"
"28753";"28";"F55-51 Potametum crispi";"F55-51";"Potametum crispi";"8"
"28754";"28";"F55-52 Potametum pectinati";"F55-52";"Potametum pectinati";"8"
"28760";"28";"F55-53 Nupharetum pumilae";"F55-53";"Nupharetum pumilae";"8"
"28761";"28";"F55-54 Nymphaeetum candidae";"F55-54";"Nymphaeetum candidae";"8"
"28749";"28";"F55-55 Trapetum natantis";"F55-55";"Trapetum natantis";"8"
"28764";"28";"F55-56 Potamo pectinati-Nymphoidetum peltatae";"F55-56";"Potamo pectinati-Nymphoidetum peltatae";"8"
"28765";"28";"F55-57 Polygonetum amphibii";"F55-57";"Polygonetum amphibii";"8"
"28759";"28";"F55-58 Nymphaeetum albae";"F55-58";"Nymphaeetum albae";"8"
"28763";"28";"F55-59 Nymphaeetum albo-luteae";"F55-59";"Nymphaeetum albo-luteae";"8"
"28768";"28";"F55-60 Nupharetum luteae";"F55-60";"Nupharetum luteae";"8"
"28766";"28";"F55-61 Potametum natantis";"F55-61";"Potametum natantis";"8"
"31507";"28";"F57a-01 Buxo sempervirentis-Quercetum pubescentis";"F57a-01";"Buxo sempervirentis-Quercetum pubescentis";"8"
"31508";"28";"F57a-02 Pteridio aquilini-Quercetum pubescentis";"F57a-02";"Pteridio aquilini-Quercetum pubescentis";"8"
"31509";"28";"F57a-03 Teucrio scorodoniae-Quercetum pubescentis";"F57a-03";"Teucrio scorodoniae-Quercetum pubescentis";"8"
"31510";"28";"F57a-04 Salvio glutinosae-Quercetum pubescentis";"F57a-04";"Salvio glutinosae-Quercetum pubescentis";"8"
"31511";"28";"F57a-05 Ilici aquifolii-Quercetum pubescentis";"F57a-05";"Ilici aquifolii-Quercetum pubescentis";"8"
"31512";"28";"F57a-06 Querco pubescentis-Aceretum opali";"F57a-06";"Querco pubescentis-Aceretum opali";"8"
"31513";"28";"F57a-07 Rhamno alaterni-Quercetum pubescentis";"F57a-07";"Rhamno alaterni-Quercetum pubescentis";"8"
"31515";"28";"F57a-08 Rubio peregrinae-Quercetum pubescentis";"F57a-08";"Rubio peregrinae-Quercetum pubescentis";"8"
"31516";"28";"F57a-09 Quercetum pubescenti-petraeae";"F57a-09";"Quercetum pubescenti-petraeae";"8"
"31517";"28";"F57a-10 Listero ovatae-Quercetum pubescentis";"F57a-10";"Listero ovatae-Quercetum pubescentis";"8"
"31518";"28";"F57a-11 Trifolio rubentis-Quercetum pubescentis";"F57a-11";"Trifolio rubentis-Quercetum pubescentis";"8"
"31519";"28";"F57a-12 Campanulo bononiensis-Quercetum pubescentis";"F57a-12";"Campanulo bononiensis-Quercetum pubescentis";"8"
"31521";"28";"F57a-13 Potentillo albae-Quercetum petraeae";"F57a-13";"Potentillo albae-Quercetum petraeae";"8"
"31522";"28";"F57a-14 Genisto sagittalis-Quercetum petraeae";"F57a-14";"Genisto sagittalis-Quercetum petraeae";"8"
"31524";"28";"F57a-15 Avenello flexuosae-Quercetum pubescentis";"F57a-15";"Avenello flexuosae-Quercetum pubescentis";"8"
"31525";"28";"F57a-16 Arbuto unedonis-Quercetum petraeae";"F57a-16";"Arbuto unedonis-Quercetum petraeae";"8"
"31529";"28";"F57a-17 Leucanthemo virgati-Ostryetum carpinifoliae";"F57a-17";"Leucanthemo virgati-Ostryetum carpinifoliae";"8"
"31530";"28";"F57a-18 Fraxino orni-Quercetum pubescentis";"F57a-18";"Fraxino orni-Quercetum pubescentis";"8"
"31535";"28";"F57a-19 Cardamino chelidoniae-Buxetum sempervirentis";"F57a-19";"Cardamino chelidoniae-Buxetum sempervirentis";"8"
"31536";"28";"F57a-20 Asperulo odoratae-Taxetum baccatae";"F57a-20";"Asperulo odoratae-Taxetum baccatae";"8"
"31537";"28";"F57a-21 Stellario montanae-Buxetum sempervirentis";"F57a-21";"Stellario montanae-Buxetum sempervirentis";"8"
"31539";"28";"F57a-22 Digitali luteae-Castanetum sativae";"F57a-22";"Digitali luteae-Castanetum sativae";"8"
"31469";"28";"F57a-23 Oenantho pimpinelloidis-Quercetum pubescentis";"F57a-23";"Oenantho pimpinelloidis-Quercetum pubescentis";"8"
"31470";"28";"F57a-24 Ilici aquifolii-Quercetum ilicis";"F57a-24";"Ilici aquifolii-Quercetum ilicis";"8"
"31474";"28";"F57a-25 Lithospermo purpureo-caerulei-Carpinetum betuli";"F57a-25";"Lithospermo purpureo-caerulei-Carpinetum betuli";"8"
"31475";"28";"F57a-26 Stellario holosteae-Quercetum petraeae";"F57a-26";"Stellario holosteae-Quercetum petraeae";"8"
"31476";"28";"F57a-27 Carici albae-Tilietum cordatae";"F57a-27";"Carici albae-Tilietum cordatae";"8"
"31591";"28";"F57a-28 Rusco aculeati-Quercetum petraeae";"F57a-28";"Rusco aculeati-Quercetum petraeae";"8"
"31592";"28";"F57a-29 Sorbo ariae-Quercetum petraeae";"F57a-29";"Sorbo ariae-Quercetum petraeae";"8"
"31593";"28";"F57a-30 Pulmonario affinis-Carpinetum betuli";"F57a-30";"Pulmonario affinis-Carpinetum betuli";"8"
"31594";"28";"F57a-31 Ornithogalo pyrenaici-Carpinetum betuli";"F57a-31";"Ornithogalo pyrenaici-Carpinetum betuli";"8"
"31595";"28";"F57a-32 Cephalanthero damasonii-Quercetum petraeae";"F57a-32";"Cephalanthero damasonii-Quercetum petraeae";"8"
"31596";"28";"F57a-33 Viburno lantanae-Quercetum petraeae";"F57a-33";"Viburno lantanae-Quercetum petraeae";"8"
"31597";"28";"F57a-34 Pulmonario longifoliae-Carpinetum betuli";"F57a-34";"Pulmonario longifoliae-Carpinetum betuli";"8"
"31599";"28";"F57a-35 Euphorbio dulcis-Carpinetum betuli";"F57a-35";"Euphorbio dulcis-Carpinetum betuli";"8"
"31604";"28";"F57b-01 Leucobryo glauci-Fagetum sylvaticae";"F57b-01";"Leucobryo glauci-Fagetum sylvaticae";"8"
"31605";"28";"F57b-02 Betulo pendulae-Quercetum petraeae";"F57b-02";"Betulo pendulae-Quercetum petraeae";"8"
"31607";"28";"F57b-03 Vaccinio myrtilli-Quercetum petraeae";"F57b-03";"Vaccinio myrtilli-Quercetum petraeae";"8"
"31608";"28";"F57b-04 Teucrio scorodoniae-Fagetum sylvaticae";"F57b-04";"Teucrio scorodoniae-Fagetum sylvaticae";"8"
"31609";"28";"F57b-05 Pyro cordatae-Quercetum petraeae";"F57b-05";"Pyro cordatae-Quercetum petraeae";"8"
"31610";"28";"F57b-06 Umbilico rupestris-Quercetum roboris";"F57b-06";"Umbilico rupestris-Quercetum roboris";"8"
"31611";"28";"F57b-07 Hieracio sabaudii-Quercetum petraeae";"F57b-07";"Hieracio sabaudii-Quercetum petraeae";"8"
"31540";"28";"F57b-08 Hieracio glaucini-Quercetum petraeae";"F57b-08";"Hieracio glaucini-Quercetum petraeae";"8"
"31542";"28";"F57b-09 Conopodio majoris-Quercetum roboris";"F57b-09";"Conopodio majoris-Quercetum roboris";"8"
"31544";"28";"F57b-11 Dryopterido borreri-Fagetum sylvaticae";"F57b-11";"Dryopterido borreri-Fagetum sylvaticae";"8"
"31545";"28";"F57b-12 Digitalo luteae-Quercetum petraeae";"F57b-12";"Digitalo luteae-Quercetum petraeae";"8"
"31546";"28";"F57b-13 Aristolochio pallidae-Castaneetum sativae";"F57b-13";"Aristolochio pallidae-Castaneetum sativae";"8"
"31549";"28";"F57b-14 Lonicero periclymeni-Quercetum petraeae";"F57b-14";"Lonicero periclymeni-Quercetum petraeae";"8"
"31550";"28";"F57b-15 Asphodelo albi-Quercetum pyrenaicae";"F57b-15";"Asphodelo albi-Quercetum pyrenaicae";"8"
"31551";"28";"F57b-16 Pino pinastri-Quercetum roboris";"F57b-16";"Pino pinastri-Quercetum roboris";"8"
"31552";"28";"F57b-17 Arbuto unedonis-Quercetum roboris";"F57b-17";"Arbuto unedonis-Quercetum roboris";"8"
"31553";"28";"F57b-18 Blechno spicant-Quercetum roboris";"F57b-18";"Blechno spicant-Quercetum roboris";"8"
"31554";"28";"F57b-19 Erico vagantis-Quercetum petraeae";"F57b-19";"Erico vagantis-Quercetum petraeae";"8"
"31556";"28";"F57b-20 Peucedano gallici-Quercetum roboris";"F57b-20";"Peucedano gallici-Quercetum roboris";"8"
"31557";"28";"F57b-21 Betulo verrucosae-Quercetum pyrenaicae";"F57b-21";"Betulo verrucosae-Quercetum pyrenaicae";"8"
"31559";"28";"F57b-22 Blechno spicant-Quercetum petraeae";"F57b-22";"Blechno spicant-Quercetum petraeae";"8"
"31571";"28";"F57b-23 Molinio caerulae-Quercetum roboris";"F57b-23";"Molinio caerulae-Quercetum roboris";"8"
"24432";"28";"F60-01 Sagino maritimae-Cochlearietum danicae";"F60-01";"Sagino maritimae-Cochlearietum danicae";"8"
"24433";"28";"F60-02 Sagino maritimae-Catapodietum marini";"F60-02";"Sagino maritimae-Catapodietum marini";"8"
"24434";"28";"F60-03 Catapodio marini-Parapholidetum incurvae";"F60-03";"Catapodio marini-Parapholidetum incurvae";"8"
"24435";"28";"F60-04 Soncho oleracei-Cochlearietum danicae";"F60-04";"Soncho oleracei-Cochlearietum danicae";"8"
"24436";"28";"F60-05 Desmazerio marinae-Brometum ferronii";"F60-05";"Desmazerio marinae-Brometum ferronii";"8"
"24437";"28";"F60-06 Catapodio marini-Trifolietum scabri";"F60-06";"Catapodio marini-Trifolietum scabri";"8"
"24438";"28";"F60-07 Bromo ferronii-Trifolietum arvensis";"F60-07";"Bromo ferronii-Trifolietum arvensis";"8"
"24439";"28";"F60-08 Catapodio marini-Evacetum rotundatae";"F60-08";"Catapodio marini-Evacetum rotundatae";"8"
"24440";"28";"F60-09 Senecioni leucanthemifolii-Nanantheetum perpusillae";"F60-09";"Senecioni leucanthemifolii-Nanantheetum perpusillae";"8"
"24442";"28";"F60-10 Parapholido strigosae-Saginetum maritimae";"F60-10";"Parapholido strigosae-Saginetum maritimae";"8"
"24443";"28";"F60-11 Hymenolobo procumbentis-Saginetum maritimae";"F60-11";"Hymenolobo procumbentis-Saginetum maritimae";"8"
"24444";"28";"F60-12 Sagino maritimae-Spergularietum marinae";"F60-12";"Sagino maritimae-Spergularietum marinae";"8"
"24448";"28";"F60-13 Spergularietum marinae";"F60-13";"Spergularietum marinae";"8"
"24449";"28";"F60-14 Spergularietum heldreichii";"F60-14";"Spergularietum heldreichii";"8"
"24450";"28";"F60-15 Parapholido strigosae-Hordeetum marini";"F60-15";"Parapholido strigosae-Hordeetum marini";"8"
"24451";"28";"F60-16 Junco bufonii-Chenopodietum chenopodioidis";"F60-16";"Junco bufonii-Chenopodietum chenopodioidis";"8"
"24452";"28";"F60-17 Polypogonetum subspathacei";"F60-17";"Polypogonetum subspathacei";"8"
"24453";"28";"F60-18 Centaurio acutiflori-Hordeetum gussoneani";"F60-18";"Centaurio acutiflori-Hordeetum gussoneani";"8"
"28367";"28";"F60-19 Catapodio marini-Senecionetum transeuntis";"F60-19";"Catapodio marini-Senecionetum transeuntis";"8"
"28368";"28";"F60-20 Catapodio marini-Mesembryanthemetum nodiflori";"F60-20";"Catapodio marini-Mesembryanthemetum nodiflori";"8"
"28415";"28";"F60-21 Sagino maritimae-Juncetum hybridi";"F60-21";"Sagino maritimae-Juncetum hybridi";"8"
"26433";"28";"F61-01 Salicetum retuso-reticulatae";"F61-01";"Salicetum retuso-reticulatae";"8"
"26434";"28";"F61-02 Arabidetum caeruleae";"F61-02";"Arabidetum caeruleae";"8"
"26435";"28";"F61-03 Veronico nummulariae-Ranunculetum alpestris";"F61-03";"Veronico nummulariae-Ranunculetum alpestris";"8"
"26436";"28";"F61-04 Salici herbaceae-Ranunculetum alpestris";"F61-04";"Salici herbaceae-Ranunculetum alpestris";"8"
"26437";"28";"F61-05 Potentillo dubiae-Gnaphalietum hoppeani";"F61-05";"Potentillo dubiae-Gnaphalietum hoppeani";"8"
"26438";"28";"F61-06 Primulo integrifoliae-Salicetum reticulatae";"F61-06";"Primulo integrifoliae-Salicetum reticulatae";"8"
"26439";"28";"F61-07 Alchemillo fissae-Luzuletum candollei";"F61-07";"Alchemillo fissae-Luzuletum candollei";"8"
"26440";"28";"F61-08 Anthelio juratzkanae-Salicetum herbaceae";"F61-08";"Anthelio juratzkanae-Salicetum herbaceae";"8"
"26441";"28";"F61-09 Primulo integrifoliae-Salicetum herbaceae";"F61-09";"Primulo integrifoliae-Salicetum herbaceae";"8"
"26442";"28";"F61-10 Cardamino alpinae-Gnaphalietum supini";"F61-10";"Cardamino alpinae-Gnaphalietum supini";"8"
"26443";"28";"F61-11 Gnaphalio supini-Sedetum candollei";"F61-11";"Gnaphalio supini-Sedetum candollei";"8"
"26444";"28";"F61-12 Cerastio trigyni-Mniobryetum albicantis";"F61-12";"Cerastio trigyni-Mniobryetum albicantis";"8"
"26445";"28";"F61-13 Caricetum foetidae";"F61-13";"Caricetum foetidae";"8"
"26446";"28";"F61-14 Luzuletum spadiceae";"F61-14";"Luzuletum spadiceae";"8"
"26447";"28";"F61-15 Salicetum herbaceae";"F61-15";"Salicetum herbaceae";"8"
"26448";"28";"F61-16 Salici herbaceae-Caricetum lachenalii";"F61-16";"Salici herbaceae-Caricetum lachenalii";"8"
"31452";"28";"F62a-02 Alno glutinosae-Salicetum cinereae";"F62a-02";"Alno glutinosae-Salicetum cinereae";"8"
"31454";"28";"F62a-04 Rubo caesii-Salicetum cinereae";"F62a-04";"Rubo caesii-Salicetum cinereae";"8"
"31455";"28";"F62a-05 Salicetum atrocinereo-cinereae";"F62a-05";"Salicetum atrocinereo-cinereae";"8"
"31458";"28";"F62a-06 Salicetum triandrae";"F62a-06";"Salicetum triandrae";"8"
"31459";"28";"F62a-07 Calystegio sepium-Salicetum triandrae";"F62a-07";"Calystegio sepium-Salicetum triandrae";"8"
"31462";"28";"F62a-10 Salicetum purpureae";"F62a-10";"Salicetum purpureae";"8"
"31465";"28";"F62a-12 Salicetum incano-purpureae";"F62a-12";"Salicetum incano-purpureae";"8"
"31467";"28";"F62a-14 Myricarietum germanicae";"F62a-14";"Myricarietum germanicae";"8"
"31468";"28";"F62a-15 Salici incanae-Hippophaetum fluviatilis";"F62a-15";"Salici incanae-Hippophaetum fluviatilis";"8"
"31477";"28";"F62a-16 Salicetum myrsinifolio-purpureae";"F62a-16";"Salicetum myrsinifolio-purpureae";"8"
"31478";"28";"F62a-17 Saponario officinalis-Salicetum purpureae";"F62a-17";"Saponario officinalis-Salicetum purpureae";"8"
"31479";"28";"F62a-18 Salicetum lambertiano-angustifoliae";"F62a-18";"Salicetum lambertiano-angustifoliae";"8"
"31481";"28";"F62a-19 Dittrichio viscosae-Salicetum purpureae";"F62a-19";"Dittrichio viscosae-Salicetum purpureae";"8"
"31483";"28";"F62a-20 Tamarici gallicae-Salicetum elaeagni";"F62a-20";"Tamarici gallicae-Salicetum elaeagni";"8"
"31488";"28";"F62b-02 Salici triandrae-Populetum betulifoliae";"F62b-02";"Salici triandrae-Populetum betulifoliae";"8"
"31489";"28";"F62b-03 Salici albae-Populetum nigrae";"F62b-03";"Salici albae-Populetum nigrae";"8"
"31491";"28";"F62b-04 Rubo caesii-Populetum nigrae";"F62b-04";"Rubo caesii-Populetum nigrae";"8"
"31492";"28";"F62b-05 Deschampsio cespitosae-Aceretum negundo";"F62b-05";"Deschampsio cespitosae-Aceretum negundo";"8"
"31493";"28";"F62b-06 Salicetum albae";"F62b-06";"Salicetum albae";"8"
"31494";"28";"F62b-07 Ligustro vulgaris-Populetum nigrae";"F62b-07";"Ligustro vulgaris-Populetum nigrae";"8"
"31496";"28";"F62b-08 Alno incanae-Salicetum albae";"F62b-08";"Alno incanae-Salicetum albae";"8"
"31498";"28";"F62b-09 Phalarido arundinaceae-Populetum nigrae";"F62b-09";"Phalarido arundinaceae-Populetum nigrae";"8"
"31499";"28";"F62b-10 Brachypodio phoenicoidis-Populetum nigrae";"F62b-10";"Brachypodio phoenicoidis-Populetum nigrae";"8"
"31500";"28";"F62b-11 Corylo avellanae-Populetum nigrae";"F62b-11";"Corylo avellanae-Populetum nigrae";"8"
"31501";"28";"F62b-12 Rubio peregrinae-Populetum albae";"F62b-12";"Rubio peregrinae-Populetum albae";"8"
"31502";"28";"F62b-13 Salici albae-Populetum albae";"F62b-13";"Salici albae-Populetum albae";"8"
"30850";"28";"F65-01 Hyperico linariifolii-Sedetum reflexi";"F65-01";"Hyperico linariifolii-Sedetum reflexi";"8"
"30849";"28";"F65-02 Hyperico linariifolii-Sedetum anglici";"F65-02";"Hyperico linariifolii-Sedetum anglici";"8"
"31081";"28";"F65-03 Scillo autumnalis-Ranunculetum paludosi";"F65-03";"Scillo autumnalis-Ranunculetum paludosi";"8"
"30897";"28";"F65-04 Plantagini holostei-Sesamoidetum purpurascentis";"F65-04";"Plantagini holostei-Sesamoidetum purpurascentis";"8"
"30699";"28";"F65-05 Festuco trachyphyllae-Sedetum anglici";"F65-05";"Festuco trachyphyllae-Sedetum anglici";"8"
"30698";"28";"F65-06 Festuco tenuifoliae-Sedetum anglici";"F65-06";"Festuco tenuifoliae-Sedetum anglici";"8"
"31102";"28";"F65-07 Sedo anglici-Scilletum vernae";"F65-07";"Sedo anglici-Scilletum vernae";"8"
"30703";"28";"F65-08 Dactylido marinae-Sedetum anglici";"F65-08";"Dactylido marinae-Sedetum anglici";"8"
"31230";"28";"F65-09 Tuberario maritimae-Romuleetum columnae";"F65-09";"Tuberario maritimae-Romuleetum columnae";"8"
"31121";"28";"F65-10 Spergulo morisonii-Sedetum hirsuti";"F65-10";"Spergulo morisonii-Sedetum hirsuti";"8"
"31090";"28";"F65-11 Sedetum acro-micranthi";"F65-11";"Sedetum acro-micranthi";"8"
"30632";"28";"F65-12 Agrostio durieui-Sedetum pyrenaici";"F65-12";"Agrostio durieui-Sedetum pyrenaici";"8"
"31103";"28";"F65-13 Sedo pyrenaici-Sempervivetum montani";"F65-13";"Sedo pyrenaici-Sempervivetum montani";"8"
"31117";"28";"F65-14 Sileno rupestris-Sedetum pyrenaici";"F65-14";"Sileno rupestris-Sedetum pyrenaici";"8"
"31130";"28";"F65-15 Veronicetum cantabricae";"F65-15";"Veronicetum cantabricae";"8"
"31107";"28";"F65-16 Sempervivo tectorum-Sedetum rupestris";"F65-16";"Sempervivo tectorum-Sedetum rupestris";"8"
"31224";"28";"F65-17 Trifolio scabri-Thymetum caroli";"F65-17";"Trifolio scabri-Thymetum caroli";"8"
"30788";"28";"F65-18 Gageo saxatilis-Veronicetum dillenii";"F65-18";"Gageo saxatilis-Veronicetum dillenii";"8"
"31082";"28";"F65-19 Scillo autumnalis-Sedetum albi";"F65-19";"Scillo autumnalis-Sedetum albi";"8"
"31122";"28";"F65-20 Spergulo pentandrae-Veronicetum dillenii";"F65-20";"Spergulo pentandrae-Veronicetum dillenii";"8"
"31079";"28";"F65-21 Saxifrago tridactylitae-Potentilletum neglectae";"F65-21";"Saxifrago tridactylitae-Potentilletum neglectae";"8"
"31229";"28";"F65-22 Tuberario guttatae-Thymetum drucei";"F65-22";"Tuberario guttatae-Thymetum drucei";"8"
"31004";"28";"F65-23 Petrorhagio proliferae-Festucetum lemanii";"F65-23";"Petrorhagio proliferae-Festucetum lemanii";"8"
"31104";"28";"F65-24 Sedo rubentis-Scleranthetum perennis";"F65-24";"Sedo rubentis-Scleranthetum perennis";"8"
"31037";"28";"F65-25 Syntrichio ruralis-Sedetum micranthi";"F65-25";"Syntrichio ruralis-Sedetum micranthi";"8"
"31105";"28";"F65-26 Sedo rupestris-Hieracietum pilosellae";"F65-26";"Sedo rupestris-Hieracietum pilosellae";"8"
"31106";"28";"F65-27 Sempervivo arvernensis-Festucetum arvernensis";"F65-27";"Sempervivo arvernensis-Festucetum arvernensis";"8"
"30650";"28";"F65-28 Anarrhino bellidifolii-Sedetum maximi";"F65-28";"Anarrhino bellidifolii-Sedetum maximi";"8"
"31116";"28";"F65-29 Sileno rupestris-Sedetum annui";"F65-29";"Sileno rupestris-Sedetum annui";"8"
"31101";"28";"F65-30 Sedo alpestris-Silenetum rupestris";"F65-30";"Sedo alpestris-Silenetum rupestris";"8"
"30905";"28";"F65-31 Polytricho piliferi-Allietum montani";"F65-31";"Polytricho piliferi-Allietum montani";"8"
"31088";"28";"F65-32 Sclerantho biennis-Sempervivetum arachnoidei";"F65-32";"Sclerantho biennis-Sempervivetum arachnoidei";"8"
"30909";"28";"F65-34 Poo perconcinnae-Sedetum montani";"F65-34";"Poo perconcinnae-Sedetum montani";"8"
"31211";"28";"F65-35 Tortello inclinatae-Poetum concinnae";"F65-35";"Tortello inclinatae-Poetum concinnae";"8"
"30900";"28";"F65-37 Poetum badensis";"F65-37";"Poetum badensis";"8"
"30908";"28";"F65-38 Poo badensis-Allietum montani";"F65-38";"Poo badensis-Allietum montani";"8"
"31096";"28";"F65-39 Sedo acris-Poetum alpinae";"F65-39";"Sedo acris-Poetum alpinae";"8"
"30771";"28";"F65-40 Cerastietum pumili";"F65-40";"Cerastietum pumili";"8"
"31003";"28";"F65-41 Peltigero rufescentis-Allietum sphaerocephali";"F65-41";"Peltigero rufescentis-Allietum sphaerocephali";"8"
"30692";"28";"F65-42 Festuco auquieri-Sedetum ochroleuci";"F65-42";"Festuco auquieri-Sedetum ochroleuci";"8"
"30985";"28";"F65-43 Medicaginetum minimo-rigidulae";"F65-43";"Medicaginetum minimo-rigidulae";"8"
"30994";"28";"F65-44 Minuartietum mutabilis";"F65-44";"Minuartietum mutabilis";"8"
"30646";"28";"F65-45 Alysso montani-Sedetum albi";"F65-45";"Alysso montani-Sedetum albi";"8"
"30845";"28";"F65-46 Hornungio petraeae-Cerastietum semidecandri";"F65-46";"Hornungio petraeae-Cerastietum semidecandri";"8"
"30644";"28";"F65-47 Alysso alyssoidis-Sedetum albi";"F65-47";"Alysso alyssoidis-Sedetum albi";"8"
"30696";"28";"F65-48 Festuco longifoliae-Sedetum albi";"F65-48";"Festuco longifoliae-Sedetum albi";"8"
"31078";"28";"F65-49 Saxifrago tridactylitae-Poetum compressae";"F65-49";"Saxifrago tridactylitae-Poetum compressae";"8"
"30838";"28";"F65-50 Hieracio pilosellae-Poetum compressae";"F65-50";"Hieracio pilosellae-Poetum compressae";"8"
"30912";"28";"F65-51 Potentilletum argenteo-vernae";"F65-51";"Potentilletum argenteo-vernae";"8"
"31091";"28";"F65-52 Sedetum micrantho-sediformis";"F65-52";"Sedetum micrantho-sediformis";"8"
"31092";"28";"F65-53 Sedetum ochroleuco-sediformis";"F65-53";"Sedetum ochroleuco-sediformis";"8"
"24455";"28";"F65b-01 Simethido mattiazzii-Serapiadetum linguae";"F65b-01";"Simethido mattiazzii-Serapiadetum linguae";"8"
"24456";"28";"F66-01 Echio lycopsis-Galactitetum tomentosae";"F66-01";"Echio lycopsis-Galactitetum tomentosae";"8"
"24457";"28";"F66-02 Alyssetum corsici";"F66-02";"Alyssetum corsici";"8"
"24458";"28";"F66-03 Trifolio cherleri-Taeniatheretum capitis-medusae";"F66-03";"Trifolio cherleri-Taeniatheretum capitis-medusae";"8"
"24459";"28";"F66-04 Medicagini rigidulae-Aegilopetum geniculatae";"F66-04";"Medicagini rigidulae-Aegilopetum geniculatae";"8"
"24460";"28";"F66-05 Bromo tectorum-Stipetum capensis";"F66-05";"Bromo tectorum-Stipetum capensis";"8"
"24461";"28";"F66-06 Carduo tenuiflori-Onopordetum illyrici";"F66-06";"Carduo tenuiflori-Onopordetum illyrici";"8"
"24462";"28";"F66-07 Asphodelo fistulosi-Hordeetum leporini";"F66-07";"Asphodelo fistulosi-Hordeetum leporini";"8"
"24463";"28";"F66-08 Hordeetum leporini";"F66-08";"Hordeetum leporini";"8"
"24464";"28";"F66-09 Laguro ovati-Vulpietum membranaceae";"F66-09";"Laguro ovati-Vulpietum membranaceae";"8"
"24465";"28";"F66-10 Laguro ovati-Vulpietum fasciculatae";"F66-10";"Laguro ovati-Vulpietum fasciculatae";"8"
"24466";"28";"F66-11 Laguro ovati-Brometum rigidi";"F66-11";"Laguro ovati-Brometum rigidi";"8"
"24467";"28";"F66-12 Laguro ovati-Hordeetum leporini";"F66-12";"Laguro ovati-Hordeetum leporini";"8"
"24468";"28";"F66-13 Laguro ovati-Avenetum barbatae";"F66-13";"Laguro ovati-Avenetum barbatae";"8"
"24469";"28";"F66-14 Laguro ovati-Diplotaxietum tenuifoliae";"F66-14";"Laguro ovati-Diplotaxietum tenuifoliae";"8"
"24470";"28";"F66-15 Laguro ovati-Centaureetum asperae";"F66-15";"Laguro ovati-Centaureetum asperae";"8"
"24471";"28";"F66-16 Hordeo murini-Arctothecetum calendulae";"F66-16";"Hordeo murini-Arctothecetum calendulae";"8"
"24474";"28";"F66-17 Chenopodietum muralis";"F66-17";"Chenopodietum muralis";"8"
"24475";"28";"F66-18 Amarantho blitoidis-Chenopodietum ambrosioidis";"F66-18";"Amarantho blitoidis-Chenopodietum ambrosioidis";"8"
"24477";"28";"F66-19 Chenopodio muralis-Atriplicetum hastatae";"F66-19";"Chenopodio muralis-Atriplicetum hastatae";"8"
"24478";"28";"F66-20 Chenopodio vulvariae-Atriplicetum roseae";"F66-20";"Chenopodio vulvariae-Atriplicetum roseae";"8"
"24479";"28";"F66-21 Lavateretum cretico-arboreae";"F66-21";"Lavateretum cretico-arboreae";"8"
"24480";"28";"F66-22 Malvetum parvifloro-nicaeensis";"F66-22";"Malvetum parvifloro-nicaeensis";"8"
"24481";"28";"F66-23 Erigeronto canadensis-Lactucetum serriolae";"F66-23";"Erigeronto canadensis-Lactucetum serriolae";"8"
"24482";"28";"F66-24 Lactuco serriolae-Sisymbrietum altissimi";"F66-24";"Lactuco serriolae-Sisymbrietum altissimi";"8"
"24483";"28";"F66-25 Sisymbrio sophiae-Atriplicetum oblongifoliae";"F66-25";"Sisymbrio sophiae-Atriplicetum oblongifoliae";"8"
"24484";"28";"F66-26 Sisymbrietum loeselii";"F66-26";"Sisymbrietum loeselii";"8"
"24485";"28";"F66-27 Chenopodietum stricti";"F66-27";"Chenopodietum stricti";"8"
"24486";"28";"F66-28 Sisymbrio austriaci-Asperuginetum procumbentis";"F66-28";"Sisymbrio austriaci-Asperuginetum procumbentis";"8"
"24487";"28";"F66-29 Vulpio myuri-Erigerontetum canadensis";"F66-29";"Vulpio myuri-Erigerontetum canadensis";"8"
"24489";"28";"F66-30 Urtico urentis-Malvetum neglectae";"F66-30";"Urtico urentis-Malvetum neglectae";"8"
"24491";"28";"F66-31 Chenopodietum vulvariae";"F66-31";"Chenopodietum vulvariae";"8"
"24490";"28";"F66-31 Chenopodio vulvariae-Malvetum neglectae";"F66-31";"Chenopodio vulvariae-Malvetum neglectae";"8"
"24492";"28";"F66-32 Hyoscyamo nigri-Malvetum neglectae";"F66-32";"Hyoscyamo nigri-Malvetum neglectae";"8"
"24493";"28";"F66-33 Geranio mollis-Hordeetum murini";"F66-33";"Geranio mollis-Hordeetum murini";"8"
"24495";"28";"F66-35 Hordeetum murini";"F66-35";"Hordeetum murini";"8"
"24496";"28";"F66-36 Coronopodo procumbentis-Centaureetum calcitrapae";"F66-36";"Coronopodo procumbentis-Centaureetum calcitrapae";"8"
"24497";"28";"F66-37 Chenopodietum botryos";"F66-37";"Chenopodietum botryos";"8"
"24498";"28";"F66-38 Plantagini indicae-Senecionetum viscosi";"F66-38";"Plantagini indicae-Senecionetum viscosi";"8"
"28370";"28";"F66-39 Sileno gallicae-Brometum gussonei";"F66-39";"Sileno gallicae-Brometum gussonei";"8"
"28376";"28";"F66-40 Plantagini afrae-Lamarckietum aureae";"F66-40";"Plantagini afrae-Lamarckietum aureae";"8"
"28377";"28";"F66-41 Mesembryanthemo nodiflori-Atriplicetum prostratae";"F66-41";"Mesembryanthemo nodiflori-Atriplicetum prostratae";"8"
"28378";"28";"F66-42 Lavatero arboreae-Atriplicetum prostratae";"F66-42";"Lavatero arboreae-Atriplicetum prostratae";"8"
"28379";"28";"F66-43 Chenopodio muralis-Mesembryanthemetum crystallini";"F66-43";"Chenopodio muralis-Mesembryanthemetum crystallini";"8"
"30818";"28";"F72-01 Geranio sanguinei-Anemonetum sylvestris";"F72-01";"Geranio sanguinei-Anemonetum sylvestris";"8"
"30820";"28";"F72-02 Geranio sanguinei-Dictamnetum albi";"F72-02";"Geranio sanguinei-Dictamnetum albi";"8"
"30596";"28";"F72-03 Bupleuro longifolii-Laserpitietum latifolii";"F72-03";"Bupleuro longifolii-Laserpitietum latifolii";"8"
"30822";"28";"F72-04 Geranio sanguinei-Peucedanetum cervariae";"F72-04";"Geranio sanguinei-Peucedanetum cervariae";"8"
"30602";"28";"F72-05 Campanulo medii-Geranietum sanguinei";"F72-05";"Campanulo medii-Geranietum sanguinei";"8"
"30819";"28";"F72-06 Geranio sanguinei-Coronilletum coronatae";"F72-06";"Geranio sanguinei-Coronilletum coronatae";"8"
"30816";"28";"F72-07 Gentiano luteae-Daphnetum cneori";"F72-07";"Gentiano luteae-Daphnetum cneori";"8"
"30585";"28";"F72-08 Asperulo tinctoriae-Vincetoxicetum hirundinariae";"F72-08";"Asperulo tinctoriae-Vincetoxicetum hirundinariae";"8"
"30759";"28";"F72-09 Carici ornithopodae-Anthericetum ramosi";"F72-09";"Carici ornithopodae-Anthericetum ramosi";"8"
"30825";"28";"F72-10 Geranio sanguinei-Trifolietum alpestris";"F72-10";"Geranio sanguinei-Trifolietum alpestris";"8"
"30988";"28";"F72-11 Melampyro cristati-Trifolietum alpestris";"F72-11";"Melampyro cristati-Trifolietum alpestris";"8"
"30915";"28";"F72-12 Potentillo pedatae-Geranietum lanuginosi";"F72-12";"Potentillo pedatae-Geranietum lanuginosi";"8"
"31147";"28";"F72-13 Xanthoselino veneti-Brachypodietum rupestris";"F72-13";"Xanthoselino veneti-Brachypodietum rupestris";"8"
"30824";"28";"F72-14 Geranio sanguinei-Seslerietum argenteae";"F72-14";"Geranio sanguinei-Seslerietum argenteae";"8"
"30878";"28";"F72-15 Lathyro latifolii-Brachypodietum rupestris";"F72-15";"Lathyro latifolii-Brachypodietum rupestris";"8"
"30887";"28";"F72-16 Lilio crocei-Laserpitietum sileris";"F72-16";"Lilio crocei-Laserpitietum sileris";"8"
"30877";"28";"F72-17 Lathyro heterophylli-Vicietum onobrychioidis";"F72-17";"Lathyro heterophylli-Vicietum onobrychioidis";"8"
"30586";"28";"F72-18 Asphodelo macrocarpi-Laserpitietum sileris";"F72-18";"Asphodelo macrocarpi-Laserpitietum sileris";"8"
"30821";"28";"F72-19 Geranio sanguinei-Laserpitietum sileris";"F72-19";"Geranio sanguinei-Laserpitietum sileris";"8"
"31208";"28";"F72-20 Teucrio scorodoniae-Polygonatetum odorati";"F72-20";"Teucrio scorodoniae-Polygonatetum odorati";"8"
"30772";"28";"F72-21 Cervario rivini-Oreoselinetum nigri";"F72-21";"Cervario rivini-Oreoselinetum nigri";"8"
"30712";"28";"F72-22 Diantho seguieri-Peucedanetum oreoselini";"F72-22";"Diantho seguieri-Peucedanetum oreoselini";"8"
"30914";"28";"F72-23 Potentillo montanae-Polygonatetum odorati";"F72-23";"Potentillo montanae-Polygonatetum odorati";"8"
"30823";"28";"F72-24 Geranio sanguinei-Rubietum peregrinae";"F72-24";"Geranio sanguinei-Rubietum peregrinae";"8"
"31017";"28";"F72-25 Rubio peregrinae-Anthericetum ramosi";"F72-25";"Rubio peregrinae-Anthericetum ramosi";"8"
"30689";"28";"F72-26 Euphorbio angulatae-Spiraeetum obovatae";"F72-26";"Euphorbio angulatae-Spiraeetum obovatae";"8"
"30888";"28";"F72-27 Limodoro abortivi-Cytisetum lotoidis";"F72-27";"Limodoro abortivi-Cytisetum lotoidis";"8"
"30769";"28";"F72-28 Centaureo semidecurrentis-Melampyretum cristati";"F72-28";"Centaureo semidecurrentis-Melampyretum cristati";"8"
"30998";"28";"F72-29 Odontito chrysanthae-Phyteumatetum teneri";"F72-29";"Odontito chrysanthae-Phyteumatetum teneri";"8"
"30801";"28";"F72-30 Lithospermo purpurocaerulei-Pulmonarietum longifoliae";"F72-30";"Lithospermo purpurocaerulei-Pulmonarietum longifoliae";"8"
"31220";"28";"F72-31 Trifolio medii-Silaetum silai";"F72-31";"Trifolio medii-Silaetum silai";"8"
"31218";"28";"F72-33 Trifolio medii-Laserpitietum latifolii";"F72-33";"Trifolio medii-Laserpitietum latifolii";"8"
"30595";"28";"F72-34 Bupleuro falcati-Laserpitietum latifolii";"F72-34";"Bupleuro falcati-Laserpitietum latifolii";"8"
"30675";"28";"F72-35 Coronillo variae-Vicietum tenuifoliae";"F72-35";"Coronillo variae-Vicietum tenuifoliae";"8"
"30674";"28";"F72-36 Coronillo variae-Peucedanetum alsatici";"F72-36";"Coronillo variae-Peucedanetum alsatici";"8"
"30673";"28";"F72-38 Coronillo variae-Brachypodietum pinnati";"F72-38";"Coronillo variae-Brachypodietum pinnati";"8"
"30777";"28";"F72-40 Chrysanthemo corymbosi-Oryzopsietum paradoxae";"F72-40";"Chrysanthemo corymbosi-Oryzopsietum paradoxae";"8"
"30588";"28";"F72-41 Astero armoricani-Geranietum sanguinei";"F72-41";"Astero armoricani-Geranietum sanguinei";"8"
"30700";"28";"F72-42 Filipendulo vulgaris-Geranietum sanguinei";"F72-42";"Filipendulo vulgaris-Geranietum sanguinei";"8"
"31111";"28";"F72-43 Serratulo seoanei-Brachypodietum rupestris";"F72-43";"Serratulo seoanei-Brachypodietum rupestris";"8"
"31236";"28";"F72-44 Ulici maritimi-Geranietum sanguinei";"F72-44";"Ulici maritimi-Geranietum sanguinei";"8"
"30852";"28";"F72-45 Inulo conyzae-Polygonatetum odorati";"F72-45";"Inulo conyzae-Polygonatetum odorati";"8"
"30754";"28";"F72-46 Carici arenariae-Silenetum nutantis";"F72-46";"Carici arenariae-Silenetum nutantis";"8"
"31215";"28";"F72-47 Trifolio medii-Agrimonietum eupatoriae";"F72-47";"Trifolio medii-Agrimonietum eupatoriae";"8"
"30733";"28";"F72-48 Campanulo persicifoliae-Digitalietum luteae";"F72-48";"Campanulo persicifoliae-Digitalietum luteae";"8"
"31156";"28";"F72-50 Gr. à Melampyrum nemorosum et Vicia cracca subsp. incana";"F72-50";"Gr. à Melampyrum nemorosum et Vicia cracca subsp. incana";"8"
"31140";"28";"F72-51 Vicio cassubicae-Agrimonietum eupatoriae";"F72-51";"Vicio cassubicae-Agrimonietum eupatoriae";"8"
"31172";"28";"F72-52 Gr. à Vicia dumetorum";"F72-52";"Gr. à Vicia dumetorum";"8"
"30600";"28";"F72-53 Calamintho menthifoliae-Brachypodietum sylvatici";"F72-53";"Calamintho menthifoliae-Brachypodietum sylvatici";"8"
"30593";"28";"F72-55 Brachypodio sylvatici-Rubetum caesii";"F72-55";"Brachypodio sylvatici-Rubetum caesii";"8"
"30882";"28";"F72-56 Lathyro sylvestris-Astragaletum glycyphylli";"F72-56";"Lathyro sylvestris-Astragaletum glycyphylli";"8"
"30854";"28";"F72-57 Inulo helenii-Caricetum tomentosae";"F72-57";"Inulo helenii-Caricetum tomentosae";"8"
"30764";"28";"F72-59 Centaureo nemoralis-Origanetum vulgaris";"F72-59";"Centaureo nemoralis-Origanetum vulgaris";"8"
"30594";"28";"F72-60 Bunio bulbocastani-Brachypodietum pinnati";"F72-60";"Bunio bulbocastani-Brachypodietum pinnati";"8"
"31205";"28";"F72-61 Tephroserido helenitidis-Succisetum pratensis";"F72-61";"Tephroserido helenitidis-Succisetum pratensis";"8"
"31206";"28";"F72-62 Teucrio scorodoniae-Centaureetum nemoralis";"F72-62";"Teucrio scorodoniae-Centaureetum nemoralis";"8"
"30629";"28";"F72-63 Agrimonio repentis-Brachypodietum sylvatici";"F72-63";"Agrimonio repentis-Brachypodietum sylvatici";"8"
"30949";"28";"F72-64 Pulmonario longifoliae-Brachypodietum sylvatici";"F72-64";"Pulmonario longifoliae-Brachypodietum sylvatici";"8"
"30990";"28";"F72-65 Melittio melissophylli-Festucetum heterophyllae";"F72-65";"Melittio melissophylli-Festucetum heterophyllae";"8"
"31145";"28";"F72-66 Violo rivinianae-Lathyretum nigri";"F72-66";"Violo rivinianae-Lathyretum nigri";"8"
"30868";"28";"F72-67 Knautietum sylvaticae";"F72-67";"Knautietum sylvaticae";"8"
"30714";"28";"F72-70 Digitali grandiflorae-Trifolietum medii";"F72-70";"Digitali grandiflorae-Trifolietum medii";"8"
"31139";"28";"F72-71 Vicietum sylvaticae";"F72-71";"Vicietum sylvaticae";"8"
"30601";"28";"F72-72 Calamintho menthifoliae-Knautietum dipsacifoliae";"F72-72";"Calamintho menthifoliae-Knautietum dipsacifoliae";"8"
"30876";"28";"F72-73 Laserpitio latifolii-Teucrietum scorodoniae";"F72-73";"Laserpitio latifolii-Teucrietum scorodoniae";"8"
"30659";"28";"F72-74 Cirsio erisithalis-Teucrietum scorodoniae";"F72-74";"Cirsio erisithalis-Teucrietum scorodoniae";"8"
"30768";"28";"F72-75 Centaureo nigrae-Vicietum orobi";"F72-75";"Centaureo nigrae-Vicietum orobi";"8"
"31212";"28";"F72-76 Trifolio aurei-Knautietum arvernensis";"F72-76";"Trifolio aurei-Knautietum arvernensis";"8"
"30616";"28";"F74A-01 Betulo pubescentis-Abietetum albae";"F74A-01";"Betulo pubescentis-Abietetum albae";"8"
"31028";"28";"F74A-02 Sphagno girgensohnii-Piceetum abietis";"F74A-02";"Sphagno girgensohnii-Piceetum abietis";"8"
"30978";"28";"F74A-03 Lycopodio annotini-Abietetum albae";"F74A-03";"Lycopodio annotini-Abietetum albae";"8"
"30587";"28";"F74A-04 Asplenio viridis-Piceetum abietis";"F74A-04";"Asplenio viridis-Piceetum abietis";"8"
"31032";"28";"F74A-05 Sphagno quinquefarii-Abietetum albae";"F74A-05";"Sphagno quinquefarii-Abietetum albae";"8"
"30608";"28";"F74A-06 Bazzanio trilobatae-Piceetum abietis";"F74A-06";"Bazzanio trilobatae-Piceetum abietis";"8"
"31246";"28";"F74A-07 Vaccinio vitis-idaeae-Abietetum albae";"F74A-07";"Vaccinio vitis-idaeae-Abietetum albae";"8"
"30975";"28";"F74A-08 Luzulo luzuloidis-Abietetum albae";"F74A-08";"Luzulo luzuloidis-Abietetum albae";"8"
"30717";"28";"F74A-09 Dryopterido dilatatae-Abietetum albae";"F74A-09";"Dryopterido dilatatae-Abietetum albae";"8"
"30716";"28";"F74A-10 Dryopterido carthusianae-Abietetum albae";"F74A-10";"Dryopterido carthusianae-Abietetum albae";"8"
"30695";"28";"F74A-11 Festuco flavescentis-Piceetum abietis";"F74A-11";"Festuco flavescentis-Piceetum abietis";"8"
"30694";"28";"F74A-12 Festuco flavescentis-Laricetum deciduae";"F74A-12";"Festuco flavescentis-Laricetum deciduae";"8"
"31241";"28";"F74A-13 Vaccinio-Pinetum cembrae";"F74A-13";"Vaccinio-Pinetum cembrae";"8"
"30848";"28";"F74A-14 Huperzio selaginis-Pinetum uncinatae";"F74A-14";"Huperzio selaginis-Pinetum uncinatae";"8"
"30599";"28";"F74A-15 Calamagrostio villosae-Abietetum albae";"F74A-15";"Calamagrostio villosae-Abietetum albae";"8"
"30640";"28";"F74A-16 Alno alnobetulae-Piceetum abietis";"F74A-16";"Alno alnobetulae-Piceetum abietis";"8"
"30678";"28";"F74A-17 Cotoneastro integerrimae-Pinetum cembrae";"F74A-17";"Cotoneastro integerrimae-Pinetum cembrae";"8"
"31125";"28";"F74A-18 Vaccinio vitis-idaeae-Piceetum abietis";"F74A-18";"Vaccinio vitis-idaeae-Piceetum abietis";"8"
"30989";"28";"F74A-19 Melampyro sylvatici-Abietetum albae";"F74A-19";"Melampyro sylvatici-Abietetum albae";"8"
"30627";"28";"F74A-20 Adenostylo alliariae-Piceetum";"F74A-20";"Adenostylo alliariae-Piceetum";"8"
"31128";"28";"F74A-21 Valeriano trypteridis-Piceetum abietis";"F74A-21";"Valeriano trypteridis-Piceetum abietis";"8"
"30598";"28";"F74A-22 Calamagrostio variae-Abietetum albae";"F74A-22";"Calamagrostio variae-Abietetum albae";"8"
"30873";"28";"F74A-23 Laburno alpini-Abietetum albae";"F74A-23";"Laburno alpini-Abietetum albae";"8"
"31136";"28";"F74A-24 Veronico urticifoliae-Abietetum albae";"F74A-24";"Veronico urticifoliae-Abietetum albae";"8"
"31242";"28";"F74A-25 Vaccinio myrtilli-Betuletum pendulae";"F74A-25";"Vaccinio myrtilli-Betuletum pendulae";"8"
"30950";"28";"F74A-26 Pulsatillo fontqueri-Pinetum uncinatae";"F74A-26";"Pulsatillo fontqueri-Pinetum uncinatae";"8"
"30966";"28";"F74A-27 Rhododendro ferruginei-Abietetum albae";"F74A-27";"Rhododendro ferruginei-Abietetum albae";"8"
"30967";"28";"F74A-28 Rhododendro ferruginei-Betuletum pendulae";"F74A-28";"Rhododendro ferruginei-Betuletum pendulae";"8"
"30923";"28";"F74A-29 Rhododendro ferruginei-Pinetum uncinatae";"F74A-29";"Rhododendro ferruginei-Pinetum uncinatae";"8"
"30579";"28";"F74A-30 Arctostaphylo uvae-ursi-Pinetum uncinatae";"F74A-30";"Arctostaphylo uvae-ursi-Pinetum uncinatae";"8"
"31031";"28";"F74A-31 Sphagno palustris-Betuletum pubescentis";"F74A-31";"Sphagno palustris-Betuletum pubescentis";"8"
"30913";"28";"F74A-32 Potentillo erectae-Betuletum pubescentis";"F74A-32";"Potentillo erectae-Betuletum pubescentis";"8"
"30842";"28";"F74A-33 Holco mollis-Betuletum pubescentis";"F74A-33";"Holco mollis-Betuletum pubescentis";"8"
"31027";"28";"F74A-34 Sphagno capillifolii-Pinetum sylvestris";"F74A-34";"Sphagno capillifolii-Pinetum sylvestris";"8"
"31029";"28";"F74A-35 Sphagno magellanici-Betuletum pubescentis";"F74A-35";"Sphagno magellanici-Betuletum pubescentis";"8"
"31030";"28";"F74A-36 Sphagno magellanici-Piceetum abietis";"F74A-36";"Sphagno magellanici-Piceetum abietis";"8"
"30892";"28";"F74A-37 Pinetum rotundatae";"F74A-37";"Pinetum rotundatae";"8"
"31124";"28";"F74A-38 Sphagno capillifoliae-Betuletum carpaticae";"F74A-38";"Sphagno capillifoliae-Betuletum carpaticae";"8"
"30614";"28";"F74A-39 Betulo carpaticae-Sorbetum aucupariae";"F74A-39";"Betulo carpaticae-Sorbetum aucupariae";"8"
"30661";"28";"F74A-40 Cladino-Pinetum sylvestris";"F74A-40";"Cladino-Pinetum sylvestris";"8"
"31243";"28";"F74A-41 Vaccinio myrtilli-Pinetum sylvestris";"F74A-41";"Vaccinio myrtilli-Pinetum sylvestris";"8"
"30709";"28";"F74B-01 Deschampsio flexuosae-Pinetum sylvestris";"F74B-01";"Deschampsio flexuosae-Pinetum sylvestris";"8"
"31207";"28";"F74B-02 Teucrio scorodoniae-Pinetum sylvestris";"F74B-02";"Teucrio scorodoniae-Pinetum sylvestris";"8"
"30916";"28";"F74B-03 Prenantho purpureae-Pinetum sylvestris";"F74B-03";"Prenantho purpureae-Pinetum sylvestris";"8"
"30711";"28";"F74B-04 Diantho monspessulani-Pinetum sylvestris";"F74B-04";"Diantho monspessulani-Pinetum sylvestris";"8"
"30792";"28";"F74B-05 Galio rotundifolii-Pinetum sylvestris";"F74B-05";"Galio rotundifolii-Pinetum sylvestris";"8"
"30904";"28";"F74B-06 Polygalo calcareae-Pinetum sylvestris";"F74B-06";"Polygalo calcareae-Pinetum sylvestris";"8"
"31134";"28";"F74B-07 Veronico officinalis-Pinetum sylvestris";"F74B-07";"Veronico officinalis-Pinetum sylvestris";"8"
"30922";"28";"F74C-01 Rhododendro ferruginei-Pinetum prostratae";"F74C-01";"Rhododendro ferruginei-Pinetum prostratae";"8"
"30706";"28";"F74C-02 Daphno mezerei-Pinetum mugo";"F74C-02";"Daphno mezerei-Pinetum mugo";"8"
"31581";"28";"Fagenalia sylvaticae";"";"Fagenalia sylvaticae";"4"
"31579";"28";"Fagenea sylvaticae";"";"Fagenea sylvaticae";"2"
"31580";"28";"Fagetalia sylvaticae";"";"Fagetalia sylvaticae";"3"
"31582";"28";"Fagion sylvaticae";"";"Fagion sylvaticae";"5"
"28400";"28";"Festucenion airoidis";"";"Festucenion airoidis";"6"
"31439";"28";"Festucenion longifolio-lemanii";"";"Festucenion longifolio-lemanii";"6"
"31302";"28";"Festucenion marginatae";"";"Festucenion marginatae";"6"
"3567";"28";"Festucetalia spadiceae";"";"Festucetalia spadiceae";"3"
"31347";"28";"Festucetalia valesiacae";"";"Festucetalia valesiacae";"3"
"31268";"28";"Festucion auquieri-marginatae";"";"Festucion auquieri-marginatae";"5"
"16724";"28";"Festucion eskiae";"";"Festucion eskiae";"5"
"28395";"28";"Festucion supinae";"";"Festucion supinae";"5"
"16722";"28";"Festucion variae";"";"Festucion variae";"5"
"24029";"28";"Festuco rubrae-Nardetum strictae";"";"Festuco rubrae-Nardetum strictae";"8"
"16776";"28";"Filipendulo ulmariae-Chaerophyllion hirsuti";"";"Filipendulo ulmariae-Chaerophyllion hirsuti";"5"
"20799";"28";"Fourré à Cytisus scoparius subsp. s.-Jacobaea adonidifolia-Juniperus communis subsp. c.";"";"Fourré à Cytisus scoparius subsp. s.-Jacobaea adonidifolia-Juniperus communis subsp. c. ";"8"
"26397";"28";"Frangulo alni-Pyrion cordatae";"";"Frangulo alni-Pyrion cordatae ";"5"
"31778";"28";"Frangulo dodonei-Quercion roboris";"";"Frangulo dodonei-Quercion roboris";"5"
"3588";"28";"Frankenietalia pulverulentae";"";"Frankenietalia pulverulentae";"3"
"16793";"28";"Frankenion pulverulentae";"";"Frankenion pulverulentae";"5"
"31744";"28";"Fraxinion angustifoliae";"";"Fraxinion angustifoliae";"5"
"31490";"28";"Fraxino excelsioris-Populion albae";"";"Fraxino excelsioris-Populion albae";"5"
"31698";"28";"Fraxino excelsioris-Quercion roboris";"";"Fraxino excelsioris-Quercion roboris";"5"
"31731";"28";"Galio rotundifolii-Fagion sylvaticae";"";"Galio rotundifolii-Fagion sylvaticae";"5"
"16712";"28";"Galio saxatilis-Festucion filiformis";"";"Galio saxatilis-Festucion filiformis";"5"
"28385";"28";"Galio saxatilis-Patzkeion paniculatae";"";"Galio saxatilis-Patzkeion paniculatae";"5"
"16718";"28";"Galio saxatilis-Potentillion aureae";"";"Galio saxatilis-Potentillion aureae";"5"
"30794";"28";"Galio veri-Cynosurenion cristati";"";"Galio veri-Cynosurenion cristati";"6"
"30795";"28";"Galio veri-Geranion sanguinei";"";"Galio veri-Geranion sanguinei";"5"
"31397";"28";"Genistenion lobelii";"";"Genistenion lobelii";"6"
"31396";"28";"Genistion lobelii";"";"Genistion lobelii";"5"
"24327";"28";"Genisto pilosae-Lavanduletum stoechadis";"";"Genisto pilosae-Lavanduletum stoechadis";"8"
"31314";"28";"Gentianello amarellae-Avenulion pratensis";"";"Gentianello amarellae-Avenulion pratensis";"5"
"31563";"28";"Geranio nodosi-Fagenion sylvaticae";"";"Geranio nodosi-Fagenion sylvaticae";"6"
"3577";"28";"Geranio purpurei-Cardaminetalia hirsutae";"";"Geranio purpurei-Cardaminetalia hirsutae";"3"
"31738";"28";"Geranio robertiani-Fraxinenea excelsioris";"";"Geranio robertiani-Fraxinenea excelsioris";"2"
"30827";"28";"Geranion sanguinei";"";"Geranion sanguinei";"5"
"31399";"28";"Globularienion cordifoliae";"";"Globularienion cordifoliae";"6"
"31290";"28";"Globulario nudicaulis-Seslerietum caeruleae";"";"Globulario nudicaulis-Seslerietum caeruleae";"8"
"31728";"28";"Goodyero repentis-Abietion albae";"";"Goodyero repentis-Abietion albae";"5"
"30829";"28";"Goodyero repentis-Pinion sylvestris";"";"Goodyero repentis-Pinion sylvestris";"5"
"23965";"28";"gr. à Adenostyles albifrons et Scrophularia alpestris";"";"gr. à Adenostyles albifrons et Scrophularia alpestris";"8"
"23993";"28";"gr. à Agrostis curtisii-Sedum anglicum subsp. anglicum";"";"gr. à Agrostis curtisii-Sedum anglicum subsp. anglicum";"8"
"24031";"28";"gr. à Alchemilla saxatilis-Nardus stricta";"";"gr. à Alchemilla saxatilis-Nardus stricta";"8"
"24195";"28";"gr. à Alopecurus pratensis et Persicaria bistorta";"";"gr. à Alopecurus pratensis et Persicaria bistorta";"8"
"24235";"28";"gr. à Anthemis nobilis";"";"gr. à Anthemis nobilis";"8"
"31171";"28";"Gr. à Armeria arenaria et Veronica spicata";"";"Gr. à Armeria arenaria et Veronica spicata";"8"
"23920";"28";"gr. à Baldellia ranunculoides-Lobelia dortmanna";"";"gr. à Baldellia ranunculoides-Lobelia dortmanna";"8"
"24099";"28";"gr. à Bellium bellidioides-Isoëtes histrix";"";"gr. à Bellium bellidioides-Isoëtes histrix";"8"
"23892";"28";"gr. à Blackstonia imperfoliata";"";"gr. à Blackstonia imperfoliata";"8"
"23891";"28";"gr. à Blackstonia imperfoliata-Blackstonia perfoliata";"";"gr. à Blackstonia imperfoliata-Blackstonia perfoliata";"8"
"23988";"28";"gr. à Brachypodium pinnatum-Pseudarrhenatherum longifolium";"";"gr. à Brachypodium pinnatum-Pseudarrhenatherum longifolium";"8"
"31309";"28";"Gr. à Carthamus mitissimus et Festuca marginata";"";"Gr. à Carthamus mitissimus et Festuca marginata";"8"
"24447";"28";"gr. à Catapodium loliaceum et Silene sedoides";"";"gr. à Catapodium loliaceum et Silene sedoides";"8"
"23894";"28";"gr. à Centaurium maritimum-Blackstonia acuminata";"";"gr. à Centaurium maritimum-Blackstonia acuminata";"8"
"24425";"28";"gr. à Centaurium spicatum-Crypsis aculeata";"";"gr. à Centaurium spicatum-Crypsis aculeata";"8"
"24111";"28";"gr. à Corrigiola littoralis subsp. littoralis";"";"gr. à Corrigiola littoralis subsp. littoralis";"8"
"31153";"28";"Gr. à Danthonia decumbens-Chamaemelum nobile";"";"Gr. à Danthonia decumbens-Chamaemelum nobile";"8"
"24100";"28";"gr. à Danthonia decumbens subsp. decumbens-Isoëtes histrix";"";"gr. à Danthonia decumbens subsp. decumbens-Isoëtes histrix";"8"
"24030";"28";"gr. à Dianthus seguieri s.l.- Viola lutea";"";"gr. à Dianthus seguieri s.l.- Viola lutea";"8"
"28724";"28";"Gr. à Egeria densa";"";"Gr. à Egeria densa";"8"
"23936";"28";"gr. à Eleocharis multicaulis-Solenopsis minuta";"";"gr. à Eleocharis multicaulis-Solenopsis minuta";"8"
"24148";"28";"gr. à Eleocharis palustris-Mentha arvensis";"";"gr. à Eleocharis palustris-Mentha arvensis";"8"
"28723";"28";"Gr. à Elodea ernstiae";"";"Gr. à Elodea ernstiae";"8"
"31154";"28";"Gr. à Gaudinia fragilis-Ranunculus bulbosus";"";"Gr. à Gaudinia fragilis-Ranunculus bulbosus";"8"
"24332";"28";"gr. à Genista corsica-Erica scoparia";"";"gr. à Genista corsica-Erica scoparia";"8"
"31497";"28";"Gr. à Hippocrepis emerus subsp. e.-Populus alba";"";"Gr. à Hippocrepis emerus subsp. e.-Populus alba";"8"
"23885";"28";"gr. à Illecebrum verticillatum";"";"gr. à Illecebrum verticillatum";"8"
"24400";"28";"gr. à Isoëtes velata";"";"gr. à Isoëtes velata";"8"
"24174";"28";"gr. à Juncus acutiflorus-Oenanthe pimpinelloides";"";"gr. à Juncus acutiflorus-Oenanthe pimpinelloides";"8"
"24086";"28";"gr. à Juncus acutus-Tamarix africana";"";"gr. à Juncus acutus-Tamarix africana";"8"
"23886";"28";"gr. à Juncus bufonius-Gypsophila muralis";"";"gr. à Juncus bufonius-Gypsophila muralis";"8"
"23889";"28";"gr. à Juncus bufonius-Myosurus minimus";"";"gr. à Juncus bufonius-Myosurus minimus";"8"
"24245";"28";"gr. à Laburnum alpinum";"";"gr. à Laburnum alpinum";"8"
"30257";"28";"gr. à Lagarosiphon major";"";"gr. à Lagarosiphon major";"8"
"24110";"28";"gr. à Limosella palustris-Ranunculus sceleratus";"";"gr. à Limosella palustris-Ranunculus sceleratus";"8"
"24237";"28";"gr. à Lotus glaber-Cynodon dactylon";"";"gr. à Lotus glaber-Cynodon dactylon";"8"
"28767";"28";"Gr. à Ludwigia grandiflora et Gr. à Ludwigia peploides";"";"Gr. à Ludwigia grandiflora et Gr. à Ludwigia peploides";"8"
"24418";"28";"gr. à Lythrum borysthenicum-Lotus angustissimus subsp. hispidus";"";"gr. à Lythrum borysthenicum-Lotus angustissimus subsp. hispidus";"8"
"31155";"28";"Gr. à Malva moschata-Bromus hordeaceus";"";"Gr. à Malva moschata-Bromus hordeaceus";"8"
"24419";"28";"gr. à Montia fontana subsp. chondrosperma-Ranunculus nodiflorus";"";"gr. à Montia fontana subsp. chondrosperma-Ranunculus nodiflorus";"8"
"23874";"28";"gr. à Montia fontana subsp. chondrosperma-Sedum villosum";"";"gr. à Montia fontana subsp. chondrosperma-Sedum villosum";"8"
"24446";"28";"gr. à Myosurus minimus-Bupleurum tenuissimum";"";"gr. à Myosurus minimus-Bupleurum tenuissimum";"8"
"28736";"28";"Gr. à Myriophyllum aquaticum";"";"Gr. à Myriophyllum aquaticum";"8"
"24129";"28";"gr. à Oenanthe fistulosa subsp. fistulosa, Oenanthe globulosa subsp. globulosa, Carex cuprina";"";"gr. à Oenanthe fistulosa subsp. fistulosa, Oenanthe globulosa subsp. globulosa, Carex cuprina";"8"
"24101";"28";"gr. à Oenanthe pimpinelloides-lsoëtes histrix";"";"gr. à Oenanthe pimpinelloides-lsoëtes histrix";"8"
"31157";"28";"Gr. à Oreoselinum nigrum-Arrhenatherum elatius";"";"Gr. à Oreoselinum nigrum-Arrhenatherum elatius";"8"
"31338";"28";"Gr. à Oreoselinum nigrum et Danthonia decumbens";"";"Gr. à Oreoselinum nigrum et Danthonia decumbens";"8"
"31170";"28";"Gr. à Phleum phleoides et Veronica spicata";"";"Gr. à Phleum phleoides et Veronica spicata";"8"
"24032";"28";"gr. à Phyteuma hemisphaericum-Nardus stricta";"";"gr. à Phyteuma hemisphaericum-Nardus stricta";"8"
"31158";"28";"Gr. à Poa trivialis-Chamaemelum nobile";"";"Gr. à Poa trivialis-Chamaemelum nobile";"8"
"23868";"28";"gr. à Polypogon maritimus-Bellis annua";"";"gr. à Polypogon maritimus-Bellis annua";"8"
"24410";"28";"gr. à Ranunculus lateriflorus-Sisymbrella aspera subsp. aspera";"";"gr. à Ranunculus lateriflorus-Sisymbrella aspera subsp. aspera";"8"
"24420";"28";"gr. à Ranunculus nodiflorus-Lythrum portula";"";"gr. à Ranunculus nodiflorus-Lythrum portula";"8"
"24414";"28";"gr. à Ranunculus sardous-Lythrum thymifolium";"";"gr. à Ranunculus sardous-Lythrum thymifolium";"8"
"24249";"28";"gr. à Rhamnus alpina-Sorbus mougeotii";"";"gr. à Rhamnus alpina-Sorbus mougeotii";"8"
"23879";"28";"gr. à Sagina subulata-Illecebrum verticillatum";"";"gr. à Sagina subulata-Illecebrum verticillatum";"8"
"24243";"28";"gr. à Salix appendiculata-Rosa pendulina";"";"gr. à Salix appendiculata-Rosa pendulina";"8"
"24353";"28";"gr. à Scirpus sylvaticus-Angelica sylvestris";"";"gr. à Scirpus sylvaticus-Angelica sylvestris";"8"
"23875";"28";"gr. à Sedum villosum subsp. villosum";"";"gr. à Sedum villosum subsp. villosum";"8"
"24275";"28";"gr. à Senecio lividus-Myosotis balbisiana";"";"gr. à Senecio lividus-Myosotis balbisiana";"8"
"24015";"28";"gr. à Serapias lingua-Viola lactea";"";"gr. à Serapias lingua-Viola lactea";"8"
"24473";"28";"gr. à Silene conica-Bromus tectorum";"";"gr. à Silene conica-Bromus tectorum";"8"
"24441";"28";"gr. à Silene sericea-Catapodium marinum";"";"gr. à Silene sericea-Catapodium marinum";"8"
"23998";"28";"gr. à Simethis mattiazzii-Festuca filiformis";"";"gr. à Simethis mattiazzii-Festuca filiformis ";"8"
"24347";"28";"gr. à Sonchus palustris";"";"gr. à Sonchus palustris";"8"
"23888";"28";"gr. à Spergularia segetalis-Lythrum thymifolium";"";"gr. à Spergularia segetalis-Lythrum thymifolium";"8"
"24083";"28";"gr. à Tamarix africana de Provence";"";"gr. à Tamarix africana de Provence";"8"
"24408";"28";"gr. à Teucrium aristatum-Lythrum tribracteatum";"";"gr. à Teucrium aristatum-Lythrum tribracteatum";"8"
"24344";"28";"gr. à Thalictrum flavum-Achillea ptarmica";"";"gr. à Thalictrum flavum-Achillea ptarmica";"8"
"31291";"28";"Gr. à Thesium pyrenaicum et Nothobartsia spicata";"";"Gr. à Thesium pyrenaicum et Nothobartsia spicata";"8"
"24326";"28";"gr. à Thymelaea hirsuta-Lavandula stoechas subsp. stoechas";"";"gr. à Thymelaea hirsuta-Lavandula stoechas subsp. stoechas";"8"
"31420";"28";"Gr. à Veronica spicata";"";"Gr. à Veronica spicata";"8"
"31289";"28";"Gr. à Viola rupestris et Cytisus lotoides";"";"Gr. à Viola rupestris et Cytisus lotoides";"8"
"24201";"28";"gr. lorrain à Carex hordeistichos";"";"gr. lorrain à Carex hordeistichos";"8"
"20792";"28";"Groupe à Erica cinerea-Cytisus oromediterraneus";"";"Groupe à Erica cinerea-Cytisus oromediterraneus";"8"
"26400";"28";"Groupe à Rubus scissus-Salix aurita";"";"Groupe à Rubus scissus-Salix aurita";"8"
"26630";"28";"Groupement à Chara fibrosa subsp. benthamii";"";"Groupement à Chara fibrosa subsp. benthamii";"8"
"26412";"28";"Groupement à Hyoscyamus albus";"";"Groupement à Hyoscyamus albus";"8"
"26411";"28";"Groupement à Sarcocapnos enneaphylla";"";"Groupement à Sarcocapnos enneaphylla";"8"
"16733";"28";"Heleochloion schoenoidis";"";"Heleochloion schoenoidis";"5"
"30836";"28";"Heracleo sphondylii-Chaerophylletum aurei var. à cirses";"";"Heracleo sphondylii-Chaerophylletum aurei var. à cirses";"8"
"30839";"28";"Hippophaion fluviatilis";"";"Hippophaion fluviatilis";"5"
"30841";"28";"Holcetum lanati";"";"Holcetum lanati";"8"
"3575";"28";"Holoschoenetalia vulgaris";"";"Holoschoenetalia vulgaris";"3"
"16799";"28";"Hordeion leporini";"";"Hordeion leporini";"5"
"30847";"28";"Humulo lupuli-Sambucion nigrae";"";"Humulo lupuli-Sambucion nigrae";"5"
"31752";"28";"Hyacinthoido non-scriptae-Quercenion roboris";"";"Hyacinthoido non-scriptae-Quercenion roboris";"6"
"20776";"28";"Hydrocharitenion morsus-ranae";"";"Hydrocharitenion morsus-ranae";"6"
"3562";"28";"Hydrocharitetalia";"";"Hydrocharitetalia";"3"
"16697";"28";"Hydrocharition morsus-ranae";"";"Hydrocharition morsus-ranae";"5"
"31558";"28";"Hymenopyllo tunbrigensis-Quercion roboris";"";"Hymenopyllo tunbrigensis-Quercion roboris";"5"
"31678";"28";"Hyperico hircini-Alnenion glutinosae";"";"Hyperico hircini-Alnenion glutinosae";"6"
"31341";"28";"Hyperico linariifolii-Festucetum arvernensis";"";"Hyperico linariifolii-Festucetum arvernensis";"8"
"31541";"28";"Hyperico montani-Quercion petraeae";"";"Hyperico montani-Quercion petraeae";"5"
"16723";"28";"Hyperico richeri-Festucion paniculatae";"";"Hyperico richeri-Festucion paniculatae";"5"
"31724";"28";"Ilici aquifolii-Fagenion sylvaticae";"";"Ilici aquifolii-Fagenion sylvaticae";"6"
"31606";"28";"Ilici aquifolii-Quercenion petraeae";"";"Ilici aquifolii-Quercenion petraeae";"6"
"28425";"28";"Ipomoeo acuminatae-Ageratinion adenophorae";"";"Ipomoeo acuminatae-Ageratinion adenophorae";"5"
"3585";"28";"Isoëtetalia velatae";"";"Isoëtetalia velatae";"3"
"16743";"28";"Juncion gerardi";"";"Juncion gerardi";"5"
"16741";"28";"Junco gerardi-Bromion racemosi";"";"Junco gerardi-Bromion racemosi";"5"
"30862";"28";"Junipero-Pinetalia mugo";"";"Junipero-Pinetalia mugo";"3"
"30863";"28";"Junipero-Pinetalia sylvestris";"";"Junipero-Pinetalia sylvestris";"3"
"30866";"28";"Junipero hemisphaericae-Pinion sylvestris";"";"Junipero hemisphaericae-Pinion sylvestris";"5"
"30867";"28";"Knautienion dipsacifoliae";"";"Knautienion dipsacifoliae";"6"
"30872";"28";"Knaution dipsacifoliae";"";"Knaution dipsacifoliae";"5"
"31430";"28";"Koelerio-Phleenalia phleoidis";"";"Koelerio-Phleenalia phleoidis";"4"
"31431";"28";"Koelerio-Phleion phleoidis";"";"Koelerio-Phleion phleoidis";"5"
"31432";"28";"Koelerio macranthae-Phleenion phleoidis";"";"Koelerio macranthae-Phleenion phleoidis";"6"
"31531";"28";"Laburno anagyroidis-Ostryenion carpinifoliae";"";"Laburno anagyroidis-Ostryenion carpinifoliae";"6"
"16800";"28";"Laguro ovati-Bromion rigidi";"";"Laguro ovati-Bromion rigidi";"5"
"30875";"28";"Laserpitio latifolii-Teucrienion scorodoniaae";"";"Laserpitio latifolii-Teucrienion scorodoniaae";"6"
"30880";"28";"Lathyro linifolii-Trisetenion flavescentis";"";"Lathyro linifolii-Trisetenion flavescentis";"6"
"31533";"28";"Lathyro veneti-Fraxinion orni";"";"Lathyro veneti-Fraxinion orni";"5"
"31532";"28";"Lauro nobilis-Quercenion pubescentis";"";"Lauro nobilis-Quercenion pubescentis";"6"
"3582";"28";"Lavanduletalia stoechadis";"";"Lavanduletalia stoechadis";"3"
"31358";"28";"Lavandulo-Artemisienion";"";"Lavandulo-Artemisienion";"6"
"31404";"28";"Lavandulo-Genistion cinereae";"";"Lavandulo-Genistion cinereae";"5"
"31405";"28";"Lavandulo angustifoliae-Genistenion cinereae";"";"Lavandulo angustifoliae-Genistenion cinereae";"6"
"3561";"28";"Lemnetalia minoris";"";"Lemnetalia minoris";"3"
"16695";"28";"Lemnion minoris";"";"Lemnion minoris";"5"
"20773";"28";"Lemno trisulcae-Riccienion fluitantis";"";"Lemno trisulcae-Riccienion fluitantis";"6"
"16696";"28";"Lemno trisulcae-Salvinion natantis";"";"Lemno trisulcae-Salvinion natantis";"5"
"16708";"28";"Ligustico mutellinae-Luzulion desvauxii";"";"Ligustico mutellinae-Luzulion desvauxii";"5"
"30884";"28";"Ligustro vulgaris-Prunenion spinosae";"";"Ligustro vulgaris-Prunenion spinosae";"6"
"31368";"28";"Lilio pomponii-Artemisienion albae";"";"Lilio pomponii-Artemisienion albae";"6"
"30798";"28";"Lino angustifolii-Oenanthenion pimpinelloidis";"";"Lino angustifolii-Oenanthenion pimpinelloidis";"6"
"23900";"28";"Lino cathartici-Blackstonietum perfoliatae";"";"Lino cathartici-Blackstonietum perfoliatae";"8"
"3564";"28";"Littorelletalia uniflorae";"";"Littorelletalia uniflorae";"3"
"16703";"28";"Littorellion uniflorae";"";"Littorellion uniflorae";"5"
"16698";"28";"Lobelio dortmannae-Isoetion";"";"Lobelio dortmannae-Isoetion";"5"
"30802";"28";"Lolio perennis-Cynosurenion cristati";"";"Lolio perennis-Cynosurenion cristati";"6"
"30804";"28";"Lolio perennis-Plantaginion majoris";"";"Lolio perennis-Plantaginion majoris";"5"
"30806";"28";"Lonicerion periclymeni";"";"Lonicerion periclymeni";"5"
"31587";"28";"Lonicero alpigenae-Fagenion sylvaticae";"";"Lonicero alpigenae-Fagenion sylvaticae";"6"
"30807";"28";"Lonicero nigrae-Corylion avellanae";"";"Lonicero nigrae-Corylion avellanae";"5"
"31572";"28";"Lonicero periclymeni-Betuletalia pubescentis";"";"Lonicero periclymeni-Betuletalia pubescentis";"3"
"31573";"28";"Lonicero periclymeni-Betulion pubescentis";"";"Lonicero periclymeni-Betulion pubescentis";"5"
"26398";"28";"Lonicero periclymeni-Rubion sylvatici";"";"Lonicero periclymeni-Rubion sylvatici ";"5"
"30810";"28";"Lonicero periclymeni-Viburnenion opuli";"";"Lonicero periclymeni-Viburnenion opuli";"6"
"31280";"28";"Loto maritimi-Brometum erecti";"";"Loto maritimi-Brometum erecti";"8"
"8586";"28";"Loto pedunculati-Cardaminenalia pratensis";"";"Loto pedunculati-Cardaminenalia pratensis";"4"
"3583";"28";"Loto pedunculati-Filipenduletalia ulmariae";"";"Loto pedunculati-Filipenduletalia ulmariae";"3"
"8585";"28";"Loto tenuis-Festucenalia arundinaceae";"";"Loto tenuis-Festucenalia arundinaceae";"4"
"16742";"28";"Loto tenuis-Trifolion fragiferi";"";"Loto tenuis-Trifolion fragiferi";"5"
"28686";"28";"Luronio-Potametalia";"";"Luronio-Potametalia";"3"
"31723";"28";"Luzulo luzuloidis-Fagenion sylvaticae";"";"Luzulo luzuloidis-Fagenion sylvaticae";"6"
"31721";"28";"Luzulo luzuloidis-Fagetalia sylvaticae";"";"Luzulo luzuloidis-Fagetalia sylvaticae";"3"
"31722";"28";"Luzulo luzuloidis-Fagion sylvaticae";"";"Luzulo luzuloidis-Fagion sylvaticae";"5"
"30976";"28";"Luzulo luzuloidis-Piceenion";"";"Luzulo luzuloidis-Piceenion";"6"
"30977";"28";"Luzulo luzuloidis-Piceion abietis";"";"Luzulo luzuloidis-Piceion abietis";"5"
"30981";"28";"Lysimachio nemorum-Saxifragion hirsutae";"";"Lysimachio nemorum-Saxifragion hirsutae";"5"
"16784";"28";"Lythrion tribracteati";"";"Lythrion tribracteati";"5"
"30983";"28";"Magnocaricetalia";"";"Magnocaricetalia";"3"
"30984";"28";"Magnocaricion elatae";"";"Magnocaricion elatae";"5"
"16805";"28";"Malvion neglectae";"";"Malvion neglectae";"5"
"16802";"28";"Malvion parviflorae";"";"Malvion parviflorae";"5"
"24472";"28";"Matricario maritimae-Raphanetum maritimi";"";"Matricario maritimae-Raphanetum maritimi";"8"
"23986";"28";"Mégaphorbiaies à Aconitum napellus subsp. corsicum";"";"Mégaphorbiaies à Aconitum napellus subsp. corsicum";"8"
"31806";"28";"Melico nutantis-Tilion platyphylli";"";"Melico nutantis-Tilion platyphylli";"5"
"24145";"28";"Mentho aquaticae-Eleocharitetum palustris";"";"Mentho aquaticae-Eleocharitetum palustris";"8"
"16739";"28";"Mentho arvensis-Eleocharition palustris";"";"Mentho arvensis-Eleocharition palustris";"5"
"16747";"28";"Mentho longifoliae-Juncion inflexi";"";"Mentho longifoliae-Juncion inflexi";"5"
"8583";"28";"Mentho pulegii-Eleocharitenalia palustris";"";"Mentho pulegii-Eleocharitenalia palustris";"4"
"31179";"28";"Mesobromenion erecti";"";"Mesobromenion erecti";"6"
"30993";"28";"Mespilo germanicae-Ilicion aquifolii";"";"Mespilo germanicae-Ilicion aquifolii";"5"
"31560";"28";"Molinio caeruleae-Quercetalia roboris";"";"Molinio caeruleae-Quercetalia roboris";"3"
"31561";"28";"Molinio caeruleae-Quercion roboris";"";"Molinio caeruleae-Quercion roboris";"5"
"30995";"28";"Montio fontanae-Cardaminetalia amarae";"";"Montio fontanae-Cardaminetalia amarae";"3"
"28727";"28";"Najadenion marinae";"";"Najadenion marinae";"6"
"3586";"28";"Nanocyperetalia flavescentis";"";"Nanocyperetalia flavescentis";"3"
"16693";"28";"Nanocyperion flavescentis";"";"Nanocyperion flavescentis";"5"
"3566";"28";"Nardetalia strictae";"";"Nardetalia strictae";"3"
"16719";"28";"Nardo strictae-Agrostion tenuis";"";"Nardo strictae-Agrostion tenuis";"5"
"16717";"28";"Nardo strictae-Juncion squarrosi";"";"Nardo strictae-Juncion squarrosi";"5"
"3570";"28";"Nerio oleandri-Viticetalia agni-casti";"";"Nerio oleandri-Viticetalia agni-casti";"3"
"26586";"28";"Nicotiano glaucae-Ricinetalia communis";"";"Nicotiano glaucae-Ricinetalia communis";"3"
"26587";"28";"Nicotiano glaucae-Ricinion communis";"";"Nicotiano glaucae-Ricinion communis";"5"
"3579";"28";"Nitelletalia flexilis";"";"Nitelletalia flexilis";"3"
"16766";"28";"Nitellion flexilis";"";"Nitellion flexilis";"5"
"16767";"28";"Nitellion syncarpo-tenuissimae";"";"Nitellion syncarpo-tenuissimae";"5"
"28748";"28";"Nymphaeion albae";"";"Nymphaeion albae";"5"
"16737";"28";"Oenanthion fistulosae";"";"Oenanthion fistulosae";"5"
"16734";"28";"Oenanthion globulosae";"";"Oenanthion globulosae";"5"
"24179";"28";"Oenantho peucedanifoliae-Festucetum arundinaceae";"";"Oenantho peucedanifoliae-Festucetum arundinaceae";"8"
"31364";"28";"Ononidetalia striatae";"";"Ononidetalia striatae";"3"
"31390";"28";"Ononidion striatae";"";"Ononidion striatae";"5"
"16783";"28";"Ophioglosso lusitanici-Isoëtion histricis";"";"Ophioglosso lusitanici-Isoëtion histricis";"5"
"28396";"28";"Oreochloo blankae-Caricenion curvulae";"";"Oreochloo blankae-Caricenion curvulae";"6"
"31001";"28";"Origanetalia vulgaris";"";"Origanetalia vulgaris";"3"
"31675";"28";"Osmundo regalis-Alnenion glutinosae";"";"Osmundo regalis-Alnenion glutinosae";"6"
"31748";"28";"Osmundo regalis-Alnion glutinosae";"";"Osmundo regalis-Alnion glutinosae";"5"
"26395";"28";"Osmundo regalis-Myricion gale";"";"Osmundo regalis-Myricion gale ";"5"
"31716";"28";"Ostryo carpinifoliae-Fagion sylvaticae";"";"Ostryo carpinifoliae-Fagion sylvaticae";"5"
"31765";"28";"Ostryo carpinifoliae-Tilion platyphilli";"";"Ostryo carpinifoliae-Tilion platyphilli";"5"
"16730";"28";"Oxycocco palustris-Ericion tetralicis";"";"Oxycocco palustris-Ericion tetralicis";"5"
"26384";"28";"Parietarietalia judaicae";"";"Parietarietalia judaicae ";"3"
"24261";"28";"Parietarietum lusitanicae";"";"Parietarietum lusitanicae";"8"
"16754";"28";"Paspalo distichi-Polypogonion viridis";"";"Paspalo distichi-Polypogonion viridis";"5"
"31681";"28";"Petasito albi-Alnion glutinosae";"";"Petasito albi-Alnion glutinosae";"5"
"31005";"28";"Phalaridion arundinaceae";"";"Phalaridion arundinaceae";"5"
"31008";"28";"Phragmitetalia";"";"Phragmitetalia";"3"
"31010";"28";"Phragmition communis";"";"Phragmition communis";"5"
"30889";"28";"Piceetalia excelsae";"";"Piceetalia excelsae";"3"
"30890";"28";"Pinenion mugo";"";"Pinenion mugo";"6"
"30891";"28";"Pinetalia sylvestris";"";"Pinetalia sylvestris";"3"
"26595";"28";"Pinguiculion longifoliae";"";"Pinguiculion longifoliae";"5"
"31279";"28";"Pinguiculo grandiflorae-Caricetum flaccae";"";"Pinguiculo grandiflorae-Caricetum flaccae";"8"
"30893";"28";"Pinion mugo";"";"Pinion mugo";"5"
"30896";"28";"Plantaginetalia majoris";"";"Plantaginetalia majoris";"3"
"30902";"28";"Poion alpinae";"";"Poion alpinae";"5"
"30903";"28";"Poion supinae";"";"Poion supinae";"5"
"16790";"28";"Polycarpion tetraphylli";"";"Polycarpion tetraphylli";"5"
"24037";"28";"Polygalo vulgaris-Nardetum strictae";"";"Polygalo vulgaris-Nardetum strictae";"8"
"16689";"28";"Polygono arenastri-Coronopodion squamati";"";"Polygono arenastri-Coronopodion squamati";"5"
"3559";"28";"Polygono arenastri-Poetalia annuae";"";"Polygono arenastri-Poetalia annuae";"3"
"31769";"28";"Polygono bistortae-Quercenion roboris";"";"Polygono bistortae-Quercenion roboris";"6"
"16794";"28";"Polypogonion subspathacei";"";"Polypogonion subspathacei";"5"
"31660";"28";"Polysticho setiferi-Fraxinion excelsioris";"";"Polysticho setiferi-Fraxinion excelsioris";"5"
"26596";"28";"Polysticho setiferi-Phyllitidion scolopendrii";"";"Polysticho setiferi-Phyllitidion scolopendrii";"5"
"20770";"28";"Polytricho communis-Eriophorenion vaginati";"";"Polytricho communis-Eriophorenion vaginati";"6"
"30906";"28";"Poo angustifoliae-Arrhenatherenion elatioris";"";"Poo angustifoliae-Arrhenatherenion elatioris";"6"
"30910";"28";"Poo perconcinnae-Sedion montani";"";"Poo perconcinnae-Sedion montani";"5"
"31740";"28";"Populenalia albae";"";"Populenalia albae";"4"
"31739";"28";"Populetalia albae";"";"Populetalia albae";"3"
"31741";"28";"Populion albae";"";"Populion albae";"5"
"31485";"28";"Populo albae-Salicetalia albae";"";"Populo albae-Salicetalia albae";"3"
"28719";"28";"Potametalia";"";"Potametalia";"3"
"28720";"28";"Potamion pectinati";"";"Potamion pectinati";"5"
"28688";"28";"Potamion polygonifolii";"";"Potamion polygonifolii";"5"
"16749";"28";"Potentillion anserinae";"";"Potentillion anserinae";"5"
"31248";"28";"Potentillo-Brachypodion pinnati";"";"Potentillo-Brachypodion pinnati";"5"
"3574";"28";"Potentillo anserinae-Polygonetalia avicularis";"";"Potentillo anserinae-Polygonetalia avicularis";"3"
"31173";"28";"Prairie à Chamaemelum nobile";"";"Prairie à Chamaemelum nobile";"8"
"31174";"28";"Pré pâturé mésophile d'Aubrac";"";"Pré pâturé mésophile d'Aubrac";"8"
"16735";"28";"Preslion cervinae";"";"Preslion cervinae";"5"
"30918";"28";"Prunetalia spinosae";"";"Prunetalia spinosae";"3"
"16757";"28";"Pruno petraeae-Sorbion aucupariae";"";"Pruno petraeae-Sorbion aucupariae";"5"
"30944";"28";"Pruno spinosae-Rubion radulae";"";"Pruno spinosae-Rubion radulae";"5"
"30945";"28";"Pruno spinosae-Rubion ulmifolii";"";"Pruno spinosae-Rubion ulmifolii";"5"
"31755";"28";"Pulmonario affinis-Quercenion roboris";"";"Pulmonario affinis-Quercenion roboris";"6"
"31759";"28";"Pulmonario longifoliae-Quercenion roboris";"";"Pulmonario longifoliae-Quercenion roboris";"6"
"30952";"28";"Pyro spinosae-Rubetalia ulmifolii";"";"Pyro spinosae-Rubetalia ulmifolii";"3"
"31603";"28";"Quercenion robori-petraeae";"";"Quercenion robori-petraeae";"6"
"31548";"28";"Quercenion robori-pyrenaicae";"";"Quercenion robori-pyrenaicae";"6"
"31504";"28";"Quercetalia pubescenti-petraeae";"";"Quercetalia pubescenti-petraeae";"3"
"31601";"28";"Quercetalia roboris";"";"Quercetalia roboris";"3"
"31520";"28";"Quercion petraeae";"";"Quercion petraeae";"5"
"31505";"28";"Quercion pubescenti-petraeae";"";"Quercion pubescenti-petraeae";"5"
"31547";"28";"Quercion pyrenaicae";"";"Quercion pyrenaicae";"5"
"31602";"28";"Quercion roboris";"";"Quercion roboris";"5"
"31471";"28";"Querco petraeae-Carpinetalia betuli";"";"Querco petraeae-Carpinetalia betuli";"3"
"20772";"28";"Radiolenion linoidis";"";"Radiolenion linoidis";"6"
"16692";"28";"Radiolion linoidis";"";"Radiolion linoidis";"5"
"28710";"28";"Ranunculion aquatilis";"";"Ranunculion aquatilis";"5"
"24137";"28";"Ranunculo ophioglossifolii-Caricetum cuprinae";"";"Ranunculo ophioglossifolii-Caricetum cuprinae";"8"
"16736";"28";"Ranunculo ophioglossifolii-Oenanthion fistulosae";"";"Ranunculo ophioglossifolii-Oenanthion fistulosae";"5"
"16748";"28";"Ranunculo repentis-Cynosurion cristati";"";"Ranunculo repentis-Cynosurion cristati";"5"
"30964";"28";"Rhinantho pumili-Arrrhenatherenion elatioris";"";"Rhinantho pumili-Arrrhenatherenion elatioris";"6"
"30965";"28";"Rhinantho pumili-Trisetenion flavescentis";"";"Rhinantho pumili-Trisetenion flavescentis";"6"
"30921";"28";"Rhododendro ferruginei-Pinenion uncinatae";"";"Rhododendro ferruginei-Pinenion uncinatae";"6"
"26388";"28";"Rubetalia plicati";"";"Rubetalia plicati ";"3"
"31025";"28";"Rubion grabowskii-vestiti";"";"Rubion grabowskii-vestiti";"5"
"31486";"28";"Rubo caesii-Populion nigrae";"";"Rubo caesii-Populion nigrae";"5"
"31044";"28";"Rubo idaei-Viburnion opuli";"";"Rubo idaei-Viburnion opuli";"5"
"16729";"28";"Rubo ulmifolii-Nerion oleandri";"";"Rubo ulmifolii-Nerion oleandri";"5"
"31495";"28";"Rubo ulmifolii-Populion albae";"";"Rubo ulmifolii-Populion albae";"5"
"31050";"28";"Rubo ulmifolii-Viburnion lantanae";"";"Rubo ulmifolii-Viburnion lantanae";"5"
"24180";"28";"Rumici crispi-Festucetum arundinaceae";"";"Rumici crispi-Festucetum arundinaceae";"8"
"31052";"28";"Rumici obtusifolii-Arrhenatherenion elatioris";"";"Rumici obtusifolii-Arrhenatherenion elatioris";"6"
"31053";"28";"Rumici thyrsiflori-Arrhenatherenion elatioris";"";"Rumici thyrsiflori-Arrhenatherenion elatioris";"6"
"31590";"28";"Rusco aculeati-Carpinenion betuli";"";"Rusco aculeati-Carpinenion betuli";"6"
"3587";"28";"Saginetalia maritimae";"";"Saginetalia maritimae";"3"
"3568";"28";"Saginetalia piliferae";"";"Saginetalia piliferae";"3"
"16791";"28";"Saginion maritimae";"";"Saginion maritimae";"5"
"16688";"28";"Saginion procumbentis";"";"Saginion procumbentis";"5"
"3560";"28";"Sagino apetalae-Polycarpetalia tetraphylli";"";"Sagino apetalae-Polycarpetalia tetraphylli";"3"
"24445";"28";"Sagino maritimae-Limonietum echioidis";"";"Sagino maritimae-Limonietum echioidis";"8"
"26387";"28";"Salicetalia auritae";"";"Salicetalia auritae ";"3"
"26386";"28";"Salicetalia herbaceae";"";"Salicetalia herbaceae";"3"
"31378";"28";"Salicetalia purpureae";"";"Salicetalia purpureae";"3"
"24123";"28";"Salicetum pentandrae";"";"Salicetum pentandrae";"8"
"31058";"28";"Salici cinereae-Rhamnenion catharticae";"";"Salici cinereae-Rhamnenion catharticae";"6"
"31059";"28";"Salici cinereae-Rhamnion catharticae";"";"Salici cinereae-Rhamnion catharticae";"5"
"31480";"28";"Salicion apennino-purpureae";"";"Salicion apennino-purpureae";"5"
"31063";"28";"Salicion arenariae";"";"Salicion arenariae";"5"
"26396";"28";"Salicion cinereae";"";"Salicion cinereae ";"5"
"31464";"28";"Salicion elaeagno-daphnoidis";"";"Salicion elaeagno-daphnoidis";"5"
"26394";"28";"Salicion herbaceae";"";"Salicion herbaceae";"5"
"16759";"28";"Salicion pentandrae";"";"Salicion pentandrae";"5"
"31457";"28";"Salicion triandrae";"";"Salicion triandrae";"5"
"16758";"28";"Salicion waldsteinianae";"";"Salicion waldsteinianae";"5"
"16807";"28";"Salsolion ruthenicae";"";"Salsolion ruthenicae";"5"
"26583";"28";"Salsolo vermiculatae-Peganetalia harmalae";"";"Salsolo vermiculatae-Peganetalia harmalae";"3"
"31065";"28";"Sambucetalia racemosae";"";"Sambucetalia racemosae";"3"
"31070";"28";"Sambuco nigrae-Salicion capreae";"";"Sambuco nigrae-Salicion capreae";"5"
"16700";"28";"Samolo valerandi-Baldellion ranunculoidis";"";"Samolo valerandi-Baldellion ranunculoidis";"5"
"8589";"28";"Sarothamnion scoparii";"";"Sarothamnion scoparii";"5"
"30444";"28";"Saxifrago rotundifoliae-Violion biflorae";"";"Saxifrago rotundifoliae-Violion biflorae";"5"
"31699";"28";"Scillo bifoliae-Quercenion roboris";"";"Scillo bifoliae-Quercenion roboris";"6"
"31568";"28";"Scillo lilio-hyacinthi-Fagenion sylvaticae";"";"Scillo lilio-hyacinthi-Fagenion sylvaticae";"6"
"31087";"28";"Scirpion maritimi";"";"Scirpion maritimi";"5"
"16744";"28";"Scirpoido holoschoeni-Juncion inflexi";"";"Scirpoido holoschoeni-Juncion inflexi";"5"
"16690";"28";"Sclerochloo durae-Coronopodion squamati";"";"Sclerochloo durae-Coronopodion squamati";"5"
"31425";"28";"Scorzonero hirsutae-Aphyllanthetum monspeliensis";"";"Scorzonero hirsutae-Aphyllanthetum monspeliensis";"8"
"31093";"28";"Sedion anglici";"";"Sedion anglici";"5"
"31094";"28";"Sedion micrantho-sediformis";"";"Sedion micrantho-sediformis";"5"
"31095";"28";"Sedion pyrenaici";"";"Sedion pyrenaici";"5"
"31097";"28";"Sedo albi-Scleranthetalia biennis";"";"Sedo albi-Scleranthetalia biennis";"3"
"31099";"28";"Sedo albi-Scleranthion biennis";"";"Sedo albi-Scleranthion biennis";"5"
"31100";"28";"Sedo albi-Veronicion dillenii";"";"Sedo albi-Veronicion dillenii";"5"
"16727";"28";"Sedo alpestris-Phleion brachystachyi";"";"Sedo alpestris-Phleion brachystachyi";"5"
"3589";"28";"Serapiadetalia cordigero-linguae";"";"Serapiadetalia cordigero-linguae";"3"
"16796";"28";"Serapiadion cordigero-neglectae";"";"Serapiadion cordigero-neglectae";"5"
"16726";"28";"Sesamoido pygmaeae-Poion violaceae";"";"Sesamoido pygmaeae-Poion violaceae";"5"
"31281";"28";"Seslerio-Mesobromenion";"";"Seslerio-Mesobromenion";"6"
"31331";"28";"Seslerio-Xerobromenion";"";"Seslerio-Xerobromenion";"6"
"31112";"28";"Seslerio caeruleae-Pinenion uncinatae";"";"Seslerio caeruleae-Pinenion uncinatae";"6"
"31113";"28";"Seslerio caeruleae-Pinion uncinatae";"";"Seslerio caeruleae-Pinion uncinatae";"5"
"16792";"28";"Sileno sedoidis-Catapodion loliacei";"";"Sileno sedoidis-Catapodion loliacei";"5"
"3592";"28";"Sisymbrietalia officinalis";"";"Sisymbrietalia officinalis";"3"
"16804";"28";"Sisymbrion officinalis";"";"Sisymbrion officinalis";"5"
"24071";"28";"Soldanello alpinae-Luzuletum spadiceae";"";"Soldanello alpinae-Luzuletum spadiceae";"8"
"31514";"28";"Sorbo ariae-Quercenion pubescentis";"";"Sorbo ariae-Quercenion pubescentis";"6"
"31118";"28";"Sorbo aucupariae-Betulion pubescentis";"";"Sorbo aucupariae-Betulion pubescentis";"5"
"16755";"28";"Sorbo mougeotii-Lonicerion alpigenae";"";"Sorbo mougeotii-Lonicerion alpigenae";"5"
"31555";"28";"Sorbo torminalis-Quercenion petraea";"";"Sorbo torminalis-Quercenion petraea";"6"
"20769";"28";"Sphagnenion magellanici";"";"Sphagnenion magellanici";"6"
"3558";"28";"Sphagnetalia magellanici";"";"Sphagnetalia magellanici";"3"
"16687";"28";"Sphagnion magellanici";"";"Sphagnion magellanici";"5"
"31123";"28";"Sphagno-Betuletalia pubescentis";"";"Sphagno-Betuletalia pubescentis";"3"
"31349";"28";"Stipo-Poenion perconcinnae";"";"Stipo-Poenion perconcinnae";"6"
"31348";"28";"Stipo-Poion concinnae";"";"Stipo-Poion concinnae";"5"
"28729";"28";"Stuckenienion pectinatae";"";"Stuckenienion pectinatae";"6"
"16798";"28";"Taeniathero capitis-medusae-Aegilopion geniculatae";"";"Taeniathero capitis-medusae-Aegilopion geniculatae";"5"
"3569";"28";"Tamaricetalia africanae";"";"Tamaricetalia africanae";"3"
"31482";"28";"Tamarici parviflorae-Salicion purpureae";"";"Tamarici parviflorae-Salicion purpureae";"5"
"16728";"28";"Tamaricion africanae";"";"Tamaricion africanae";"5"
"31253";"28";"Tetragonolobo maritimi-Bromenion erecti";"";"Tetragonolobo maritimi-Bromenion erecti";"6"
"31292";"28";"Teucrio montani-Bromenion erecti";"";"Teucrio montani-Bromenion erecti";"6"
"31422";"28";"Teucrio polii-Caricetum flaccae";"";"Teucrio polii-Caricetum flaccae";"8"
"31426";"28";"Teucrio pyrenaici-Bromion erecti";"";"Teucrio pyrenaici-Bromion erecti";"5"
"31209";"28";"Teucrio scorodoniae-Trifolienion medii";"";"Teucrio scorodoniae-Trifolienion medii";"6"
"16773";"28";"Teucrion mari";"";"Teucrion mari";"5"
"16775";"28";"Thalictro flavi-Filipendulion ulmariae";"";"Thalictro flavi-Filipendulion ulmariae";"5"
"31424";"28";"Thesio divaricati-Anthyllidetum montanae";"";"Thesio divaricati-Anthyllidetum montanae";"8"
"31252";"28";"Thesio humifusi-Koelerion pyramidatae";"";"Thesio humifusi-Koelerion pyramidatae";"5"
"31315";"28";"Thymo britannici-Festucetum hirtulae";"";"Thymo britannici-Festucetum hirtulae";"8"
"31805";"28";"Tilienalia platyphylli";"";"Tilienalia platyphylli";"4"
"31785";"28";"Tilio platyphylli-Acerion pseudoplatani";"";"Tilio platyphylli-Acerion pseudoplatani";"5"
"16752";"28";"Trifolio fragiferi-Cynodontion dactyli";"";"Trifolio fragiferi-Cynodontion dactyli";"5"
"24152";"28";"Trifolio maritimi-Caricetum divisae";"";"Trifolio maritimi-Caricetum divisae";"8"
"31216";"28";"Trifolio medii-Geranienion sanguinei";"";"Trifolio medii-Geranienion sanguinei";"6"
"31221";"28";"Trifolio montani-Arrrhenatherenion elatioris";"";"Trifolio montani-Arrrhenatherenion elatioris";"6"
"31223";"28";"Trifolio repentis-Phleetalia pratensis";"";"Trifolio repentis-Phleetalia pratensis";"3"
"31247";"28";"Trifolio subterranei-Seselietum montani";"";"Trifolio subterranei-Seselietum montani";"8"
"31226";"28";"Trifolion medii";"";"Trifolion medii";"5"
"31228";"28";"Triseto flavescentis-Polygonion bistortae";"";"Triseto flavescentis-Polygonion bistortae";"5"
"8587";"28";"Ulici europaei-Cytision striati";"";"Ulici europaei-Cytision striati";"5"
"31708";"28";"Ulmion minoris";"";"Ulmion minoris";"5"
"31697";"28";"Ulmo minoris-Fraxinetalia excelsioris";"";"Ulmo minoris-Fraxinetalia excelsioris";"3"
"26380";"28";"Unités à classer";"";"Unités à classer";"1"
"20775";"28";"Utricularienion vulgaris";"";"Utricularienion vulgaris";"6"
"31239";"28";"Vaccinio-Piceenion";"";"Vaccinio-Piceenion";"6"
"31240";"28";"Vaccinio-Piceion";"";"Vaccinio-Piceion";"5"
"31244";"28";"Vaccinio uliginosi-Betulenion pubescentis";"";"Vaccinio uliginosi-Betulenion pubescentis";"6"
"24124";"28";"Vaccinio uliginosi-Juncetum squarrosi";"";"Vaccinio uliginosi-Juncetum squarrosi";"8"
"31245";"28";"Vaccinio vitis-idaeae-Abietenion";"";"Vaccinio vitis-idaeae-Abietenion";"6"
"16760";"28";"Valantio muralis-Galion muralis";"";"Valantio muralis-Galion muralis";"5"
"16714";"28";"Violion caninae";"";"Violion caninae";"5"
"31146";"28";"Wahlenbergio hederaceae-Sibthorpion europaeae";"";"Wahlenbergio hederaceae-Sibthorpion europaeae";"5"
"31321";"28";"Xerobromenion";"";"Xerobromenion";"6"
"31320";"28";"Xerobromion";"";"Xerobromion";"5"
